{
"type": "FeatureCollection",
"name": "State_Legislative_Districts",
"crs": { "type": "name", "properties": { "name": "urn:ogc:def:crs:OGC:1.3:CRS84" } },
"features": [
{ "type": "Feature", "properties": { "OBJECTID_1": 1, "OBJECTID": 21, "District_N": "21", "District_1": 21, "Compactnes": 56.06030555, "Population": 0, "Voting_Age": 0, "GlobalID": "{EACF52F9-9303-4329-B8FC-8E771B0CFE5A}", "ShapeSTArea": 6400736247.147872, "ShapeSTLength": 376756.22217550233 }, "geometry": { "type": "Polygon", "coordinates": [ [ [ -96.910690000137663, 40.813905172219194 ], [ -96.910690000471291, 40.813922999180242 ], [ -96.908554999893283, 40.81390999877113 ], [ -96.907021999471468, 40.813907999144938 ], [ -96.904521000413837, 40.813848999479482 ], [ -96.902532000571327, 40.813853998848465 ], [ -96.902226000216061, 40.813854999470237 ], [ -96.901654000116935, 40.813856998971211 ], [ -96.899326999747828, 40.813862998733555 ], [ -96.898039000300898, 40.813865999209952 ], [ -96.89677600026431, 40.813869999007991 ], [ -96.892095000072743, 40.813881998885499 ], [ -96.89001800040171, 40.813886999344881 ], [ -96.87294299946717, 40.813928999325981 ], [ -96.867603999823984, 40.813912999406803 ], [ -96.86271200043663, 40.81389799909774 ], [ -96.860357000166346, 40.813890999355593 ], [ -96.859588999931731, 40.813888999335916 ], [ -96.858657999530536, 40.813885999025082 ], [ -96.857784000143468, 40.813883998702302 ], [ -96.854615999806896, 40.813873999463922 ], [ -96.853787000392202, 40.813871999340869 ], [ -96.848690000412276, 40.813878999157915 ], [ -96.848498999573224, 40.813878999284015 ], [ -96.848344999783052, 40.813879999414432 ], [ -96.846878999981158, 40.813881998795793 ], [ -96.845892999968612, 40.813882998860286 ], [ -96.845302999682815, 40.813883998954182 ], [ -96.844345999539229, 40.813884999398105 ], [ -96.843149000036661, 40.813884999212419 ], [ -96.840109000115717, 40.813885999315815 ], [ -96.836143000176691, 40.813887998978601 ], [ -96.834909999816645, 40.813887999137862 ], [ -96.83346899941067, 40.813882998866667 ], [ -96.833139999865693, 40.813881999339166 ], [ -96.83118300049388, 40.813875999207795 ], [ -96.828024999667548, 40.813865999413053 ], [ -96.827625000290737, 40.813864999133777 ], [ -96.825341999814796, 40.813857998978989 ], [ -96.820388000338241, 40.813794998734352 ], [ -96.816527000029708, 40.813745999437785 ], [ -96.816240000331632, 40.813741999217235 ], [ -96.815536999802944, 40.81373499916058 ], [ -96.813730999929533, 40.813716998702148 ], [ -96.811734999743408, 40.813698999111601 ], [ -96.809096999551983, 40.813673999114307 ], [ -96.808381999465055, 40.813666998664935 ], [ -96.806351999740556, 40.813648999031088 ], [ -96.800040999610204, 40.813706999485589 ], [ -96.799554000151829, 40.813711999457126 ], [ -96.79941999966799, 40.813712998699586 ], [ -96.798789999449895, 40.813718998707223 ], [ -96.796782999502383, 40.81373699925917 ], [ -96.796380000290412, 40.813740998999776 ], [ -96.796371999574703, 40.812419999239459 ], [ -96.796369999900989, 40.812077999137664 ], [ -96.79633700028262, 40.810292999429031 ], [ -96.796298999471674, 40.80824199912842 ], [ -96.796288999746992, 40.807885998970413 ], [ -96.796304999937831, 40.80476499916999 ], [ -96.796332999881727, 40.799192999157242 ], [ -96.796364999508313, 40.795054999481081 ], [ -96.796256999668813, 40.795052999160561 ], [ -96.796422000480177, 40.790495999086893 ], [ -96.796549999427029, 40.784666998881086 ], [ -96.787514999827835, 40.784652999509035 ], [ -96.782294999603408, 40.784644999333764 ], [ -96.778027000334646, 40.784638998894685 ], [ -96.768803000321157, 40.784626998920288 ], [ -96.768756000532932, 40.791906998988971 ], [ -96.769115999933035, 40.791921999330683 ], [ -96.769093000006748, 40.791966999109206 ], [ -96.769052000422036, 40.792075999072516 ], [ -96.7690309998722, 40.792184999394053 ], [ -96.769028999607144, 40.792330999244456 ], [ -96.769036999974702, 40.79415699951047 ], [ -96.769041000074537, 40.795177999413468 ], [ -96.769044000540632, 40.795777998902238 ], [ -96.769051999891886, 40.795869999085241 ], [ -96.769081000581309, 40.79595599925522 ], [ -96.769123999946402, 40.796027999349633 ], [ -96.769154000396767, 40.796063998819008 ], [ -96.769218999936484, 40.796124998869118 ], [ -96.769293000570713, 40.796174998997728 ], [ -96.769710000585221, 40.796367998948 ], [ -96.769669999597411, 40.796423998980877 ], [ -96.769629000292625, 40.796494999337085 ], [ -96.769593000338645, 40.796578999488027 ], [ -96.769574000152758, 40.796647998791968 ], [ -96.769562999834619, 40.796708999181241 ], [ -96.769557999964476, 40.796777999396213 ], [ -96.769561999726804, 40.796861999187705 ], [ -96.769582999669439, 40.796967999272702 ], [ -96.769856999410322, 40.797712999173207 ], [ -96.769893000501639, 40.797840999050983 ], [ -96.769902000195344, 40.797906998956577 ], [ -96.769917000478102, 40.798659998780792 ], [ -96.769926000085718, 40.799235999448221 ], [ -96.768625999842513, 40.799247998984775 ], [ -96.767091000519329, 40.799243999184426 ], [ -96.764539000161562, 40.799234999145476 ], [ -96.764540000514444, 40.799322999043746 ], [ -96.763686000286341, 40.799321998775802 ], [ -96.763688999922124, 40.799356998935892 ], [ -96.763730000402035, 40.802747999217715 ], [ -96.763730000124269, 40.802849998946883 ], [ -96.763425999817514, 40.80284699863801 ], [ -96.762126000046138, 40.802844998667013 ], [ -96.761490999759559, 40.802841999062714 ], [ -96.760255999735008, 40.802837998879347 ], [ -96.758939708637214, 40.802828792152397 ], [ -96.758941308130389, 40.803543631152138 ], [ -96.758943798655309, 40.804657054168509 ], [ -96.758944135773248, 40.804755601352433 ], [ -96.759116649079559, 40.804735399108807 ], [ -96.759457517186092, 40.804765757882954 ], [ -96.759974130612008, 40.80480367173098 ], [ -96.760776191922545, 40.804855456060807 ], [ -96.761507409122487, 40.804904499360362 ], [ -96.762277032096023, 40.804974499995481 ], [ -96.763130582692227, 40.805089536096972 ], [ -96.763363550792633, 40.805078188151263 ], [ -96.763722320212082, 40.805108856703946 ], [ -96.764352023475325, 40.805109455943835 ], [ -96.764748957044262, 40.805206103169112 ], [ -96.764997203155289, 40.805238414242588 ], [ -96.765527806104075, 40.805262655754426 ], [ -96.766060332700462, 40.805264612919792 ], [ -96.766466305071233, 40.805334767842993 ], [ -96.767044871411713, 40.805332710103144 ], [ -96.767346790916378, 40.805375906262135 ], [ -96.767745464138528, 40.805391349774453 ], [ -96.768212215847058, 40.805390125127126 ], [ -96.768842892351088, 40.805506054258544 ], [ -96.769275124364114, 40.805516813684548 ], [ -96.769594750209876, 40.805475631528488 ], [ -96.770188498463739, 40.805625030013658 ], [ -96.770650622589912, 40.805559387283708 ], [ -96.770954519646295, 40.805586346570628 ], [ -96.7712842078205, 40.805659799828582 ], [ -96.771826073698563, 40.805667671083292 ], [ -96.773026641758221, 40.805738832393509 ], [ -96.773637781899382, 40.805806017626161 ], [ -96.774648862706854, 40.805809014520541 ], [ -96.77516682017712, 40.805761818630529 ], [ -96.775510234055787, 40.805624898364663 ], [ -96.775714514273716, 40.805470808726909 ], [ -96.775990783833777, 40.805366418857773 ], [ -96.776361685423439, 40.805337855329398 ], [ -96.776629897496818, 40.805449031162766 ], [ -96.776669952793299, 40.805607923496851 ], [ -96.776816183685042, 40.80573168887846 ], [ -96.77698689311022, 40.805802230634164 ], [ -96.777255849616225, 40.805732624855118 ], [ -96.777463389182387, 40.805696487859983 ], [ -96.777806209018564, 40.805702927323409 ], [ -96.778070687668986, 40.805748526920134 ], [ -96.77870100033121, 40.806431999499537 ], [ -96.778701000081185, 40.807779999070455 ], [ -96.778700999957834, 40.807866999102821 ], [ -96.778701000428114, 40.808179998948816 ], [ -96.77870199947499, 40.809926999390186 ], [ -96.778723999677055, 40.809926999212806 ], [ -96.778997000494584, 40.809919998618007 ], [ -96.782665000230381, 40.809948998853663 ], [ -96.782667000105207, 40.810006999313664 ], [ -96.782748000136436, 40.811888999163969 ], [ -96.78274199959975, 40.813541998765253 ], [ -96.782740999947947, 40.813699999492613 ], [ -96.780383999970255, 40.813696998639792 ], [ -96.777952000588542, 40.81369499948476 ], [ -96.77794500051742, 40.814743998927149 ], [ -96.777739999681529, 40.815849999027549 ], [ -96.777676000554976, 40.816201998634362 ], [ -96.776538999851169, 40.816113998864282 ], [ -96.772498000078741, 40.815756999348046 ], [ -96.770972000429708, 40.815624998980098 ], [ -96.769516999841244, 40.815512999197523 ], [ -96.76870100021732, 40.815456999388566 ], [ -96.768015999841964, 40.815422999072418 ], [ -96.767329999924485, 40.815401998676073 ], [ -96.766661999963887, 40.815394999138512 ], [ -96.765957999565003, 40.815400999034374 ], [ -96.765237999656918, 40.815421998618362 ], [ -96.764478999696166, 40.815459999205679 ], [ -96.7640240003944, 40.815492999279215 ], [ -96.763344000081901, 40.815565999113382 ], [ -96.762684999411022, 40.815648998788589 ], [ -96.762010999519092, 40.815747998886046 ], [ -96.761245000465365, 40.815877998969803 ], [ -96.761259999886803, 40.816421999356734 ], [ -96.761243000446868, 40.819940999063256 ], [ -96.761286999624247, 40.821044999094077 ], [ -96.758881999455539, 40.821047998861808 ], [ -96.758833999613117, 40.82117399929929 ], [ -96.75492600042331, 40.821018998917019 ], [ -96.756473999792306, 40.82317299895211 ], [ -96.756421999934361, 40.828426999380049 ], [ -96.75433400038709, 40.828521998729514 ], [ -96.754295999908507, 40.830360999391658 ], [ -96.748402999653052, 40.830457998878813 ], [ -96.747094000121493, 40.832311999331075 ], [ -96.746956000115048, 40.832507999437517 ], [ -96.746667999713594, 40.832411998867897 ], [ -96.746620000159922, 40.832391999245665 ], [ -96.746541000184664, 40.832335999499641 ], [ -96.746393000504924, 40.832207999360101 ], [ -96.746001000132409, 40.831922999444217 ], [ -96.745844999535919, 40.831819998843926 ], [ -96.745664999589167, 40.831700999281026 ], [ -96.745819999482251, 40.831477998768108 ], [ -96.745779000358468, 40.831452998741632 ], [ -96.745413999641343, 40.831206999380029 ], [ -96.745287000078989, 40.831127999246519 ], [ -96.7451580004671, 40.831053999209367 ], [ -96.745111000188771, 40.831034998849475 ], [ -96.745004999464101, 40.831013998916227 ], [ -96.744767999956068, 40.830911999368396 ], [ -96.744669000400577, 40.83088199937977 ], [ -96.744453999869179, 40.830855999101374 ], [ -96.744401999606595, 40.830843999122301 ], [ -96.744256999822582, 40.830787999396691 ], [ -96.744155999605979, 40.830757999041289 ], [ -96.743476999434762, 40.830613999150096 ], [ -96.743119999816855, 40.830515998623511 ], [ -96.742770000220887, 40.830404999408046 ], [ -96.742666999551716, 40.830379998844037 ], [ -96.742454000322539, 40.830346999263398 ], [ -96.742346999748378, 40.83033899882318 ], [ -96.741913000150745, 40.830332999101522 ], [ -96.741648000547301, 40.830288999097625 ], [ -96.741539999632977, 40.830280999273953 ], [ -96.741227000535744, 40.830213998970784 ], [ -96.740959999670167, 40.830181999384891 ], [ -96.740642999901851, 40.830125999117342 ], [ -96.740320000120249, 40.830098999397869 ], [ -96.739778999460981, 40.830068999197628 ], [ -96.739398999805672, 40.83006799926131 ], [ -96.739237000267067, 40.830060999178571 ], [ -96.738915000025784, 40.830029998924608 ], [ -96.738590999937685, 40.83000799945588 ], [ -96.737995999774668, 40.829974998957631 ], [ -96.737621999660647, 40.829926999256735 ], [ -96.737355999833071, 40.829886999484145 ], [ -96.737095999691533, 40.82982899943319 ], [ -96.736936999997241, 40.829803998631064 ], [ -96.735918999671654, 40.829683998669744 ], [ -96.735812000572665, 40.829691999307286 ], [ -96.735704000186644, 40.829693998819579 ], [ -96.735488000361315, 40.829710999008626 ], [ -96.735216999947028, 40.829715999501225 ], [ -96.735055000517647, 40.829708998948284 ], [ -96.734627000120724, 40.829654999276563 ], [ -96.734307999460114, 40.829604999151179 ], [ -96.733951999609843, 40.829505999159167 ], [ -96.733796000107802, 40.829470998837444 ], [ -96.733528999501985, 40.829434999398039 ], [ -96.733207999527181, 40.829396998996337 ], [ -96.732990999739442, 40.829387999168304 ], [ -96.732614000585954, 40.829359999399927 ], [ -96.732451000520896, 40.829359999207291 ], [ -96.731750000118851, 40.829410999477886 ], [ -96.73137100050279, 40.829426999160866 ], [ -96.731264999754416, 40.829440999348122 ], [ -96.730952999533443, 40.829512998890202 ], [ -96.730900000135904, 40.829517998923883 ], [ -96.730683000386847, 40.829523998804696 ], [ -96.73057600055202, 40.829536999238265 ], [ -96.730382000538015, 40.829577999222913 ], [ -96.73065600036594, 40.82976999936993 ], [ -96.730566999695043, 40.829774999031542 ], [ -96.730535000375482, 40.829779999261433 ], [ -96.730404000251852, 40.829689998814231 ], [ -96.730271999411343, 40.829600998973085 ], [ -96.730262000217394, 40.829602998909358 ], [ -96.730008000503616, 40.829673999483468 ], [ -96.729816999625328, 40.829751999250476 ], [ -96.729570000034741, 40.829837999472979 ], [ -96.729467000060154, 40.829859999146969 ], [ -96.729304000224985, 40.829869999308507 ], [ -96.729141999434688, 40.829869999486348 ], [ -96.728870999854166, 40.829854998883185 ], [ -96.728600999551702, 40.829864998937893 ], [ -96.728440000127975, 40.82988199900511 ], [ -96.728178000132019, 40.829934999431913 ], [ -96.728071000331965, 40.829947999342302 ], [ -96.727559999764949, 40.830085998747784 ], [ -96.726886000072312, 40.830240998962687 ], [ -96.726272000580877, 40.830403999206148 ], [ -96.725853000577146, 40.830489998784373 ], [ -96.725478999893298, 40.830535999073 ], [ -96.725110999780796, 40.830607999154651 ], [ -96.724800999643818, 40.830682998781661 ], [ -96.724445999492218, 40.830783999402193 ], [ -96.724220000311675, 40.830860998732483 ], [ -96.724099000472535, 40.830902998943721 ], [ -96.72394700031856, 40.830944998771145 ], [ -96.723633000156084, 40.831004998757123 ], [ -96.722355000309321, 40.831197999083273 ], [ -96.721985000517563, 40.831260998879195 ], [ -96.721726000552408, 40.831319998704636 ], [ -96.721009000522145, 40.831509998840836 ], [ -96.720402999531188, 40.831655999426729 ], [ -96.719863000328985, 40.831781998768761 ], [ -96.719463000059889, 40.831870998963907 ], [ -96.718638000412739, 40.832015998866687 ], [ -96.718332000522878, 40.832077999281005 ], [ -96.71773599974064, 40.832241999236878 ], [ -96.716928000077601, 40.832416998717228 ], [ -96.716180999724656, 40.832616999122997 ], [ -96.715906000215227, 40.832683999188411 ], [ -96.715199999464716, 40.832828998825413 ], [ -96.714893000007436, 40.832895999496273 ], [ -96.714215999898229, 40.833056998891216 ], [ -96.713685000413861, 40.833197999200898 ], [ -96.71348900031299, 40.833237998723874 ], [ -96.712771000589086, 40.833360999172051 ], [ -96.712141999793346, 40.83349999904064 ], [ -96.712142999885131, 40.833478998758913 ], [ -96.71214400042355, 40.833396999036324 ], [ -96.712159000057099, 40.829793999185043 ], [ -96.712165000054938, 40.829025999093219 ], [ -96.712164999702182, 40.828700999246884 ], [ -96.71193099966527, 40.828905999134975 ], [ -96.711689000479481, 40.829118998799053 ], [ -96.711538999864004, 40.829237999316099 ], [ -96.711260999716927, 40.829433998761168 ], [ -96.711174999808961, 40.829483999513101 ], [ -96.711138000505116, 40.829513998813908 ], [ -96.71107899967096, 40.829582998798493 ], [ -96.710905000151485, 40.829740998670083 ], [ -96.71080599969882, 40.829838998828571 ], [ -96.71072600022076, 40.829893999108528 ], [ -96.710420999892634, 40.830065998753668 ], [ -96.71026300049617, 40.830178999504369 ], [ -96.71012500040969, 40.830305998970282 ], [ -96.709975000251205, 40.830424999230523 ], [ -96.709520000171835, 40.83071699872805 ], [ -96.709363999418613, 40.830831998642815 ], [ -96.708764000462793, 40.831184998782085 ], [ -96.708494999887108, 40.831323999180739 ], [ -96.708219000223778, 40.831454998855328 ], [ -96.708169999833899, 40.831471998726748 ], [ -96.708066000375737, 40.831493999273086 ], [ -96.70781399992137, 40.831594999227164 ], [ -96.707730000432619, 40.831700999063344 ], [ -96.707612000579886, 40.831785999122985 ], [ -96.70750000047174, 40.831875999097569 ], [ -96.707458000168558, 40.831901999191381 ], [ -96.707286999885397, 40.831970998881317 ], [ -96.707266000290005, 40.83197999868316 ], [ -96.707217000167873, 40.831995998659067 ], [ -96.707163999666705, 40.832001998982136 ], [ -96.707096000373184, 40.831999998640065 ], [ -96.706906000575032, 40.832147999262389 ], [ -96.706824000529409, 40.832200999063915 ], [ -96.706731999962074, 40.832242998841778 ], [ -96.706390999794479, 40.832371999345575 ], [ -96.706009999894619, 40.83252899886962 ], [ -96.705922999508317, 40.832577999048091 ], [ -96.705686000198327, 40.8326789992147 ], [ -96.705637000367332, 40.832694999418017 ], [ -96.705531999701805, 40.832715999239525 ], [ -96.705266999854345, 40.832733999266296 ], [ -96.704657000298212, 40.833001999445344 ], [ -96.70447299958029, 40.833088999329441 ], [ -96.704324999581189, 40.833139998736989 ], [ -96.704120999461637, 40.833196999098156 ], [ -96.704091999977081, 40.833223999240346 ], [ -96.703984000237469, 40.833325998995861 ], [ -96.703944999853732, 40.833353999069388 ], [ -96.703901999732309, 40.833377999021863 ], [ -96.703801000456338, 40.833411999076667 ], [ -96.703697999941454, 40.833435999022093 ], [ -96.703591999772883, 40.833453998744012 ], [ -96.703485999547141, 40.833471999268895 ], [ -96.703173999481749, 40.833540999010332 ], [ -96.702973000009351, 40.833602998891237 ], [ -96.702729999915931, 40.833693998854528 ], [ -96.702622000044173, 40.83373799905727 ], [ -96.702392999716622, 40.833832998997906 ], [ -96.7023440004007, 40.833847999211009 ], [ -96.702294999565027, 40.833855999379509 ], [ -96.70224300024006, 40.83384599919129 ], [ -96.70216900031194, 40.833820999434991 ], [ -96.702094000002006, 40.833880998628615 ], [ -96.701801999543363, 40.833987998908988 ], [ -96.701501000115911, 40.834083998817178 ], [ -96.701312999540477, 40.834129998861556 ], [ -96.701314999542859, 40.834617999483861 ], [ -96.701319000338501, 40.835656998999085 ], [ -96.701316999576534, 40.835813999071213 ], [ -96.701313000118745, 40.836078999053917 ], [ -96.701306000439502, 40.836536998784126 ], [ -96.701303999820098, 40.836694999220789 ], [ -96.70129300043061, 40.83744199914608 ], [ -96.701289000154262, 40.837679999364688 ], [ -96.701286999607717, 40.837796999143237 ], [ -96.701267999884038, 40.839101998692804 ], [ -96.701266999758985, 40.839253999314813 ], [ -96.701251999711729, 40.840158999473616 ], [ -96.701249999634072, 40.840296999249325 ], [ -96.701247999734505, 40.840417998725712 ], [ -96.701238999657605, 40.841064998747157 ], [ -96.70122499973219, 40.841970998891057 ], [ -96.70121199955797, 40.842891999190137 ], [ -96.70119899962063, 40.843803999453662 ], [ -96.701184999769779, 40.844709999161203 ], [ -96.701172000105046, 40.84561499912374 ], [ -96.701146000511528, 40.847428999264551 ], [ -96.701132999991344, 40.848334999181674 ], [ -96.701121999781989, 40.849060999363395 ], [ -96.701112000551149, 40.849788999211782 ], [ -96.701105999798529, 40.85017299884008 ], [ -96.701103999511673, 40.85058499890475 ], [ -96.701098000580743, 40.852012999231647 ], [ -96.701093999644286, 40.852920999076723 ], [ -96.701085000267085, 40.854761999086755 ], [ -96.701080999510069, 40.855714998737426 ], [ -96.701074000210127, 40.857398999278054 ], [ -96.70107299957165, 40.857448998842415 ], [ -96.70107299945758, 40.857508999444178 ], [ -96.701073999623986, 40.861072998834636 ], [ -96.699709999461604, 40.86104499887351 ], [ -96.69868500034228, 40.861024999241955 ], [ -96.696373000273553, 40.860976998671845 ], [ -96.696275999903065, 40.860965998693203 ], [ -96.696141999807125, 40.860936998811844 ], [ -96.696042999410935, 40.860901999451414 ], [ -96.695959000577389, 40.86086399872552 ], [ -96.695846999899445, 40.860792998845682 ], [ -96.694817000313947, 40.860055999098748 ], [ -96.694498000167314, 40.860313998662349 ], [ -96.694466000471621, 40.860347999118488 ], [ -96.694425000504324, 40.860409999128983 ], [ -96.694411000558347, 40.860442999089756 ], [ -96.694396000346714, 40.860520999306324 ], [ -96.694365000024149, 40.861376998871876 ], [ -96.694339999742965, 40.86200199922056 ], [ -96.694313000391006, 40.862171999406144 ], [ -96.694267000257696, 40.862337999067591 ], [ -96.694244000522346, 40.862399998922093 ], [ -96.694082000101787, 40.862767999458868 ], [ -96.69406100024392, 40.862848999265594 ], [ -96.694040999719377, 40.863227999163577 ], [ -96.691589999486567, 40.863175999284216 ], [ -96.691594000326745, 40.862980998970869 ], [ -96.691585999829442, 40.862879999123898 ], [ -96.691572000015725, 40.862794999303233 ], [ -96.691550000129254, 40.862704998701162 ], [ -96.691522000286639, 40.862617999426895 ], [ -96.691488000455877, 40.862532999291005 ], [ -96.691447999521955, 40.862450998672649 ], [ -96.691257000271449, 40.862155998793327 ], [ -96.691178000004939, 40.862005999123781 ], [ -96.691117000083722, 40.861848998930022 ], [ -96.691074000444914, 40.861685998624488 ], [ -96.691052000321307, 40.861514999180834 ], [ -96.691053000382212, 40.861309998664112 ], [ -96.691062000322404, 40.860978998996899 ], [ -96.691064000172787, 40.860459999207862 ], [ -96.688131000160169, 40.860439999204353 ], [ -96.688158999936562, 40.861638999289063 ], [ -96.688174999530119, 40.861727999276042 ], [ -96.688215999417679, 40.861829998822728 ], [ -96.688663999756699, 40.862551999329362 ], [ -96.688700000374297, 40.862634998617132 ], [ -96.688722999921026, 40.862739999219549 ], [ -96.688722000563146, 40.863378998938138 ], [ -96.688718000004954, 40.864092999494751 ], [ -96.684866999451529, 40.864016999272835 ], [ -96.684864000116718, 40.864802999374724 ], [ -96.684871000245153, 40.864928999319751 ], [ -96.684897000116479, 40.865057999134244 ], [ -96.684979999787416, 40.865314999183809 ], [ -96.684974999789461, 40.865379998788143 ], [ -96.684503999951332, 40.865500999275717 ], [ -96.683858999425226, 40.865664999137252 ], [ -96.683714000419073, 40.865686999512967 ], [ -96.683567, 40.865696998624792 ], [ -96.68309399995573, 40.865695998675292 ], [ -96.682073999678636, 40.865691999181749 ], [ -96.681919999900742, 40.865662998872544 ], [ -96.681900000310392, 40.869924999450646 ], [ -96.681889999491958, 40.871576999369879 ], [ -96.681870000147583, 40.874648999153244 ], [ -96.681857000246623, 40.876553998730216 ], [ -96.681842999737825, 40.878811999037474 ], [ -96.681828000038763, 40.880973998732657 ], [ -96.68182399985632, 40.881489998859927 ], [ -96.681811999791137, 40.882788998692156 ], [ -96.681811000465288, 40.88289399900308 ], [ -96.681824999764203, 40.883566999370188 ], [ -96.681827000234392, 40.883678998891909 ], [ -96.681851000548221, 40.884170999256263 ], [ -96.681928999762576, 40.885545998890763 ], [ -96.681966999532065, 40.886216999442098 ], [ -96.682111000075949, 40.886125999366598 ], [ -96.682119000550557, 40.88626999870305 ], [ -96.682127999821247, 40.886429998766957 ], [ -96.681982999545909, 40.886521999186414 ], [ -96.679192000421978, 40.888313998798409 ], [ -96.678635000410949, 40.888671998778882 ], [ -96.676831000030958, 40.889830999142902 ], [ -96.672635000362192, 40.892523999384366 ], [ -96.671569999868254, 40.893207998791837 ], [ -96.670970000063335, 40.893592998840091 ], [ -96.667897999555478, 40.895562998663699 ], [ -96.667546999497077, 40.895767999080803 ], [ -96.667210999504121, 40.895943999161794 ], [ -96.666864000244558, 40.896107998899559 ], [ -96.666537000208038, 40.896245998685266 ], [ -96.666171999830155, 40.896384998818746 ], [ -96.665797999544267, 40.896509998863259 ], [ -96.665384000075179, 40.896629998749482 ], [ -96.664963000234636, 40.896732999217996 ], [ -96.664535000313762, 40.896818999292712 ], [ -96.664102000121048, 40.896887999311865 ], [ -96.663699000555198, 40.896935998800309 ], [ -96.663326000573633, 40.896966998685812 ], [ -96.66295300003334, 40.896985999127772 ], [ -96.662794999627707, 40.896988999081181 ], [ -96.650228999672052, 40.897019999242907 ], [ -96.650168999531658, 40.897020998835963 ], [ -96.650033999903258, 40.897020999431419 ], [ -96.644875000238287, 40.89703399897251 ], [ -96.643576999674664, 40.897036999367877 ], [ -96.643429000224657, 40.897036998923468 ], [ -96.639381000560846, 40.897044998870072 ], [ -96.624491999585317, 40.897071999296102 ], [ -96.615009999532873, 40.89715399916787 ], [ -96.605360982580521, 40.897108518241495 ], [ -96.605325000120899, 40.914469998707936 ], [ -96.605386000095393, 40.920474998684227 ], [ -96.605471999471106, 40.928919998870981 ], [ -96.60548300014068, 40.931392999399122 ], [ -96.60549500020656, 40.933944999233532 ], [ -96.605498999633639, 40.935028998889386 ], [ -96.605506999701959, 40.937366999459741 ], [ -96.605518999789993, 40.943399999352863 ], [ -96.605527000152279, 40.951723998625425 ], [ -96.60552000046026, 40.956019999153206 ], [ -96.605517000292977, 40.958031999456828 ], [ -96.605399999758603, 40.960726998875394 ], [ -96.605169999439156, 40.965995998950248 ], [ -96.604908000020714, 40.972449999078236 ], [ -96.60447600015226, 40.98074199929102 ], [ -96.60417100052608, 40.986852999409066 ], [ -96.603395000275668, 41.001283998825826 ], [ -96.603039999428532, 41.009704998919766 ], [ -96.602799000292222, 41.015723998649072 ], [ -96.602728000553057, 41.01690399868896 ], [ -96.602654999434407, 41.018110999397805 ], [ -96.602650000070781, 41.018206999360281 ], [ -96.602634000579343, 41.018474999457652 ], [ -96.602582000150292, 41.019342998825188 ], [ -96.602311999449128, 41.023828999176715 ], [ -96.602179999780944, 41.026152998682562 ], [ -96.602046999972373, 41.028489999166595 ], [ -96.601951999442676, 41.030171998845994 ], [ -96.601572999956204, 41.037491999438174 ], [ -96.601561999913812, 41.037711998765957 ], [ -96.601551000427747, 41.037896999213174 ], [ -96.601348999901674, 41.041349998750256 ], [ -96.601245999772956, 41.043112998620011 ], [ -96.601112260396533, 41.04540525022302 ], [ -96.655658530473701, 41.045530300336317 ], [ -96.655675999594223, 41.045526998950152 ], [ -96.655964000439567, 41.045471998891003 ], [ -96.656550999680888, 41.045383999269745 ], [ -96.656905999570384, 41.045370999341102 ], [ -96.657282999807506, 41.04538999926752 ], [ -96.657366000223035, 41.045393999398598 ], [ -96.657683000444209, 41.04543999874388 ], [ -96.658008000027479, 41.045499998834813 ], [ -96.658152071819131, 41.04553601658057 ], [ -96.698159367260956, 41.045627735383604 ], [ -96.698563000429047, 41.045580998768017 ], [ -96.698701999450961, 41.045579999165184 ], [ -96.698955000393724, 41.045577999122131 ], [ -96.699175999600598, 41.04561399880231 ], [ -96.699216850673622, 41.045630159864842 ], [ -96.853035267938125, 41.045982796380272 ], [ -96.85308599967496, 41.045967999396233 ], [ -96.853181000502587, 41.045898999317934 ], [ -96.85320900018435, 41.04577699910994 ], [ -96.855078999965173, 41.045804999084822 ], [ -96.860174000502653, 41.045881999494881 ], [ -96.861017999438346, 41.045894999284556 ], [ -96.861430000512541, 41.045901999473116 ], [ -96.865860999908392, 41.04600799928798 ], [ -96.866422999684133, 41.046006999412967 ], [ -96.866794999595243, 41.04601199930034 ], [ -96.866972787362485, 41.046014748800005 ], [ -96.867209224296531, 41.046015290015227 ], [ -96.867395999447709, 41.04599599914517 ], [ -96.867432000152917, 41.045991999337815 ], [ -96.867531000528572, 41.04601599861595 ], [ -96.867532029381024, 41.046016030328779 ], [ -96.871500200038227, 41.046025128068926 ], [ -96.871502000318713, 41.046024999146454 ], [ -96.871951000128291, 41.045953998749212 ], [ -96.872212000396487, 41.045917998827612 ], [ -96.872411000126775, 41.045902998646291 ], [ -96.872891000286657, 41.045956998858983 ], [ -96.873391000245491, 41.04597599942398 ], [ -96.873512999720916, 41.045980999415434 ], [ -96.87426299973049, 41.045991998701339 ], [ -96.87503799952799, 41.046015999439604 ], [ -96.875498999557465, 41.045986999429658 ], [ -96.87563099961487, 41.045969999288879 ], [ -96.875993000146565, 41.045923999340665 ], [ -96.876412000165828, 41.045863999234534 ], [ -96.876501999788886, 41.045843999046063 ], [ -96.876916999726149, 41.045804999324041 ], [ -96.877244999541816, 41.04577899876206 ], [ -96.877685000105245, 41.045772999251625 ], [ -96.877869999932244, 41.045774998848572 ], [ -96.878555000243097, 41.045817999352828 ], [ -96.878838999853642, 41.045841999019572 ], [ -96.878991000138186, 41.045846999370326 ], [ -96.879071999941303, 41.045848999111968 ], [ -96.879667000513422, 41.045881999057912 ], [ -96.881087999885764, 41.04599399920896 ], [ -96.881916999989841, 41.046045999130619 ], [ -96.882136150685398, 41.046049511040216 ], [ -96.889091854765852, 41.046065457084971 ], [ -96.889423999824174, 41.046062998978684 ], [ -96.889438000049097, 41.046063999178571 ], [ -96.88948109530223, 41.046066349562416 ], [ -96.892017281703289, 41.046072163611051 ], [ -96.893387000274828, 41.046069998844196 ], [ -96.898746999577796, 41.046075998958543 ], [ -96.900436000435704, 41.046089999377614 ], [ -96.902364000468367, 41.046089998661181 ], [ -96.902373000100766, 41.046089999033562 ], [ -96.90336900011593, 41.046089999208377 ], [ -96.904033324053501, 41.046099711420673 ], [ -96.904118606528158, 41.046099907229902 ], [ -96.905477000020156, 41.046097999075982 ], [ -96.9054900005451, 41.046097998860326 ], [ -96.906812000511366, 41.046094999210723 ], [ -96.906826000068762, 41.046094998748877 ], [ -96.908088000058129, 41.046089999493958 ], [ -96.908506999414669, 41.046090998696641 ], [ -96.910883156740297, 41.046115414913167 ], [ -96.910939993906752, 41.046115545416384 ], [ -96.910975092394651, 41.046115626099969 ], [ -96.911022270095415, 41.046115124252189 ], [ -96.911084693747995, 40.813905172627102 ], [ -96.910690000137663, 40.813905172219194 ] ] ] } },
{ "type": "Feature", "properties": { "OBJECTID_1": 2, "OBJECTID": 25, "District_N": "25", "District_1": 25, "Compactnes": 42.14715678, "Population": 0, "Voting_Age": 0, "GlobalID": "{97A81F9F-C68E-4F42-B8A0-2F08B1801D50}", "ShapeSTArea": 4281337830.2059312, "ShapeSTLength": 368302.47565382748 }, "geometry": { "type": "Polygon", "coordinates": [ [ [ -96.467428000222327, 41.045094998675836 ], [ -96.471852000515668, 41.045101998884704 ], [ -96.472804416584182, 41.045111098341231 ], [ -96.601112260396533, 41.04540525022302 ], [ -96.601245999772956, 41.043112998620011 ], [ -96.601348999901674, 41.041349998750256 ], [ -96.601551000427747, 41.037896999213174 ], [ -96.601561999913812, 41.037711998765957 ], [ -96.601572999956204, 41.037491999438174 ], [ -96.601951999442676, 41.030171998845994 ], [ -96.602046999972373, 41.028489999166595 ], [ -96.602179999780944, 41.026152998682562 ], [ -96.602311999449128, 41.023828999176715 ], [ -96.602582000150292, 41.019342998825188 ], [ -96.602634000579343, 41.018474999457652 ], [ -96.602650000070781, 41.018206999360281 ], [ -96.602654999434407, 41.018110999397805 ], [ -96.602728000553057, 41.01690399868896 ], [ -96.602799000292222, 41.015723998649072 ], [ -96.603039999428532, 41.009704998919766 ], [ -96.603395000275668, 41.001283998825826 ], [ -96.60417100052608, 40.986852999409066 ], [ -96.60447600015226, 40.98074199929102 ], [ -96.604908000020714, 40.972449999078236 ], [ -96.605169999439156, 40.965995998950248 ], [ -96.605399999758603, 40.960726998875394 ], [ -96.605517000292977, 40.958031999456828 ], [ -96.60552000046026, 40.956019999153206 ], [ -96.605527000152279, 40.951723998625425 ], [ -96.605518999789993, 40.943399999352863 ], [ -96.605506999701959, 40.937366999459741 ], [ -96.605498999633639, 40.935028998889386 ], [ -96.60549500020656, 40.933944999233532 ], [ -96.60548300014068, 40.931392999399122 ], [ -96.605471999471106, 40.928919998870981 ], [ -96.605386000095393, 40.920474998684227 ], [ -96.605325000120899, 40.914469998707936 ], [ -96.605360982580521, 40.897108518241495 ], [ -96.605359848928074, 40.896753405678894 ], [ -96.605309795738378, 40.894009010187112 ], [ -96.605286225271342, 40.89373468600467 ], [ -96.605070032108046, 40.893353235061859 ], [ -96.604906883082819, 40.893065372224655 ], [ -96.60471720182764, 40.892730692770343 ], [ -96.604595213635008, 40.892481258081318 ], [ -96.60448535737649, 40.892338741134374 ], [ -96.604377209976803, 40.892173834297495 ], [ -96.604274511660506, 40.892023159026238 ], [ -96.604225381591576, 40.89195107802658 ], [ -96.604180785388067, 40.891885647285505 ], [ -96.604122152182839, 40.891799623354949 ], [ -96.603990659728453, 40.891606699339199 ], [ -96.603858620864941, 40.891412974284954 ], [ -96.603850421056507, 40.891220746926876 ], [ -96.603845466136292, 40.891104611080173 ], [ -96.603838560427675, 40.890942719287814 ], [ -96.603830512848532, 40.890754046926915 ], [ -96.6038234354873, 40.890588157082988 ], [ -96.603812203099764, 40.890324826711648 ], [ -96.603966810016402, 40.890102387992627 ], [ -96.604210308104498, 40.889752053386992 ], [ -96.604424716856713, 40.88944356722547 ], [ -96.604727008867485, 40.889026090197177 ], [ -96.604809410946757, 40.888914281871919 ], [ -96.604966346261804, 40.888701338489732 ], [ -96.605088651991707, 40.888535383322619 ], [ -96.605141154629251, 40.888464142000835 ], [ -96.605251668299644, 40.888314186052078 ], [ -96.605238943113633, 40.886876182695566 ], [ -96.605227188620304, 40.885547868526494 ], [ -96.605234313540834, 40.885135552215324 ], [ -96.605243615453517, 40.884948828147856 ], [ -96.605266016945649, 40.884499166521501 ], [ -96.605350791550379, 40.882797445929157 ], [ -96.605378982249135, 40.882231544200614 ], [ -96.605403999660481, 40.881953999234376 ], [ -96.605430000232857, 40.880733998866006 ], [ -96.605457000127501, 40.879948999086935 ], [ -96.605582000095879, 40.878492998912826 ], [ -96.605596000210923, 40.878334999082149 ], [ -96.605573999665609, 40.878209998701372 ], [ -96.605539999890567, 40.878122998823649 ], [ -96.605491999555525, 40.878052999000744 ], [ -96.605409000383148, 40.877967998977098 ], [ -96.605296999788479, 40.877900999361913 ], [ -96.605182000335972, 40.877854999191499 ], [ -96.605082999561034, 40.877828999137201 ], [ -96.604945999587002, 40.877811999369641 ], [ -96.604762999980693, 40.877802998997517 ], [ -96.604295999767217, 40.877799999138446 ], [ -96.603915000359919, 40.877776999400197 ], [ -96.603733000081576, 40.877750998840398 ], [ -96.603583999578632, 40.877709999334058 ], [ -96.603478999608171, 40.877652998789337 ], [ -96.603399000299319, 40.877592999147964 ], [ -96.603330000434966, 40.87752099935016 ], [ -96.604686000449846, 40.87679099928981 ], [ -96.605186999658329, 40.876542999122648 ], [ -96.605465999805674, 40.876403999396246 ], [ -96.605561000213356, 40.87635499914898 ], [ -96.605508000033808, 40.875897999242142 ], [ -96.605492999917232, 40.875764998946941 ], [ -96.605808999712522, 40.875598999230206 ], [ -96.606476999426093, 40.875253998776188 ], [ -96.606889999453088, 40.875026999022126 ], [ -96.606765000163719, 40.874883998634239 ], [ -96.606260000485818, 40.874301999130182 ], [ -96.606124999681356, 40.874146998958594 ], [ -96.605964000361865, 40.873924998638799 ], [ -96.60585500012273, 40.873739998872999 ], [ -96.605761999489914, 40.873549999498728 ], [ -96.605686999519662, 40.873354999281808 ], [ -96.605628999918451, 40.873157998689059 ], [ -96.605589999434187, 40.87295699931051 ], [ -96.605569000128682, 40.872754998897285 ], [ -96.605591000063654, 40.871095999476076 ], [ -96.60559199986676, 40.870989999243385 ], [ -96.605593000132629, 40.870918998898041 ], [ -96.605650000556196, 40.864392999152535 ], [ -96.605650000461054, 40.86430599907203 ], [ -96.605705999935722, 40.858109999262858 ], [ -96.605715999833436, 40.857090999429637 ], [ -96.605764000402502, 40.855002999021984 ], [ -96.605747000240342, 40.854892999414609 ], [ -96.605792999643825, 40.851577999497657 ], [ -96.6054660003321, 40.851573999320031 ], [ -96.60024799950952, 40.851514999152457 ], [ -96.599427000401974, 40.851505999043312 ], [ -96.590437999839125, 40.851563999197687 ], [ -96.586634999649519, 40.851558999442609 ], [ -96.580320999791724, 40.851503999092635 ], [ -96.579015999444778, 40.851551998972838 ], [ -96.577806999957858, 40.851696998959774 ], [ -96.576892000394082, 40.851576999297393 ], [ -96.575587000487488, 40.851707998721707 ], [ -96.57431399961574, 40.851984999238987 ], [ -96.571767999534828, 40.852761999081984 ], [ -96.570642000460637, 40.853149998643715 ], [ -96.569662000413359, 40.853625999065379 ], [ -96.568616000431916, 40.854112999075802 ], [ -96.567557000080313, 40.854799999024522 ], [ -96.567559000556102, 40.85410299900736 ], [ -96.567597999757723, 40.841966998624777 ], [ -96.567625000215202, 40.830271998671812 ], [ -96.567630000587371, 40.827492999185793 ], [ -96.567643999801007, 40.825053999170201 ], [ -96.567657000298695, 40.822771999024908 ], [ -96.567675999681214, 40.822661999258386 ], [ -96.567696000577044, 40.820576998813195 ], [ -96.567701000517189, 40.818316998958245 ], [ -96.567682999851939, 40.818206999221978 ], [ -96.567713000560445, 40.813064999464089 ], [ -96.576953000149899, 40.813178999207722 ], [ -96.577373000486787, 40.813182999241484 ], [ -96.577500999462501, 40.813183998989331 ], [ -96.578729000362955, 40.813195998723089 ], [ -96.579842999814645, 40.813205999299207 ], [ -96.580293999511554, 40.813209998860231 ], [ -96.582204999710527, 40.813228998727183 ], [ -96.585770000233538, 40.813263998944755 ], [ -96.586546000095211, 40.813270999072621 ], [ -96.586778000373442, 40.813272999333059 ], [ -96.586979000440905, 40.813274998987453 ], [ -96.587018000163283, 40.813275999321476 ], [ -96.591427999560636, 40.813313999082631 ], [ -96.592365999981936, 40.813321998769162 ], [ -96.593559000323452, 40.813332999435026 ], [ -96.596421000534605, 40.813356998694189 ], [ -96.602265000074283, 40.813405999080352 ], [ -96.60253499988481, 40.81340899899984 ], [ -96.603396999823687, 40.813415999031733 ], [ -96.603605000042577, 40.813450998623807 ], [ -96.604882000529557, 40.813482998735758 ], [ -96.605954999700828, 40.813494999363165 ], [ -96.606017999409602, 40.813495998644321 ], [ -96.606087999927681, 40.813495998870216 ], [ -96.607477999417071, 40.813487998744414 ], [ -96.608122999932377, 40.813484998687343 ], [ -96.613210999544805, 40.813456999357854 ], [ -96.616075999656161, 40.813441999254998 ], [ -96.61726699998016, 40.813435998987941 ], [ -96.617757000426863, 40.81343299934823 ], [ -96.620917000531207, 40.813415999083134 ], [ -96.622975999811544, 40.813403999024331 ], [ -96.624281000567592, 40.813396999212252 ], [ -96.624982999613948, 40.813392999033027 ], [ -96.624983999583833, 40.813331999030382 ], [ -96.624985000028289, 40.813272998912495 ], [ -96.624989999702862, 40.812857998890721 ], [ -96.625029000126233, 40.809620999127617 ], [ -96.625032999839206, 40.808663999284605 ], [ -96.625045000029743, 40.806092999068845 ], [ -96.625041000431338, 40.803307999082932 ], [ -96.624983000148603, 40.798887999266533 ], [ -96.624982000012565, 40.798832999488219 ], [ -96.624981999704701, 40.798781999135947 ], [ -96.624976000210523, 40.797273999188462 ], [ -96.624975000494786, 40.795738998994352 ], [ -96.624977999705635, 40.794646998658393 ], [ -96.624978999762718, 40.79386699908202 ], [ -96.624978999855955, 40.793767999477957 ], [ -96.624981000546356, 40.792980999355827 ], [ -96.624983999422525, 40.791550998623649 ], [ -96.625014000297156, 40.788442998967959 ], [ -96.625024999867591, 40.787256999384034 ], [ -96.62501200018022, 40.786002999031787 ], [ -96.624994999749489, 40.784284998924576 ], [ -96.625110000301007, 40.784284998679446 ], [ -96.625149999822995, 40.784284998880153 ], [ -96.627815999836628, 40.78429399864465 ], [ -96.628099999731106, 40.784294999272355 ], [ -96.629876999468024, 40.784300999074652 ], [ -96.630961000202419, 40.785566998635247 ], [ -96.631408999449079, 40.786088999258666 ], [ -96.631628000235082, 40.786334999048073 ], [ -96.63181599993959, 40.786519998680376 ], [ -96.632039000296331, 40.786712999266463 ], [ -96.632256000389262, 40.786878999290359 ], [ -96.632502999540193, 40.787045999337515 ], [ -96.632752999941061, 40.787193999042785 ], [ -96.633006000463965, 40.787326999076498 ], [ -96.633297000094672, 40.787459999482024 ], [ -96.633587999825465, 40.787573998805613 ], [ -96.633870000017666, 40.787667998728701 ], [ -96.634159000474057, 40.787749999164966 ], [ -96.634454000411239, 40.787817998802922 ], [ -96.634753000258314, 40.787872998871606 ], [ -96.635147999582131, 40.787923999210108 ], [ -96.63548500002112, 40.787948999278704 ], [ -96.635828000372555, 40.787956998827809 ], [ -96.637015000294426, 40.787959998981464 ], [ -96.638209000029391, 40.787963999350822 ], [ -96.640126999639151, 40.787969999393745 ], [ -96.641176000226011, 40.787972999296215 ], [ -96.641689999529987, 40.787974998854899 ], [ -96.642749000202613, 40.788054999254207 ], [ -96.64277199951394, 40.788055998774233 ], [ -96.642897999872091, 40.788009999261824 ], [ -96.643336000445899, 40.788032998880006 ], [ -96.644077999848136, 40.788085998945597 ], [ -96.644089000582127, 40.784344998872371 ], [ -96.644101000419397, 40.783849999160957 ], [ -96.644106999787965, 40.783622999344004 ], [ -96.644133000370232, 40.783422998970416 ], [ -96.644284999971774, 40.782271999147824 ], [ -96.644454999576993, 40.781070999280004 ], [ -96.644441000008712, 40.780746999045299 ], [ -96.644404999726433, 40.780427998766932 ], [ -96.644299000277144, 40.779853999046836 ], [ -96.644284999500584, 40.779776999056757 ], [ -96.644241999741595, 40.779457998720197 ], [ -96.644228000194801, 40.779099999216854 ], [ -96.64424999999116, 40.777555999409259 ], [ -96.64425800018671, 40.776987999054754 ], [ -96.644297999415429, 40.77698899931994 ], [ -96.644340999677411, 40.776988999408466 ], [ -96.644341000115233, 40.775979999055025 ], [ -96.644341000016382, 40.775634999038054 ], [ -96.644340000033523, 40.774964999350289 ], [ -96.644339999633644, 40.774502999343028 ], [ -96.644339999653994, 40.773949998944659 ], [ -96.644339999705366, 40.772852998886151 ], [ -96.644339999740765, 40.771755998618382 ], [ -96.644339999772271, 40.771164998957133 ], [ -96.644370000510008, 40.77060499869215 ], [ -96.644370999653646, 40.769724998829489 ], [ -96.64435699956438, 40.768821999247756 ], [ -96.644344999712956, 40.767926998984002 ], [ -96.644345000415839, 40.767032999024266 ], [ -96.644345999945983, 40.766112998781239 ], [ -96.644345999531794, 40.764220998735489 ], [ -96.644347000041734, 40.762935999138399 ], [ -96.644308999988255, 40.762934998746239 ], [ -96.644266999487186, 40.762933998624675 ], [ -96.644266000039025, 40.761206998640937 ], [ -96.644254000476153, 40.760686999374187 ], [ -96.644246999822442, 40.759796999041633 ], [ -96.644249000211232, 40.758679998901535 ], [ -96.64425100052064, 40.756319998690202 ], [ -96.644249999720486, 40.756276999000228 ], [ -96.64425200017827, 40.756214999099313 ], [ -96.644272999699268, 40.755207999373887 ], [ -96.644284999843165, 40.754647998850984 ], [ -96.644285999893654, 40.75451699865436 ], [ -96.644286000457612, 40.754470999022153 ], [ -96.644290000473219, 40.754004999074326 ], [ -96.644293000569306, 40.753620999359157 ], [ -96.64431999970725, 40.753341998834621 ], [ -96.644321000215626, 40.752658999267751 ], [ -96.644323999948142, 40.751432999148271 ], [ -96.644328999972004, 40.749314999420456 ], [ -96.644330999901683, 40.748457998772132 ], [ -96.644332000299926, 40.747443998975392 ], [ -96.644332000152502, 40.745903999244014 ], [ -96.644332000439675, 40.745033999272188 ], [ -96.644332000462569, 40.744534998991867 ], [ -96.644332000350119, 40.742616999325108 ], [ -96.644331999663933, 40.740970999448429 ], [ -96.644335999579866, 40.740835999354886 ], [ -96.646497999896994, 40.740833999406775 ], [ -96.648749000139389, 40.740831999209682 ], [ -96.649742999708721, 40.740830998954905 ], [ -96.652702999514887, 40.740827998623587 ], [ -96.653421999420615, 40.740826999188918 ], [ -96.653870999927619, 40.740826998873615 ], [ -96.658427999511247, 40.740820999081912 ], [ -96.661149999775276, 40.740817999033183 ], [ -96.663422000182749, 40.740814999011143 ], [ -96.663423000500288, 40.738558998850493 ], [ -96.663424999769006, 40.735657998865719 ], [ -96.663425999829073, 40.735067998799707 ], [ -96.663426000543708, 40.734789999245493 ], [ -96.663427999670972, 40.732963999013201 ], [ -96.663428000273214, 40.732910999060515 ], [ -96.663431999441471, 40.731332998784076 ], [ -96.66326499997426, 40.731332999056804 ], [ -96.663251999994202, 40.727932999479236 ], [ -96.663251999488608, 40.726808999409407 ], [ -96.663105999909689, 40.726366999231061 ], [ -96.663106999426518, 40.726317999264666 ], [ -96.653915999535684, 40.72633299869586 ], [ -96.652050000449606, 40.726331999515004 ], [ -96.649218000055782, 40.726330999473831 ], [ -96.647459000026316, 40.726329998947129 ], [ -96.645966000062273, 40.726328998677701 ], [ -96.644605000584022, 40.72632799914544 ], [ -96.644369000519546, 40.726327999214867 ], [ -96.641519999542993, 40.726332999021452 ], [ -96.640757999648201, 40.726333999476346 ], [ -96.640130000493869, 40.726334999287893 ], [ -96.637555999521751, 40.726337998982459 ], [ -96.637388000556484, 40.726337999200844 ], [ -96.636368999954328, 40.726339999368484 ], [ -96.634886000323334, 40.726341999260924 ], [ -96.632281000309874, 40.7263459989206 ], [ -96.629770000466152, 40.726349999000178 ], [ -96.629533000176295, 40.72634999884788 ], [ -96.628781000307384, 40.726350999145822 ], [ -96.627606999935153, 40.726352998947341 ], [ -96.625461999665973, 40.726355998741099 ], [ -96.625208000253721, 40.72635599939931 ], [ -96.625216999562724, 40.7264739993064 ], [ -96.625208000367337, 40.726565998617204 ], [ -96.625196999870553, 40.726853999337578 ], [ -96.625205000030604, 40.726936998824655 ], [ -96.625222000233592, 40.726974999264833 ], [ -96.625321000481023, 40.727121998702053 ], [ -96.625373999574805, 40.727221998937587 ], [ -96.625405000564299, 40.727300999357098 ], [ -96.625410999586705, 40.72734099911343 ], [ -96.625420000050681, 40.727504998831463 ], [ -96.625416000069507, 40.728041999478236 ], [ -96.625507999751548, 40.729159998940908 ], [ -96.625550999563529, 40.729816999039087 ], [ -96.625543999737289, 40.729856998935183 ], [ -96.625505000239968, 40.72993499877343 ], [ -96.625430999668069, 40.730163998791667 ], [ -96.625456000058122, 40.730287998920254 ], [ -96.625498999680744, 40.730363999154726 ], [ -96.625511000332054, 40.730403999435666 ], [ -96.625536000465431, 40.7304399988246 ], [ -96.625571999660409, 40.730471998931669 ], [ -96.625615000544357, 40.730494999150174 ], [ -96.625716000378858, 40.730533999386608 ], [ -96.625726000017053, 40.730537999211812 ], [ -96.625776999701074, 40.730562999100336 ], [ -96.625666999464187, 40.730942998973958 ], [ -96.625547999784857, 40.731352998852699 ], [ -96.625530000328197, 40.731414999033959 ], [ -96.625500999984212, 40.731526999195097 ], [ -96.625480000285435, 40.731619998652384 ], [ -96.625427999714987, 40.731902999185323 ], [ -96.625422999828658, 40.731941998837193 ], [ -96.625409000529714, 40.732049999172666 ], [ -96.625393999688001, 40.733569998871523 ], [ -96.625391000282903, 40.733970999125276 ], [ -96.62537799972462, 40.735338998865153 ], [ -96.62536799967225, 40.736412999357661 ], [ -96.625348999918003, 40.738366998990784 ], [ -96.625346999542657, 40.738580999207279 ], [ -96.625344000588129, 40.738898998750827 ], [ -96.625337999436852, 40.739555999097952 ], [ -96.625335000232553, 40.739853999480154 ], [ -96.625325999564922, 40.74080399892339 ], [ -96.623908999750526, 40.740803999015711 ], [ -96.621578000446306, 40.740803999189261 ], [ -96.621588000038784, 40.740668998840903 ], [ -96.621436999674458, 40.740674998862524 ], [ -96.621230999743062, 40.740671999226898 ], [ -96.619913999749073, 40.740665999390913 ], [ -96.618551000435019, 40.740657999248455 ], [ -96.618276999606138, 40.740657998711093 ], [ -96.618291000380907, 40.740770998958808 ], [ -96.618296999892664, 40.740810998990902 ], [ -96.616846000502818, 40.740862999344181 ], [ -96.616250999654582, 40.740883999423581 ], [ -96.616200000076859, 40.74087799947057 ], [ -96.615874999679704, 40.740845998923689 ], [ -96.61567600003562, 40.74070399863237 ], [ -96.615256999879705, 40.740566999244685 ], [ -96.614163999841779, 40.740207999269714 ], [ -96.614029000446166, 40.740348998753767 ], [ -96.613893000355333, 40.74046099918241 ], [ -96.613763000098558, 40.740545998667187 ], [ -96.613622000530967, 40.740618998652977 ], [ -96.613470999762242, 40.740680999249832 ], [ -96.613416999814717, 40.740697999149276 ], [ -96.613331999637779, 40.740724999220539 ], [ -96.613215999771825, 40.740752999348686 ], [ -96.613077000477546, 40.740776999008659 ], [ -96.612921000143359, 40.740791999094853 ], [ -96.6127159998168, 40.740795999456523 ], [ -96.609891999544118, 40.740788998927201 ], [ -96.609156000245179, 40.740786998910984 ], [ -96.608851000381691, 40.740785999420567 ], [ -96.607496000491409, 40.740782998710245 ], [ -96.606122999994142, 40.740778998626446 ], [ -96.605086999713947, 40.740771999515658 ], [ -96.601191999792675, 40.740743998693254 ], [ -96.601183000250558, 40.740660998796223 ], [ -96.599330000453193, 40.7406469991138 ], [ -96.599321999665634, 40.74072999869324 ], [ -96.597717000073473, 40.740717998630451 ], [ -96.596661000340575, 40.740709998776786 ], [ -96.596427000140508, 40.740708999242052 ], [ -96.596433999554847, 40.741184998717017 ], [ -96.596435000049723, 40.741284999514981 ], [ -96.596440999853101, 40.741725999275765 ], [ -96.596451000109411, 40.742399999307395 ], [ -96.596452999651362, 40.742519999072407 ], [ -96.596471999414263, 40.743910999271343 ], [ -96.596056000569504, 40.743915999128006 ], [ -96.595899999742343, 40.74393099870916 ], [ -96.595743999813422, 40.743958998839823 ], [ -96.595596000503093, 40.743999998724711 ], [ -96.59545200025704, 40.744052999281394 ], [ -96.595296000447476, 40.744129998828122 ], [ -96.595176000334888, 40.744205998818707 ], [ -96.595152000437906, 40.744224998899028 ], [ -96.595055000080194, 40.74430199876803 ], [ -96.594959999903807, 40.744397998852271 ], [ -96.594591999553828, 40.744851999512854 ], [ -96.594742000054794, 40.744931999270662 ], [ -96.594870000084796, 40.745020999120896 ], [ -96.594981999861261, 40.745118999472659 ], [ -96.595300000274861, 40.745516998657038 ], [ -96.595384000336182, 40.745640999228492 ], [ -96.595478999851409, 40.745810999249727 ], [ -96.595538000563465, 40.7459499992218 ], [ -96.59555100056015, 40.74597899885822 ], [ -96.595605000187561, 40.746148999215727 ], [ -96.595639999750162, 40.746312999013917 ], [ -96.59566000026247, 40.746497998883491 ], [ -96.595655999853363, 40.747555999244909 ], [ -96.595654999460635, 40.747738999462022 ], [ -96.595654000397701, 40.747867999464873 ], [ -96.595661000117616, 40.747968999056688 ], [ -96.595671000025632, 40.748028998888771 ], [ -96.595699000053983, 40.748125999259372 ], [ -96.595702000503223, 40.748130999178201 ], [ -96.595757999525787, 40.748253999120863 ], [ -96.59530499989738, 40.748400998820664 ], [ -96.595203000272079, 40.748416998910528 ], [ -96.594205000448781, 40.74841599902291 ], [ -96.594204000416738, 40.749208998853803 ], [ -96.594224999473013, 40.749361999374173 ], [ -96.594273000240918, 40.749536999197602 ], [ -96.594338999895768, 40.749694998643839 ], [ -96.594481000140277, 40.749941999273624 ], [ -96.594704999478552, 40.750316998878517 ], [ -96.593963000567328, 40.750570998632995 ], [ -96.593829000053532, 40.750605998887224 ], [ -96.593701999641468, 40.750629999368371 ], [ -96.593571999894152, 40.750643998621165 ], [ -96.593455999764629, 40.750649998770442 ], [ -96.593366999903083, 40.750648999222719 ], [ -96.593213000589571, 40.750637998904907 ], [ -96.593100000139856, 40.750621999485851 ], [ -96.591998000524711, 40.750450999170461 ], [ -96.591891000390248, 40.75043899887239 ], [ -96.591814999779118, 40.750435999146262 ], [ -96.591067999797161, 40.750435998759386 ], [ -96.590985000282942, 40.75044199893911 ], [ -96.590930000476078, 40.750449999119724 ], [ -96.590198000361312, 40.750594999413131 ], [ -96.590100000273083, 40.750607998966949 ], [ -96.590047999650523, 40.750610999254434 ], [ -96.589966000019345, 40.750613999239867 ], [ -96.589007000445648, 40.750609998930813 ], [ -96.58709400004075, 40.750603999397704 ], [ -96.586932000519766, 40.75060599885245 ], [ -96.586934000520444, 40.753925998729116 ], [ -96.586895000539045, 40.75519099876194 ], [ -96.577498999664542, 40.755171999411886 ], [ -96.567943999537206, 40.755122998656816 ], [ -96.558897999567066, 40.755133998948821 ], [ -96.540630000402658, 40.755127999326163 ], [ -96.535166999510807, 40.755130999408586 ], [ -96.532999000396686, 40.755131998872251 ], [ -96.530343999691027, 40.755133998617247 ], [ -96.52101099951544, 40.755138999409745 ], [ -96.510750000396072, 40.755084998741822 ], [ -96.501900000366405, 40.755057998950427 ], [ -96.482766999931641, 40.755048998788908 ], [ -96.463806999552105, 40.754955999040824 ], [ -96.463806997793526, 40.754957227253612 ], [ -96.4637416239012, 40.754953958538259 ], [ -96.463755299483751, 40.783959998810097 ], [ -96.463756972950222, 40.787507683784575 ], [ -96.463865543943925, 41.017782004784614 ], [ -96.463868000094678, 41.018707999004839 ], [ -96.463867999498945, 41.022972998883034 ], [ -96.463872469244251, 41.032470414674869 ], [ -96.463875999639114, 41.032950999173124 ], [ -96.463872862932163, 41.033305703499728 ], [ -96.463878416303217, 41.045082999476016 ], [ -96.463902000279816, 41.045082999427038 ], [ -96.467428000222327, 41.045094998675836 ] ] ] } },
{ "type": "Feature", "properties": { "OBJECTID_1": 3, "OBJECTID": 26, "District_N": "26", "District_1": 26, "Compactnes": 47.07889657, "Population": 0, "Voting_Age": 0, "GlobalID": "{9F2DC683-A656-4925-B24F-A8BC98C75237}", "ShapeSTArea": 363916872.92602867, "ShapeSTLength": 92593.894396151169 }, "geometry": { "type": "Polygon", "coordinates": [ [ [ -96.624982999613948, 40.813392999033027 ], [ -96.624281000567592, 40.813396999212252 ], [ -96.622975999811544, 40.813403999024331 ], [ -96.620917000531207, 40.813415999083134 ], [ -96.617757000426863, 40.81343299934823 ], [ -96.61726699998016, 40.813435998987941 ], [ -96.616075999656161, 40.813441999254998 ], [ -96.613210999544805, 40.813456999357854 ], [ -96.608122999932377, 40.813484998687343 ], [ -96.607477999417071, 40.813487998744414 ], [ -96.606087999927681, 40.813495998870216 ], [ -96.606017999409602, 40.813495998644321 ], [ -96.605954999700828, 40.813494999363165 ], [ -96.604882000529557, 40.813482998735758 ], [ -96.603605000042577, 40.813450998623807 ], [ -96.603396999823687, 40.813415999031733 ], [ -96.60253499988481, 40.81340899899984 ], [ -96.602265000074283, 40.813405999080352 ], [ -96.596421000534605, 40.813356998694189 ], [ -96.593559000323452, 40.813332999435026 ], [ -96.592365999981936, 40.813321998769162 ], [ -96.591427999560636, 40.813313999082631 ], [ -96.587018000163283, 40.813275999321476 ], [ -96.586979000440905, 40.813274998987453 ], [ -96.586778000373442, 40.813272999333059 ], [ -96.586546000095211, 40.813270999072621 ], [ -96.585770000233538, 40.813263998944755 ], [ -96.582204999710527, 40.813228998727183 ], [ -96.580293999511554, 40.813209998860231 ], [ -96.579842999814645, 40.813205999299207 ], [ -96.578729000362955, 40.813195998723089 ], [ -96.577500999462501, 40.813183998989331 ], [ -96.577373000486787, 40.813182999241484 ], [ -96.576953000149899, 40.813178999207722 ], [ -96.567713000560445, 40.813064999464089 ], [ -96.567682999851939, 40.818206999221978 ], [ -96.567701000517189, 40.818316998958245 ], [ -96.567696000577044, 40.820576998813195 ], [ -96.567675999681214, 40.822661999258386 ], [ -96.567657000298695, 40.822771999024908 ], [ -96.567643999801007, 40.825053999170201 ], [ -96.567630000587371, 40.827492999185793 ], [ -96.567625000215202, 40.830271998671812 ], [ -96.567597999757723, 40.841966998624777 ], [ -96.567559000556102, 40.85410299900736 ], [ -96.567557000080313, 40.854799999024522 ], [ -96.568616000431916, 40.854112999075802 ], [ -96.569662000413359, 40.853625999065379 ], [ -96.570642000460637, 40.853149998643715 ], [ -96.571767999534828, 40.852761999081984 ], [ -96.57431399961574, 40.851984999238987 ], [ -96.575587000487488, 40.851707998721707 ], [ -96.576892000394082, 40.851576999297393 ], [ -96.577806999957858, 40.851696998959774 ], [ -96.579015999444778, 40.851551998972838 ], [ -96.580320999791724, 40.851503999092635 ], [ -96.586634999649519, 40.851558999442609 ], [ -96.590437999839125, 40.851563999197687 ], [ -96.599427000401974, 40.851505999043312 ], [ -96.60024799950952, 40.851514999152457 ], [ -96.6054660003321, 40.851573999320031 ], [ -96.605792999643825, 40.851577999497657 ], [ -96.618889999496872, 40.851399998750317 ], [ -96.620101000552353, 40.851491999432668 ], [ -96.620102000037079, 40.851266998674106 ], [ -96.62487300050617, 40.851266999212854 ], [ -96.627814000321649, 40.851267998942632 ], [ -96.630416000033449, 40.851267999341609 ], [ -96.633054999959512, 40.851253999212588 ], [ -96.634425999413864, 40.851245998725219 ], [ -96.635802000058376, 40.851248999263326 ], [ -96.639913999899349, 40.851257999273486 ], [ -96.640187000106138, 40.851258998909501 ], [ -96.641513000008558, 40.85126099932512 ], [ -96.644121999778733, 40.851265998778359 ], [ -96.645274999609725, 40.851263999144798 ], [ -96.645589000042804, 40.851203999242955 ], [ -96.645839999808814, 40.851192998877437 ], [ -96.646502000384345, 40.851166998681592 ], [ -96.647140999767572, 40.851177999022426 ], [ -96.648100000548695, 40.8511949986665 ], [ -96.648441999658488, 40.851191999298571 ], [ -96.649744000505507, 40.851179999503337 ], [ -96.650041000007391, 40.851177998836434 ], [ -96.651045000478902, 40.851179999232045 ], [ -96.651998000068261, 40.851182998757281 ], [ -96.652346999913647, 40.851186999007354 ], [ -96.653623000435587, 40.851023998902832 ], [ -96.653621999699794, 40.851119998771281 ], [ -96.654957000463256, 40.850434998816098 ], [ -96.655394000090794, 40.850218999381177 ], [ -96.658873999890972, 40.848389999043761 ], [ -96.661036000221287, 40.84727399938231 ], [ -96.663043000207523, 40.846206999375191 ], [ -96.663201999453037, 40.8461209986421 ], [ -96.664079000040815, 40.845650998654769 ], [ -96.664559000550113, 40.84539899892259 ], [ -96.665872000013152, 40.84468699927956 ], [ -96.66664100007128, 40.844294999007658 ], [ -96.669534000154172, 40.842781998807709 ], [ -96.669794999766935, 40.842632998844785 ], [ -96.669282000397956, 40.842630999468525 ], [ -96.668012999623471, 40.8426269987336 ], [ -96.666906999548345, 40.84262299872875 ], [ -96.666680000592422, 40.842622999212523 ], [ -96.665693000181946, 40.842619999139352 ], [ -96.665285999537247, 40.842618999278223 ], [ -96.664479000095355, 40.842615998992997 ], [ -96.664081000370629, 40.84261399903334 ], [ -96.663227000217162, 40.842611999509963 ], [ -96.662775000211823, 40.842608999230244 ], [ -96.661473999487825, 40.842602998913158 ], [ -96.660176999911258, 40.842595998910419 ], [ -96.658876000118426, 40.842588998621714 ], [ -96.658871999489293, 40.842491998712518 ], [ -96.658870000323304, 40.84128399874222 ], [ -96.658868000003508, 40.84029499889332 ], [ -96.658866999961901, 40.839306999515749 ], [ -96.658865000463763, 40.838291999130007 ], [ -96.658862999523635, 40.837274998687732 ], [ -96.658861999597761, 40.836340999080548 ], [ -96.658897999608897, 40.836318998728977 ], [ -96.658992000049636, 40.83627799930035 ], [ -96.658136000105202, 40.835770999297061 ], [ -96.657951000450538, 40.835660999327359 ], [ -96.657753000145803, 40.835564999290185 ], [ -96.657594999898251, 40.835499999028393 ], [ -96.657544999953302, 40.835479998745825 ], [ -96.657307000172395, 40.835401998859844 ], [ -96.657082999666301, 40.835344998705288 ], [ -96.656923999496996, 40.835313998775774 ], [ -96.656692000058925, 40.835280998736778 ], [ -96.656481000517687, 40.835262999010943 ], [ -96.656245999798074, 40.8352569987536 ], [ -96.653806999530232, 40.835253998960503 ], [ -96.653811000097235, 40.834282998677331 ], [ -96.653764000358294, 40.833466999314588 ], [ -96.653765999532169, 40.833150999320303 ], [ -96.653779999476981, 40.831156999206939 ], [ -96.653834000423416, 40.830342998655873 ], [ -96.653883000049291, 40.829516999005797 ], [ -96.653883000234472, 40.829354998845794 ], [ -96.653885000022257, 40.828084999136713 ], [ -96.654957999641994, 40.828081999220764 ], [ -96.655299999601965, 40.828080999187542 ], [ -96.656026999450049, 40.828024998653845 ], [ -96.656144999496959, 40.828025999325959 ], [ -96.657336999875028, 40.828028998972428 ], [ -96.658540000343805, 40.828030998632656 ], [ -96.659733000234283, 40.828033998992261 ], [ -96.660925000144942, 40.828035998996455 ], [ -96.662118000236205, 40.828038999006097 ], [ -96.663320999850839, 40.828040999238816 ], [ -96.663319000083717, 40.827102999090449 ], [ -96.663316000413388, 40.82566599901493 ], [ -96.664285000025458, 40.825663999347256 ], [ -96.666292000079906, 40.825659999438535 ], [ -96.666290999551634, 40.824818999237138 ], [ -96.666288999749682, 40.82393099925477 ], [ -96.667482000583604, 40.823912999515372 ], [ -96.668723000264947, 40.824037999185457 ], [ -96.669078000458654, 40.824073999265273 ], [ -96.670050999817775, 40.824071998649131 ], [ -96.670264000231782, 40.823868999134234 ], [ -96.670230000576751, 40.823785999246653 ], [ -96.670210999763356, 40.823691999167572 ], [ -96.670208999779433, 40.82330399927848 ], [ -96.670207999471316, 40.823108999383123 ], [ -96.670206999728194, 40.822765999206865 ], [ -96.670205000451205, 40.82176099909973 ], [ -96.670203000297363, 40.820785998858852 ], [ -96.670204000177236, 40.820725998929269 ], [ -96.670201000151437, 40.819125999287877 ], [ -96.670199000448335, 40.818109998734052 ], [ -96.670197000446009, 40.817112999149963 ], [ -96.670193999715892, 40.815529998872599 ], [ -96.670193000547258, 40.815021999200972 ], [ -96.670191999939206, 40.814514998976449 ], [ -96.670189999886446, 40.813540998800178 ], [ -96.66930500028343, 40.813541999234744 ], [ -96.668131000272979, 40.813543998656826 ], [ -96.667791000170652, 40.81354399887212 ], [ -96.66627599993555, 40.813537998723078 ], [ -96.664747000460565, 40.813532998758205 ], [ -96.663318999529494, 40.813534999376813 ], [ -96.660900000195852, 40.813528998719832 ], [ -96.65914300042364, 40.813537999465993 ], [ -96.658499999800256, 40.813540998906575 ], [ -96.657269999675478, 40.813536998965375 ], [ -96.656108999508092, 40.813533999126953 ], [ -96.653779000302634, 40.813528999338068 ], [ -96.653628000183502, 40.813527999010468 ], [ -96.651320000406272, 40.813522999347938 ], [ -96.649511999902913, 40.813516998775462 ], [ -96.648827999443526, 40.813509998718963 ], [ -96.647759999471688, 40.813499998628437 ], [ -96.646481000227908, 40.813493999029795 ], [ -96.644203999628701, 40.813487999261135 ], [ -96.644144999801981, 40.813487999333702 ], [ -96.644117000305954, 40.81348799947984 ], [ -96.641824999636654, 40.813474999226507 ], [ -96.641755000318398, 40.813474999071822 ], [ -96.641679999609892, 40.813474998665427 ], [ -96.638326000351725, 40.813454998662422 ], [ -96.635651999439332, 40.813439998765389 ], [ -96.635100000318573, 40.813436999484942 ], [ -96.63289999980735, 40.813425999079463 ], [ -96.631356999915141, 40.813422999151065 ], [ -96.630676000388974, 40.813421998868542 ], [ -96.630618999669124, 40.813420998929026 ], [ -96.630545000485455, 40.813420998986693 ], [ -96.62838899980035, 40.813415998979018 ], [ -96.627958000095873, 40.81341199883191 ], [ -96.625145999698788, 40.813392998877539 ], [ -96.624982999613948, 40.813392999033027 ] ] ] } },
{ "type": "Feature", "properties": { "OBJECTID_1": 4, "OBJECTID": 27, "District_N": "27", "District_1": 27, "Compactnes": 25.14665877, "Population": 0, "Voting_Age": 0, "GlobalID": "{BBFABB97-6F89-40AE-AC34-42CC02463AD3}", "ShapeSTArea": 426293056.97824019, "ShapeSTLength": 148727.13876268431 }, "geometry": { "type": "Polygon", "coordinates": [ [ [ -96.712164999702182, 40.828700999246884 ], [ -96.712165000054938, 40.829025999093219 ], [ -96.712159000057099, 40.829793999185043 ], [ -96.71214400042355, 40.833396999036324 ], [ -96.712142999885131, 40.833478998758913 ], [ -96.712141999793346, 40.83349999904064 ], [ -96.712771000589086, 40.833360999172051 ], [ -96.71348900031299, 40.833237998723874 ], [ -96.713685000413861, 40.833197999200898 ], [ -96.714215999898229, 40.833056998891216 ], [ -96.714893000007436, 40.832895999496273 ], [ -96.715199999464716, 40.832828998825413 ], [ -96.715906000215227, 40.832683999188411 ], [ -96.716180999724656, 40.832616999122997 ], [ -96.716928000077601, 40.832416998717228 ], [ -96.71773599974064, 40.832241999236878 ], [ -96.718332000522878, 40.832077999281005 ], [ -96.718638000412739, 40.832015998866687 ], [ -96.719463000059889, 40.831870998963907 ], [ -96.719863000328985, 40.831781998768761 ], [ -96.720402999531188, 40.831655999426729 ], [ -96.721009000522145, 40.831509998840836 ], [ -96.721726000552408, 40.831319998704636 ], [ -96.721985000517563, 40.831260998879195 ], [ -96.722355000309321, 40.831197999083273 ], [ -96.723633000156084, 40.831004998757123 ], [ -96.72394700031856, 40.830944998771145 ], [ -96.724099000472535, 40.830902998943721 ], [ -96.724220000311675, 40.830860998732483 ], [ -96.724445999492218, 40.830783999402193 ], [ -96.724800999643818, 40.830682998781661 ], [ -96.725110999780796, 40.830607999154651 ], [ -96.725478999893298, 40.830535999073 ], [ -96.725853000577146, 40.830489998784373 ], [ -96.726272000580877, 40.830403999206148 ], [ -96.726886000072312, 40.830240998962687 ], [ -96.727559999764949, 40.830085998747784 ], [ -96.728071000331965, 40.829947999342302 ], [ -96.728178000132019, 40.829934999431913 ], [ -96.728440000127975, 40.82988199900511 ], [ -96.728600999551702, 40.829864998937893 ], [ -96.728870999854166, 40.829854998883185 ], [ -96.729141999434688, 40.829869999486348 ], [ -96.729304000224985, 40.829869999308507 ], [ -96.729467000060154, 40.829859999146969 ], [ -96.729570000034741, 40.829837999472979 ], [ -96.729816999625328, 40.829751999250476 ], [ -96.730008000503616, 40.829673999483468 ], [ -96.730262000217394, 40.829602998909358 ], [ -96.730271999411343, 40.829600998973085 ], [ -96.730404000251852, 40.829689998814231 ], [ -96.730535000375482, 40.829779999261433 ], [ -96.730566999695043, 40.829774999031542 ], [ -96.73065600036594, 40.82976999936993 ], [ -96.730382000538015, 40.829577999222913 ], [ -96.73057600055202, 40.829536999238265 ], [ -96.730683000386847, 40.829523998804696 ], [ -96.730900000135904, 40.829517998923883 ], [ -96.730952999533443, 40.829512998890202 ], [ -96.731264999754416, 40.829440999348122 ], [ -96.73137100050279, 40.829426999160866 ], [ -96.731750000118851, 40.829410999477886 ], [ -96.732451000520896, 40.829359999207291 ], [ -96.732614000585954, 40.829359999399927 ], [ -96.732990999739442, 40.829387999168304 ], [ -96.733207999527181, 40.829396998996337 ], [ -96.733528999501985, 40.829434999398039 ], [ -96.733796000107802, 40.829470998837444 ], [ -96.733951999609843, 40.829505999159167 ], [ -96.734307999460114, 40.829604999151179 ], [ -96.734627000120724, 40.829654999276563 ], [ -96.735055000517647, 40.829708998948284 ], [ -96.735216999947028, 40.829715999501225 ], [ -96.735488000361315, 40.829710999008626 ], [ -96.735704000186644, 40.829693998819579 ], [ -96.735812000572665, 40.829691999307286 ], [ -96.735918999671654, 40.829683998669744 ], [ -96.736936999997241, 40.829803998631064 ], [ -96.737095999691533, 40.82982899943319 ], [ -96.737355999833071, 40.829886999484145 ], [ -96.737621999660647, 40.829926999256735 ], [ -96.737995999774668, 40.829974998957631 ], [ -96.738590999937685, 40.83000799945588 ], [ -96.738915000025784, 40.830029998924608 ], [ -96.739237000267067, 40.830060999178571 ], [ -96.739398999805672, 40.83006799926131 ], [ -96.739778999460981, 40.830068999197628 ], [ -96.740320000120249, 40.830098999397869 ], [ -96.740642999901851, 40.830125999117342 ], [ -96.740959999670167, 40.830181999384891 ], [ -96.741227000535744, 40.830213998970784 ], [ -96.741539999632977, 40.830280999273953 ], [ -96.741648000547301, 40.830288999097625 ], [ -96.741913000150745, 40.830332999101522 ], [ -96.742346999748378, 40.83033899882318 ], [ -96.742454000322539, 40.830346999263398 ], [ -96.742666999551716, 40.830379998844037 ], [ -96.742770000220887, 40.830404999408046 ], [ -96.743119999816855, 40.830515998623511 ], [ -96.743476999434762, 40.830613999150096 ], [ -96.744155999605979, 40.830757999041289 ], [ -96.744256999822582, 40.830787999396691 ], [ -96.744401999606595, 40.830843999122301 ], [ -96.744453999869179, 40.830855999101374 ], [ -96.744669000400577, 40.83088199937977 ], [ -96.744767999956068, 40.830911999368396 ], [ -96.745004999464101, 40.831013998916227 ], [ -96.745111000188771, 40.831034998849475 ], [ -96.7451580004671, 40.831053999209367 ], [ -96.745287000078989, 40.831127999246519 ], [ -96.745413999641343, 40.831206999380029 ], [ -96.745779000358468, 40.831452998741632 ], [ -96.745819999482251, 40.831477998768108 ], [ -96.745664999589167, 40.831700999281026 ], [ -96.745844999535919, 40.831819998843926 ], [ -96.746001000132409, 40.831922999444217 ], [ -96.746393000504924, 40.832207999360101 ], [ -96.746541000184664, 40.832335999499641 ], [ -96.746620000159922, 40.832391999245665 ], [ -96.746667999713594, 40.832411998867897 ], [ -96.746956000115048, 40.832507999437517 ], [ -96.747094000121493, 40.832311999331075 ], [ -96.748402999653052, 40.830457998878813 ], [ -96.754295999908507, 40.830360999391658 ], [ -96.75433400038709, 40.828521998729514 ], [ -96.756421999934361, 40.828426999380049 ], [ -96.756473999792306, 40.82317299895211 ], [ -96.75492600042331, 40.821018998917019 ], [ -96.758833999613117, 40.82117399929929 ], [ -96.758881999455539, 40.821047998861808 ], [ -96.761286999624247, 40.821044999094077 ], [ -96.761243000446868, 40.819940999063256 ], [ -96.761259999886803, 40.816421999356734 ], [ -96.761245000465365, 40.815877998969803 ], [ -96.762010999519092, 40.815747998886046 ], [ -96.762684999411022, 40.815648998788589 ], [ -96.763344000081901, 40.815565999113382 ], [ -96.7640240003944, 40.815492999279215 ], [ -96.764478999696166, 40.815459999205679 ], [ -96.765237999656918, 40.815421998618362 ], [ -96.765957999565003, 40.815400999034374 ], [ -96.766661999963887, 40.815394999138512 ], [ -96.767329999924485, 40.815401998676073 ], [ -96.768015999841964, 40.815422999072418 ], [ -96.76870100021732, 40.815456999388566 ], [ -96.769516999841244, 40.815512999197523 ], [ -96.770972000429708, 40.815624998980098 ], [ -96.772498000078741, 40.815756999348046 ], [ -96.776538999851169, 40.816113998864282 ], [ -96.777676000554976, 40.816201998634362 ], [ -96.777739999681529, 40.815849999027549 ], [ -96.77794500051742, 40.814743998927149 ], [ -96.777952000588542, 40.81369499948476 ], [ -96.780383999970255, 40.813696998639792 ], [ -96.782740999947947, 40.813699999492613 ], [ -96.78274199959975, 40.813541998765253 ], [ -96.782748000136436, 40.811888999163969 ], [ -96.782667000105207, 40.810006999313664 ], [ -96.782665000230381, 40.809948998853663 ], [ -96.778997000494584, 40.809919998618007 ], [ -96.778723999677055, 40.809926999212806 ], [ -96.77870199947499, 40.809926999390186 ], [ -96.778701000428114, 40.808179998948816 ], [ -96.778700999957834, 40.807866999102821 ], [ -96.778701000081185, 40.807779999070455 ], [ -96.77870100033121, 40.806431999499537 ], [ -96.778070687668986, 40.805748526920134 ], [ -96.777985741574426, 40.805735450267193 ], [ -96.777806209018564, 40.805702927323409 ], [ -96.777463389182387, 40.805696487859983 ], [ -96.777255849616225, 40.805732624855118 ], [ -96.776976189901362, 40.805803972238984 ], [ -96.776816183685042, 40.80573168887846 ], [ -96.776669952793299, 40.805607923496851 ], [ -96.776629897496818, 40.805449031162766 ], [ -96.776361685423439, 40.805337855329398 ], [ -96.775990783833777, 40.805366418857773 ], [ -96.775714514273716, 40.805470808726909 ], [ -96.775510234055787, 40.805624898364663 ], [ -96.77516682017712, 40.805761818630529 ], [ -96.774648862706854, 40.805809014520541 ], [ -96.773637781899382, 40.805806017626161 ], [ -96.773102766743591, 40.805742632013143 ], [ -96.772562377306372, 40.805715660037421 ], [ -96.771887502845274, 40.805671312889565 ], [ -96.7712842078205, 40.805659799828582 ], [ -96.770954519646295, 40.805586346570628 ], [ -96.770650622589912, 40.805559387283708 ], [ -96.770188498463739, 40.805625030013658 ], [ -96.769594750209876, 40.805475631528488 ], [ -96.769275124364114, 40.805516813684548 ], [ -96.768842892351088, 40.805506054258544 ], [ -96.768212215847058, 40.805390125127126 ], [ -96.767597712476402, 40.805393457914221 ], [ -96.767044871411713, 40.805332710103144 ], [ -96.766466305071233, 40.805334767842993 ], [ -96.766060332700462, 40.805264612919792 ], [ -96.765592669493927, 40.805262894024757 ], [ -96.764997203155289, 40.805238414242588 ], [ -96.764748957044262, 40.805206103169112 ], [ -96.764352023475325, 40.805109455943835 ], [ -96.763989005195782, 40.805114920692994 ], [ -96.763722320212082, 40.805108856703946 ], [ -96.763440075741642, 40.805084729436928 ], [ -96.763130582692227, 40.805089536096972 ], [ -96.762439928252192, 40.804996454195795 ], [ -96.761423794492273, 40.804898891460375 ], [ -96.759974130612008, 40.80480367173098 ], [ -96.759134230344543, 40.804736964958934 ], [ -96.758944135773248, 40.804755601352433 ], [ -96.758942873894256, 40.804243432652719 ], [ -96.758941308130389, 40.803543631152138 ], [ -96.758939708637214, 40.802828792152397 ], [ -96.760255999735008, 40.802837998879347 ], [ -96.761490999759559, 40.802841999062714 ], [ -96.762126000046138, 40.802844998667013 ], [ -96.763425999817514, 40.80284699863801 ], [ -96.763730000124269, 40.802849998946883 ], [ -96.763730000402035, 40.802747999217715 ], [ -96.763688999922124, 40.799356998935892 ], [ -96.763686000286341, 40.799321998775802 ], [ -96.764540000514444, 40.799322999043746 ], [ -96.764539000161562, 40.799234999145476 ], [ -96.767091000519329, 40.799243999184426 ], [ -96.768625999842513, 40.799247998984775 ], [ -96.769926000085718, 40.799235999448221 ], [ -96.769917000478102, 40.798659998780792 ], [ -96.769902000195344, 40.797906998956577 ], [ -96.769893000501639, 40.797840999050983 ], [ -96.769856999410322, 40.797712999173207 ], [ -96.769582999669439, 40.796967999272702 ], [ -96.769561999726804, 40.796861999187705 ], [ -96.769557999964476, 40.796777999396213 ], [ -96.769562999834619, 40.796708999181241 ], [ -96.769574000152758, 40.796647998791968 ], [ -96.769593000338645, 40.796578999488027 ], [ -96.769629000292625, 40.796494999337085 ], [ -96.769669999597411, 40.796423998980877 ], [ -96.769710000585221, 40.796367998948 ], [ -96.769293000570713, 40.796174998997728 ], [ -96.769218999936484, 40.796124998869118 ], [ -96.769154000396767, 40.796063998819008 ], [ -96.769123999946402, 40.796027999349633 ], [ -96.769081000581309, 40.79595599925522 ], [ -96.769051999891886, 40.795869999085241 ], [ -96.769044000540632, 40.795777998902238 ], [ -96.769041000074537, 40.795177999413468 ], [ -96.769036999974702, 40.79415699951047 ], [ -96.769028999607144, 40.792330999244456 ], [ -96.7690309998722, 40.792184999394053 ], [ -96.769052000422036, 40.792075999072516 ], [ -96.769093000006748, 40.791966999109206 ], [ -96.769115999933035, 40.791921999330683 ], [ -96.768756000532932, 40.791906998988971 ], [ -96.768803000321157, 40.784626998920288 ], [ -96.768517999466596, 40.784626998993964 ], [ -96.768445000095326, 40.784625999047854 ], [ -96.768447999671409, 40.784515999128409 ], [ -96.76656399979926, 40.784509999019406 ], [ -96.762917999553736, 40.784518998779092 ], [ -96.760596000245656, 40.78450999876452 ], [ -96.758835000425051, 40.784497998900932 ], [ -96.758836999736417, 40.784606998712412 ], [ -96.758234999591778, 40.784606999008716 ], [ -96.75261599992939, 40.784600999406877 ], [ -96.749446000430439, 40.784596998907553 ], [ -96.749349000098434, 40.784596999144583 ], [ -96.747885999586103, 40.784593999469536 ], [ -96.74650799989567, 40.784591998950191 ], [ -96.746479999443778, 40.784499999041209 ], [ -96.744866999824552, 40.784496999117529 ], [ -96.74486800038882, 40.78413499866798 ], [ -96.744869000030803, 40.783789998658293 ], [ -96.743575999585957, 40.784493998663379 ], [ -96.740780000261253, 40.784489999168109 ], [ -96.739817999507011, 40.784495999459928 ], [ -96.739815999878658, 40.784579998658202 ], [ -96.739377000235194, 40.784580998832389 ], [ -96.739092999525241, 40.784591999499987 ], [ -96.738835999776569, 40.784612998771969 ], [ -96.738719999548138, 40.784627998998587 ], [ -96.736479000524866, 40.784604999309032 ], [ -96.736311999853356, 40.784600999240098 ], [ -96.735778000249752, 40.784589999025577 ], [ -96.735678000146748, 40.784587999021277 ], [ -96.734797000422205, 40.784583999261052 ], [ -96.734653000484172, 40.784568999304277 ], [ -96.73026000006935, 40.784559999457649 ], [ -96.729340000056368, 40.784557999201724 ], [ -96.728330999757333, 40.78455599929616 ], [ -96.728118999639776, 40.784555999255872 ], [ -96.727947999639142, 40.784554998669108 ], [ -96.727554000063236, 40.784553998735397 ], [ -96.72732600007771, 40.784553999111822 ], [ -96.727279000298722, 40.784553998888455 ], [ -96.726569999530085, 40.784551999184664 ], [ -96.725995999636254, 40.784550998939693 ], [ -96.725736000532436, 40.7845499990894 ], [ -96.72203400056479, 40.784541999059044 ], [ -96.721922000113949, 40.78455799872917 ], [ -96.720639000077682, 40.784538999487651 ], [ -96.720608000212351, 40.78445899891684 ], [ -96.720594000370838, 40.784364998779004 ], [ -96.720595999897228, 40.78405399871864 ], [ -96.719900999942908, 40.784041998735525 ], [ -96.719229999611713, 40.784031998786546 ], [ -96.719232999961122, 40.783630998655916 ], [ -96.719237000005563, 40.78320699897548 ], [ -96.719242999746925, 40.78268699921577 ], [ -96.71914200039717, 40.782800998925289 ], [ -96.71789300016377, 40.782823999215488 ], [ -96.717909000199981, 40.783618999121344 ], [ -96.71696099979296, 40.783628998632807 ], [ -96.715802999635386, 40.783622998655289 ], [ -96.715580999494776, 40.78362599898886 ], [ -96.715394000499018, 40.783628998712743 ], [ -96.715050999587845, 40.780597998648432 ], [ -96.714924000256218, 40.77949699905772 ], [ -96.714685000376818, 40.777474998773243 ], [ -96.714853000537914, 40.777469999309275 ], [ -96.714571999976428, 40.775051999094089 ], [ -96.714376999596141, 40.773474998739786 ], [ -96.714253999911264, 40.771821998617035 ], [ -96.714196000171356, 40.770773999372473 ], [ -96.714178000037776, 40.770508999118256 ], [ -96.714165000432644, 40.770282998925069 ], [ -96.714002000315503, 40.770282998768664 ], [ -96.713994999566992, 40.770179998723414 ], [ -96.713435999531896, 40.770178999252245 ], [ -96.713071999706926, 40.770178999490568 ], [ -96.713067999614793, 40.770158998652981 ], [ -96.713062999992999, 40.770034998711019 ], [ -96.713069999791102, 40.769952999477184 ], [ -96.713114000231911, 40.769748999186604 ], [ -96.713118999518841, 40.769707998790466 ], [ -96.713109000122486, 40.769626999138431 ], [ -96.713079000452709, 40.769546998820537 ], [ -96.713032000122169, 40.76947299917466 ], [ -96.712904999902349, 40.769338999033586 ], [ -96.712829000069021, 40.769279998944747 ], [ -96.712754999674672, 40.769233999082289 ], [ -96.712576999855514, 40.769137999487434 ], [ -96.712530999660672, 40.769117999440034 ], [ -96.712430999735787, 40.769089999483647 ], [ -96.712162000191285, 40.769054998744586 ], [ -96.711625999842553, 40.768997999283805 ], [ -96.711463999536733, 40.768992998738 ], [ -96.711192000045742, 40.768999998763661 ], [ -96.711082999866107, 40.769006999056273 ], [ -96.71102899955217, 40.769006999013058 ], [ -96.710976000340821, 40.769000999043577 ], [ -96.710824000318595, 40.768962999501682 ], [ -96.710523000501851, 40.768864999423386 ], [ -96.709901000006226, 40.768720999016601 ], [ -96.70959899969381, 40.768630999018285 ], [ -96.709442000140143, 40.768597998789211 ], [ -96.709227000022437, 40.768579998803112 ], [ -96.709010000158344, 40.768574999485978 ], [ -96.708684999997942, 40.768583999513609 ], [ -96.708524000129415, 40.768569999159588 ], [ -96.708098000464091, 40.768506999160742 ], [ -96.707404000501654, 40.768415999195426 ], [ -96.707313000107476, 40.768399999000422 ], [ -96.707246999528337, 40.768388999283864 ], [ -96.707187000245128, 40.768365999129081 ], [ -96.707101000229841, 40.768332999229642 ], [ -96.706604000464438, 40.768169998651722 ], [ -96.70644699956685, 40.768139999149732 ], [ -96.706020999601677, 40.768075999182443 ], [ -96.705121999869945, 40.767924999473621 ], [ -96.704748999672518, 40.767873999372675 ], [ -96.704320999458915, 40.767825998928835 ], [ -96.703997000420983, 40.767803999302508 ], [ -96.703455999744904, 40.767780998712837 ], [ -96.702862000102058, 40.767748998791433 ], [ -96.702321000361792, 40.767731998887555 ], [ -96.701889999681882, 40.767702999214301 ], [ -96.701650000288765, 40.767683999408504 ], [ -96.70163899957079, 40.767099998905209 ], [ -96.701620000534476, 40.766989999357399 ], [ -96.701621000216207, 40.766011998722234 ], [ -96.70162300011711, 40.763761998675655 ], [ -96.701625000539977, 40.761683999340029 ], [ -96.70162600010984, 40.760478999280693 ], [ -96.701649999732979, 40.759886998812746 ], [ -96.701696999921481, 40.75949899928677 ], [ -96.701627000410127, 40.759498999435259 ], [ -96.701578999948595, 40.759551999375375 ], [ -96.701547000204997, 40.759603998824389 ], [ -96.701474999995582, 40.760113998929306 ], [ -96.701548999409781, 40.758720999026906 ], [ -96.701753999520093, 40.757538998882346 ], [ -96.701940999739392, 40.75703099890903 ], [ -96.702007999607844, 40.756900998808817 ], [ -96.701966000149653, 40.756782998679277 ], [ -96.701923999448184, 40.756663999029882 ], [ -96.701855000471312, 40.75640299942625 ], [ -96.701810000274889, 40.756137998902453 ], [ -96.701789000534475, 40.755889998742681 ], [ -96.701785999794993, 40.755756998641594 ], [ -96.701776999447546, 40.755671998781153 ], [ -96.701729999882673, 40.755671998956593 ], [ -96.701679999715765, 40.755671999467125 ], [ -96.701680000124966, 40.75561599941463 ], [ -96.701680999821235, 40.755570999173656 ], [ -96.701647999927729, 40.754783999256688 ], [ -96.701673999833844, 40.754395999165979 ], [ -96.701654999917224, 40.752636998866471 ], [ -96.701647000121284, 40.751955998758383 ], [ -96.701639999801031, 40.751652998855192 ], [ -96.701617999950358, 40.749706999065452 ], [ -96.701611000584279, 40.74874799870738 ], [ -96.701602999843601, 40.748366998740032 ], [ -96.701596000585482, 40.748007999418917 ], [ -96.701575000087416, 40.74692699880071 ], [ -96.701558999549263, 40.743202998890432 ], [ -96.701558000334515, 40.743003999432247 ], [ -96.701557999690579, 40.742912999484055 ], [ -96.701553000187928, 40.741636998930801 ], [ -96.701549000045219, 40.740770999468452 ], [ -96.701543999600688, 40.73850399877648 ], [ -96.701536999831134, 40.73566099928648 ], [ -96.701532000074877, 40.733756999261637 ], [ -96.701526000555162, 40.732252999451845 ], [ -96.701526000072889, 40.732232999416098 ], [ -96.701523999917711, 40.731946999400456 ], [ -96.701517999568111, 40.730442999117173 ], [ -96.701515000040629, 40.729772999370546 ], [ -96.701507999578084, 40.728137999254216 ], [ -96.701507000477974, 40.727919998730961 ], [ -96.701386999810154, 40.727822999213664 ], [ -96.701338000446526, 40.727756998660112 ], [ -96.700429000314344, 40.726484998660034 ], [ -96.700294999494517, 40.726298999187463 ], [ -96.699149999418296, 40.724703998759388 ], [ -96.698030000089176, 40.723141998755885 ], [ -96.697826000447989, 40.722841998975099 ], [ -96.696538999853743, 40.721062999321802 ], [ -96.695231999444047, 40.719240999030411 ], [ -96.69398700004362, 40.717504999207712 ], [ -96.69339799964375, 40.716682999209027 ], [ -96.692905999851618, 40.715996999165093 ], [ -96.692617000478634, 40.715594999261761 ], [ -96.6919939996247, 40.714725999105497 ], [ -96.691994999729772, 40.714446999020723 ], [ -96.690200000565142, 40.71198699865802 ], [ -96.688839000471845, 40.712013999087134 ], [ -96.68540299969824, 40.712081999185393 ], [ -96.68540800034188, 40.711938999126261 ], [ -96.682960000202272, 40.711927998955275 ], [ -96.682508999494203, 40.711875999140844 ], [ -96.682509000071349, 40.712139999461947 ], [ -96.682510000511542, 40.715442999228721 ], [ -96.682511000372543, 40.717298998898663 ], [ -96.682510999808073, 40.718503998884259 ], [ -96.68251100018513, 40.71879899898429 ], [ -96.682510999574419, 40.718948999151408 ], [ -96.682512000291609, 40.720338998881473 ], [ -96.682513999675095, 40.722716998753548 ], [ -96.682519000100129, 40.726402999446186 ], [ -96.682521000515933, 40.728601999487147 ], [ -96.682521999521782, 40.730330999010931 ], [ -96.682525000500945, 40.734672999447412 ], [ -96.682823000037843, 40.734673999340366 ], [ -96.682786999606137, 40.736156998957661 ], [ -96.682829999466534, 40.736642999361237 ], [ -96.68282100020393, 40.736748998791271 ], [ -96.682525999446554, 40.736747999037057 ], [ -96.682526999476096, 40.737780998999192 ], [ -96.682527999865826, 40.739567999486752 ], [ -96.682528000547862, 40.740803999275158 ], [ -96.682528000338891, 40.741635998927784 ], [ -96.682527999553884, 40.741859998779056 ], [ -96.68252599946986, 40.742980999114451 ], [ -96.682524999813282, 40.743900998924723 ], [ -96.68252500023155, 40.743995998676574 ], [ -96.682523999894769, 40.744980999422999 ], [ -96.682521000075866, 40.747747999382412 ], [ -96.682520000066773, 40.748184999508595 ], [ -96.682519999792945, 40.748787999201909 ], [ -96.68251900040022, 40.751015998649379 ], [ -96.682519000475011, 40.752099999474034 ], [ -96.682518999737752, 40.752893999272274 ], [ -96.682538000521944, 40.75319799944765 ], [ -96.682552000135843, 40.753756998649436 ], [ -96.682566000444538, 40.754295998736545 ], [ -96.682566000583023, 40.754754999177088 ], [ -96.682566000010311, 40.755380999346102 ], [ -96.682565999532287, 40.755429999281645 ], [ -96.682565999991695, 40.755481998624759 ], [ -96.682566999568365, 40.758445999171883 ], [ -96.682555999506491, 40.758605999104454 ], [ -96.682518999427316, 40.759534999215482 ], [ -96.682518999856455, 40.760428999478606 ], [ -96.6825190003226, 40.761136998675873 ], [ -96.682519999548873, 40.763937999303941 ], [ -96.68251999991368, 40.76567499947334 ], [ -96.682519999539423, 40.766435999470964 ], [ -96.682520000453863, 40.767052999262638 ], [ -96.682503999694873, 40.767170998980788 ], [ -96.682495000380257, 40.767292998834584 ], [ -96.682504000580124, 40.767444998972401 ], [ -96.682584000367854, 40.76785399925285 ], [ -96.682593000094968, 40.767884999497738 ], [ -96.682653000193582, 40.768094999142448 ], [ -96.682656999818818, 40.768108998637139 ], [ -96.682698000440396, 40.768234998816098 ], [ -96.682764999666119, 40.76844399921427 ], [ -96.682829999658196, 40.768703999198827 ], [ -96.682870999877125, 40.76896599886058 ], [ -96.682885999598454, 40.769153999207518 ], [ -96.682874000508036, 40.769445999472872 ], [ -96.68295599964037, 40.76944999932477 ], [ -96.683032999434161, 40.769454999301473 ], [ -96.683024999892368, 40.769567999188915 ], [ -96.682870000437333, 40.769557999128743 ], [ -96.682853999512247, 40.769890999402165 ], [ -96.682824999941744, 40.770099998940395 ], [ -96.682777999891485, 40.770306998642141 ], [ -96.682769999523472, 40.77033399918119 ], [ -96.682762000174762, 40.770362998719463 ], [ -96.682718999704051, 40.770492999260725 ], [ -96.682704999501141, 40.77052999901796 ], [ -96.682630999681891, 40.770758998992434 ], [ -96.682571000015585, 40.770961999074657 ], [ -96.682537000243642, 40.771149998863542 ], [ -96.682525000581094, 40.771268999092015 ], [ -96.682518999780868, 40.771446998903521 ], [ -96.68251799970659, 40.77219399879197 ], [ -96.682517999743013, 40.773234999141941 ], [ -96.682517999471131, 40.773437999271273 ], [ -96.682516999768538, 40.774992999444066 ], [ -96.682517000244786, 40.775243998878622 ], [ -96.682516000035051, 40.776176998720608 ], [ -96.68251600013464, 40.777173998794787 ], [ -96.683202999721615, 40.776648999321246 ], [ -96.686439999848901, 40.776694999447784 ], [ -96.688694000278176, 40.776726999255359 ], [ -96.691384000320127, 40.776764998808787 ], [ -96.692074999910801, 40.777309998980954 ], [ -96.69326699990819, 40.777327999012506 ], [ -96.694456000060157, 40.777344999105217 ], [ -96.695644999747188, 40.777362999052471 ], [ -96.696833999943962, 40.777379998956334 ], [ -96.698022999711284, 40.777397998714719 ], [ -96.699212000119871, 40.777415998828801 ], [ -96.700400999985163, 40.777433999298722 ], [ -96.701600999771017, 40.777450999335151 ], [ -96.701599999682657, 40.777944999404269 ], [ -96.701597999665637, 40.77882899935198 ], [ -96.701596999875065, 40.779207999361667 ], [ -96.70159599959878, 40.77971299916377 ], [ -96.701592999697368, 40.780596998956973 ], [ -96.701593000390105, 40.780967999146398 ], [ -96.701591000424642, 40.781572999133886 ], [ -96.701589000554819, 40.782557999127619 ], [ -96.701585999890327, 40.783520999316849 ], [ -96.70158299977787, 40.784527998843558 ], [ -96.701572999782272, 40.785349999268469 ], [ -96.701566999473556, 40.785805999440448 ], [ -96.701560999673617, 40.786299999376979 ], [ -96.701548000078404, 40.78735899864089 ], [ -96.701538999626194, 40.788077999042677 ], [ -96.701538000104321, 40.788114999451679 ], [ -96.701529000196786, 40.788825999282281 ], [ -96.701515000183946, 40.789951998677822 ], [ -96.701503999578961, 40.790813999003198 ], [ -96.701491999996861, 40.791740998984153 ], [ -96.701490999986959, 40.791822999208954 ], [ -96.701483999455576, 40.792347999328292 ], [ -96.701480999611107, 40.792606998824326 ], [ -96.701474999984924, 40.79310799914623 ], [ -96.701467000469123, 40.793703999487711 ], [ -96.701462999930897, 40.794018998717647 ], [ -96.70145299988728, 40.794801999436004 ], [ -96.701452000313779, 40.794921999360874 ], [ -96.701439000033872, 40.795899999172946 ], [ -96.701435000057117, 40.796224998638472 ], [ -96.701424999724011, 40.796997998698615 ], [ -96.701423000460224, 40.797190998765458 ], [ -96.701412000190004, 40.798095998797592 ], [ -96.701399000232485, 40.799193998685595 ], [ -96.701246999629333, 40.799191999163916 ], [ -96.701240000584306, 40.800294999213989 ], [ -96.701233000125896, 40.801391999383831 ], [ -96.701226000236545, 40.802516998691857 ], [ -96.701223999639609, 40.802688999285103 ], [ -96.701222000251889, 40.803154998853216 ], [ -96.701219000116055, 40.803641998679858 ], [ -96.701212000160027, 40.804738999110427 ], [ -96.701207999715706, 40.805381999195362 ], [ -96.701205999943696, 40.805840999387463 ], [ -96.70258899963126, 40.805845999330671 ], [ -96.702581000501908, 40.806942998648353 ], [ -96.702572999820177, 40.808082999382606 ], [ -96.702565000535202, 40.809197999054398 ], [ -96.702626999576211, 40.809197999345344 ], [ -96.702619999640007, 40.810299998966805 ], [ -96.70261299957005, 40.811396999111871 ], [ -96.702607000193709, 40.812496999199738 ], [ -96.702599999657608, 40.813582999105954 ], [ -96.702590999692234, 40.813648999154303 ], [ -96.704037000335433, 40.813653998986119 ], [ -96.705517999436111, 40.813659999208788 ], [ -96.707000000267982, 40.813665999166517 ], [ -96.708479000215092, 40.813670999136441 ], [ -96.708473999906403, 40.81475699881824 ], [ -96.708468000252225, 40.815865999393857 ], [ -96.708462999695371, 40.816959999097463 ], [ -96.708460999874333, 40.817511998942543 ], [ -96.708457999570129, 40.818082999157163 ], [ -96.708455999587542, 40.818448998922037 ], [ -96.708462000568076, 40.818599999421878 ], [ -96.708487999908371, 40.818926998724152 ], [ -96.708626000068747, 40.818923999140004 ], [ -96.708654999427125, 40.818914999443301 ], [ -96.708721999479536, 40.819100999124686 ], [ -96.708810000029857, 40.819296998903887 ], [ -96.708911000141129, 40.81948599892015 ], [ -96.709019999703273, 40.819661999498862 ], [ -96.710106999565113, 40.821288999153929 ], [ -96.710279000465775, 40.821545999228384 ], [ -96.711253000488185, 40.82300499936823 ], [ -96.711472000246189, 40.823351999019017 ], [ -96.711634000260034, 40.823658998754674 ], [ -96.711667999684877, 40.823722998821751 ], [ -96.711798999571045, 40.824015999171763 ], [ -96.711906000313235, 40.824297999120532 ], [ -96.712004000345701, 40.824612999318177 ], [ -96.712045000398959, 40.824772999318895 ], [ -96.712111999568805, 40.825100999215579 ], [ -96.712159999853995, 40.825450999016411 ], [ -96.712177999505627, 40.82568899911 ], [ -96.712181000545158, 40.825952998979481 ], [ -96.712177000584944, 40.826641998825167 ], [ -96.712167000585211, 40.828212999279785 ], [ -96.712165000401157, 40.828463999507861 ], [ -96.712164999702182, 40.828700999246884 ] ] ] } },
{ "type": "Feature", "properties": { "OBJECTID_1": 5, "OBJECTID": 28, "District_N": "28", "District_1": 28, "Compactnes": 44.4019492, "Population": 0, "Voting_Age": 0, "GlobalID": "{B2BBE526-CE51-433F-A13A-EF49FB347AB3}", "ShapeSTArea": 207087838.99699903, "ShapeSTLength": 74312.769589612988 }, "geometry": { "type": "Polygon", "coordinates": [ [ [ -96.670189999886446, 40.813540998800178 ], [ -96.671511000515125, 40.813538998699492 ], [ -96.672782000149326, 40.813536999377611 ], [ -96.672883999714116, 40.813538999213364 ], [ -96.674629000232542, 40.813535999085566 ], [ -96.674998000091932, 40.813535999114237 ], [ -96.676303999851484, 40.813533999167547 ], [ -96.676487000123544, 40.813532999259309 ], [ -96.676628999618046, 40.813531999509884 ], [ -96.677599000020194, 40.813531998749347 ], [ -96.678314000536389, 40.813530998808524 ], [ -96.679406999943311, 40.813528998684824 ], [ -96.679676000314217, 40.813528998724877 ], [ -96.680276999783786, 40.813527998994104 ], [ -96.680865999763284, 40.813545999248284 ], [ -96.681149999902345, 40.813554999420774 ], [ -96.681992999538735, 40.813580999380662 ], [ -96.682260999666212, 40.813582998629343 ], [ -96.682405999935384, 40.813582998616802 ], [ -96.683742000040183, 40.813587998833519 ], [ -96.685186000321764, 40.813579999218973 ], [ -96.6866310002369, 40.813585998750632 ], [ -96.688075000132599, 40.813591999094967 ], [ -96.689520000568493, 40.813597999363658 ], [ -96.690963999755667, 40.81360299917678 ], [ -96.692430999742314, 40.813608999350343 ], [ -96.69385899973004, 40.813614999048013 ], [ -96.695298999782992, 40.813620999228732 ], [ -96.696745999556853, 40.813625999427103 ], [ -96.698193999979736, 40.813631998891829 ], [ -96.69967500044055, 40.813637999376994 ], [ -96.700879000072092, 40.813641999479415 ], [ -96.701160999412906, 40.813639999423579 ], [ -96.701439000005152, 40.813643998798135 ], [ -96.702590999692234, 40.813648999154303 ], [ -96.702599999657608, 40.813582999105954 ], [ -96.702607000193709, 40.812496999199738 ], [ -96.70261299957005, 40.811396999111871 ], [ -96.702619999640007, 40.810299998966805 ], [ -96.702626999576211, 40.809197999345344 ], [ -96.702565000535202, 40.809197999054398 ], [ -96.702572999820177, 40.808082999382606 ], [ -96.702581000501908, 40.806942998648353 ], [ -96.70258899963126, 40.805845999330671 ], [ -96.701205999943696, 40.805840999387463 ], [ -96.701207999715706, 40.805381999195362 ], [ -96.701212000160027, 40.804738999110427 ], [ -96.701219000116055, 40.803641998679858 ], [ -96.701222000251889, 40.803154998853216 ], [ -96.701223999639609, 40.802688999285103 ], [ -96.701226000236545, 40.802516998691857 ], [ -96.701233000125896, 40.801391999383831 ], [ -96.701240000584306, 40.800294999213989 ], [ -96.701246999629333, 40.799191999163916 ], [ -96.701399000232485, 40.799193998685595 ], [ -96.701412000190004, 40.798095998797592 ], [ -96.701423000460224, 40.797190998765458 ], [ -96.701424999724011, 40.796997998698615 ], [ -96.701435000057117, 40.796224998638472 ], [ -96.701439000033872, 40.795899999172946 ], [ -96.701452000313779, 40.794921999360874 ], [ -96.70145299988728, 40.794801999436004 ], [ -96.701462999930897, 40.794018998717647 ], [ -96.701467000469123, 40.793703999487711 ], [ -96.701474999984924, 40.79310799914623 ], [ -96.701480999611107, 40.792606998824326 ], [ -96.701483999455576, 40.792347999328292 ], [ -96.701490999986959, 40.791822999208954 ], [ -96.701491999996861, 40.791740998984153 ], [ -96.701503999578961, 40.790813999003198 ], [ -96.701515000183946, 40.789951998677822 ], [ -96.701529000196786, 40.788825999282281 ], [ -96.701538000104321, 40.788114999451679 ], [ -96.701538999626194, 40.788077999042677 ], [ -96.701548000078404, 40.78735899864089 ], [ -96.701560999673617, 40.786299999376979 ], [ -96.701566999473556, 40.785805999440448 ], [ -96.701572999782272, 40.785349999268469 ], [ -96.70158299977787, 40.784527998843558 ], [ -96.701585999890327, 40.783520999316849 ], [ -96.701589000554819, 40.782557999127619 ], [ -96.701591000424642, 40.781572999133886 ], [ -96.701593000390105, 40.780967999146398 ], [ -96.701592999697368, 40.780596998956973 ], [ -96.70159599959878, 40.77971299916377 ], [ -96.701596999875065, 40.779207999361667 ], [ -96.701597999665637, 40.77882899935198 ], [ -96.701599999682657, 40.777944999404269 ], [ -96.701600999771017, 40.777450999335151 ], [ -96.700400999985163, 40.777433999298722 ], [ -96.699212000119871, 40.777415998828801 ], [ -96.698022999711284, 40.777397998714719 ], [ -96.696833999943962, 40.777379998956334 ], [ -96.695644999747188, 40.777362999052471 ], [ -96.694456000060157, 40.777344999105217 ], [ -96.69326699990819, 40.777327999012506 ], [ -96.692074999910801, 40.777309998980954 ], [ -96.691384000320127, 40.776764998808787 ], [ -96.688694000278176, 40.776726999255359 ], [ -96.686439999848901, 40.776694999447784 ], [ -96.683202999721615, 40.776648999321246 ], [ -96.68251600013464, 40.777173998794787 ], [ -96.682514999743432, 40.779405998747833 ], [ -96.682513999604112, 40.780393999128933 ], [ -96.682513999697008, 40.780848999494587 ], [ -96.682513000057426, 40.781459998903365 ], [ -96.682512999933138, 40.7815469993498 ], [ -96.682512999912888, 40.781646998671071 ], [ -96.682512000535965, 40.782795998848862 ], [ -96.682512000548584, 40.783436999236343 ], [ -96.682512000526458, 40.783536999425209 ], [ -96.682511999890352, 40.784427999266342 ], [ -96.682508000557476, 40.785053998715263 ], [ -96.682501999620186, 40.78604299918365 ], [ -96.682494999591583, 40.787133999454362 ], [ -96.682493999676026, 40.787318999095 ], [ -96.682490000041042, 40.788057999001708 ], [ -96.682488000510332, 40.788295998908538 ], [ -96.682483999909266, 40.78895999861966 ], [ -96.682479000387474, 40.789865998831637 ], [ -96.682476000242758, 40.79037999920844 ], [ -96.682543000349071, 40.790709999225193 ], [ -96.682542999960589, 40.790771999516195 ], [ -96.682537999451668, 40.791654999326511 ], [ -96.682537000374509, 40.791715999162911 ], [ -96.68240199998526, 40.791685998736909 ], [ -96.680032000315748, 40.79168199896769 ], [ -96.679899999673466, 40.791681998718353 ], [ -96.677629999976261, 40.791678999357792 ], [ -96.675545999838363, 40.791674998670828 ], [ -96.674935000412631, 40.791673998853376 ], [ -96.674140000566325, 40.79167299897091 ], [ -96.672831000166028, 40.791670999480417 ], [ -96.671971000030027, 40.791669999472127 ], [ -96.67163700011308, 40.791668998859464 ], [ -96.670535000343719, 40.791666998988887 ], [ -96.670443000132565, 40.791666999390678 ], [ -96.669250000175708, 40.79166499943608 ], [ -96.668056000341167, 40.791662998680152 ], [ -96.667692000507458, 40.791662998950677 ], [ -96.666863000529872, 40.791660999260003 ], [ -96.666544999624122, 40.79166099894848 ], [ -96.666266999485444, 40.791619998962439 ], [ -96.66566900005823, 40.791618999359429 ], [ -96.665019999643079, 40.791617999093802 ], [ -96.664838000442217, 40.791617998636333 ], [ -96.663281999913636, 40.791614998944283 ], [ -96.661950999722336, 40.791612999171534 ], [ -96.661869000270869, 40.791612999501687 ], [ -96.661438000405212, 40.791636998652322 ], [ -96.661293999949919, 40.791652998706013 ], [ -96.660893000040502, 40.791651999161338 ], [ -96.658502999904158, 40.791648998628524 ], [ -96.657308999507833, 40.791646999226849 ], [ -96.656113999940516, 40.791645999296506 ], [ -96.654931000313439, 40.79164399904402 ], [ -96.653728000051771, 40.791642999121009 ], [ -96.652535999815868, 40.791640998650792 ], [ -96.651345000237598, 40.791639999188604 ], [ -96.650153000131155, 40.791637999314837 ], [ -96.648961000099035, 40.791635998833719 ], [ -96.647768999536154, 40.791634999042053 ], [ -96.645366999517563, 40.791630999190602 ], [ -96.644160999803475, 40.791629999270079 ], [ -96.644165999485395, 40.790339999031737 ], [ -96.644168999492933, 40.789214999326688 ], [ -96.644172000158392, 40.788203998763407 ], [ -96.644213000167795, 40.788094998963537 ], [ -96.6441730003327, 40.788091998775656 ], [ -96.644077999848136, 40.788085998945597 ], [ -96.643336000445899, 40.788032998880006 ], [ -96.642897999872091, 40.788009999261824 ], [ -96.64277199951394, 40.788055998774233 ], [ -96.642749000202613, 40.788054999254207 ], [ -96.641689999529987, 40.787974998854899 ], [ -96.641176000226011, 40.787972999296215 ], [ -96.640126999639151, 40.787969999393745 ], [ -96.638209000029391, 40.787963999350822 ], [ -96.637015000294426, 40.787959998981464 ], [ -96.635828000372555, 40.787956998827809 ], [ -96.63548500002112, 40.787948999278704 ], [ -96.635147999582131, 40.787923999210108 ], [ -96.634753000258314, 40.787872998871606 ], [ -96.634454000411239, 40.787817998802922 ], [ -96.634159000474057, 40.787749999164966 ], [ -96.633870000017666, 40.787667998728701 ], [ -96.633587999825465, 40.787573998805613 ], [ -96.633297000094672, 40.787459999482024 ], [ -96.633006000463965, 40.787326999076498 ], [ -96.632752999941061, 40.787193999042785 ], [ -96.632502999540193, 40.787045999337515 ], [ -96.632256000389262, 40.786878999290359 ], [ -96.632039000296331, 40.786712999266463 ], [ -96.63181599993959, 40.786519998680376 ], [ -96.631628000235082, 40.786334999048073 ], [ -96.631408999449079, 40.786088999258666 ], [ -96.630961000202419, 40.785566998635247 ], [ -96.629876999468024, 40.784300999074652 ], [ -96.628099999731106, 40.784294999272355 ], [ -96.627815999836628, 40.78429399864465 ], [ -96.625149999822995, 40.784284998880153 ], [ -96.625110000301007, 40.784284998679446 ], [ -96.624994999749489, 40.784284998924576 ], [ -96.62501200018022, 40.786002999031787 ], [ -96.625024999867591, 40.787256999384034 ], [ -96.625014000297156, 40.788442998967959 ], [ -96.624983999422525, 40.791550998623649 ], [ -96.624981000546356, 40.792980999355827 ], [ -96.624978999855955, 40.793767999477957 ], [ -96.624978999762718, 40.79386699908202 ], [ -96.624977999705635, 40.794646998658393 ], [ -96.624975000494786, 40.795738998994352 ], [ -96.624976000210523, 40.797273999188462 ], [ -96.624981999704701, 40.798781999135947 ], [ -96.624982000012565, 40.798832999488219 ], [ -96.624983000148603, 40.798887999266533 ], [ -96.625041000431338, 40.803307999082932 ], [ -96.625045000029743, 40.806092999068845 ], [ -96.625032999839206, 40.808663999284605 ], [ -96.625029000126233, 40.809620999127617 ], [ -96.624989999702862, 40.812857998890721 ], [ -96.624985000028289, 40.813272998912495 ], [ -96.624983999583833, 40.813331999030382 ], [ -96.624982999613948, 40.813392999033027 ], [ -96.625145999698788, 40.813392998877539 ], [ -96.627958000095873, 40.81341199883191 ], [ -96.62838899980035, 40.813415998979018 ], [ -96.630545000485455, 40.813420998986693 ], [ -96.630618999669124, 40.813420998929026 ], [ -96.630676000388974, 40.813421998868542 ], [ -96.631356999915141, 40.813422999151065 ], [ -96.63289999980735, 40.813425999079463 ], [ -96.635100000318573, 40.813436999484942 ], [ -96.635651999439332, 40.813439998765389 ], [ -96.638326000351725, 40.813454998662422 ], [ -96.641679999609892, 40.813474998665427 ], [ -96.641755000318398, 40.813474999071822 ], [ -96.641824999636654, 40.813474999226507 ], [ -96.644117000305954, 40.81348799947984 ], [ -96.644144999801981, 40.813487999333702 ], [ -96.644203999628701, 40.813487999261135 ], [ -96.646481000227908, 40.813493999029795 ], [ -96.647759999471688, 40.813499998628437 ], [ -96.648827999443526, 40.813509998718963 ], [ -96.649511999902913, 40.813516998775462 ], [ -96.651320000406272, 40.813522999347938 ], [ -96.653628000183502, 40.813527999010468 ], [ -96.653779000302634, 40.813528999338068 ], [ -96.656108999508092, 40.813533999126953 ], [ -96.657269999675478, 40.813536998965375 ], [ -96.658499999800256, 40.813540998906575 ], [ -96.65914300042364, 40.813537999465993 ], [ -96.660900000195852, 40.813528998719832 ], [ -96.663318999529494, 40.813534999376813 ], [ -96.664747000460565, 40.813532998758205 ], [ -96.66627599993555, 40.813537998723078 ], [ -96.667791000170652, 40.81354399887212 ], [ -96.668131000272979, 40.813543998656826 ], [ -96.66930500028343, 40.813541999234744 ], [ -96.670189999886446, 40.813540998800178 ] ] ] } },
{ "type": "Feature", "properties": { "OBJECTID_1": 6, "OBJECTID": 29, "District_N": "29", "District_1": 29, "Compactnes": 55.42454449, "Population": 0, "Voting_Age": 0, "GlobalID": "{4E2D3C12-4A41-4EB4-B102-63F9D021E61D}", "ShapeSTArea": 252238814.84625798, "ShapeSTLength": 79866.253242519568 }, "geometry": { "type": "Polygon", "coordinates": [ [ [ -96.644077999848136, 40.788085998945597 ], [ -96.6441730003327, 40.788091998775656 ], [ -96.644213000167795, 40.788094998963537 ], [ -96.644172000158392, 40.788203998763407 ], [ -96.644168999492933, 40.789214999326688 ], [ -96.644165999485395, 40.790339999031737 ], [ -96.644160999803475, 40.791629999270079 ], [ -96.645366999517563, 40.791630999190602 ], [ -96.647768999536154, 40.791634999042053 ], [ -96.648961000099035, 40.791635998833719 ], [ -96.650153000131155, 40.791637999314837 ], [ -96.651345000237598, 40.791639999188604 ], [ -96.652535999815868, 40.791640998650792 ], [ -96.653728000051771, 40.791642999121009 ], [ -96.654931000313439, 40.79164399904402 ], [ -96.656113999940516, 40.791645999296506 ], [ -96.657308999507833, 40.791646999226849 ], [ -96.658502999904158, 40.791648998628524 ], [ -96.660893000040502, 40.791651999161338 ], [ -96.661293999949919, 40.791652998706013 ], [ -96.661438000405212, 40.791636998652322 ], [ -96.661869000270869, 40.791612999501687 ], [ -96.661950999722336, 40.791612999171534 ], [ -96.663281999913636, 40.791614998944283 ], [ -96.664838000442217, 40.791617998636333 ], [ -96.665019999643079, 40.791617999093802 ], [ -96.66566900005823, 40.791618999359429 ], [ -96.666266999485444, 40.791619998962439 ], [ -96.666544999624122, 40.79166099894848 ], [ -96.666863000529872, 40.791660999260003 ], [ -96.667692000507458, 40.791662998950677 ], [ -96.668056000341167, 40.791662998680152 ], [ -96.669250000175708, 40.79166499943608 ], [ -96.670443000132565, 40.791666999390678 ], [ -96.670535000343719, 40.791666998988887 ], [ -96.67163700011308, 40.791668998859464 ], [ -96.671971000030027, 40.791669999472127 ], [ -96.672831000166028, 40.791670999480417 ], [ -96.674140000566325, 40.79167299897091 ], [ -96.674935000412631, 40.791673998853376 ], [ -96.675545999838363, 40.791674998670828 ], [ -96.677629999976261, 40.791678999357792 ], [ -96.679899999673466, 40.791681998718353 ], [ -96.680032000315748, 40.79168199896769 ], [ -96.68240199998526, 40.791685998736909 ], [ -96.682537000374509, 40.791715999162911 ], [ -96.682537999451668, 40.791654999326511 ], [ -96.682542999960589, 40.790771999516195 ], [ -96.682543000349071, 40.790709999225193 ], [ -96.682476000242758, 40.79037999920844 ], [ -96.682479000387474, 40.789865998831637 ], [ -96.682483999909266, 40.78895999861966 ], [ -96.682488000510332, 40.788295998908538 ], [ -96.682490000041042, 40.788057999001708 ], [ -96.682493999676026, 40.787318999095 ], [ -96.682494999591583, 40.787133999454362 ], [ -96.682501999620186, 40.78604299918365 ], [ -96.682508000557476, 40.785053998715263 ], [ -96.682511999890352, 40.784427999266342 ], [ -96.682512000526458, 40.783536999425209 ], [ -96.682512000548584, 40.783436999236343 ], [ -96.682512000535965, 40.782795998848862 ], [ -96.682512999912888, 40.781646998671071 ], [ -96.682512999933138, 40.7815469993498 ], [ -96.682513000057426, 40.781459998903365 ], [ -96.682513999697008, 40.780848999494587 ], [ -96.682513999604112, 40.780393999128933 ], [ -96.682514999743432, 40.779405998747833 ], [ -96.68251600013464, 40.777173998794787 ], [ -96.682516000035051, 40.776176998720608 ], [ -96.682517000244786, 40.775243998878622 ], [ -96.682516999768538, 40.774992999444066 ], [ -96.682517999471131, 40.773437999271273 ], [ -96.682517999743013, 40.773234999141941 ], [ -96.68251799970659, 40.77219399879197 ], [ -96.682518999780868, 40.771446998903521 ], [ -96.682525000581094, 40.771268999092015 ], [ -96.682537000243642, 40.771149998863542 ], [ -96.682571000015585, 40.770961999074657 ], [ -96.682630999681891, 40.770758998992434 ], [ -96.682704999501141, 40.77052999901796 ], [ -96.682718999704051, 40.770492999260725 ], [ -96.682762000174762, 40.770362998719463 ], [ -96.682769999523472, 40.77033399918119 ], [ -96.682777999891485, 40.770306998642141 ], [ -96.682824999941744, 40.770099998940395 ], [ -96.682853999512247, 40.769890999402165 ], [ -96.682870000437333, 40.769557999128743 ], [ -96.683024999892368, 40.769567999188915 ], [ -96.683032999434161, 40.769454999301473 ], [ -96.68295599964037, 40.76944999932477 ], [ -96.682874000508036, 40.769445999472872 ], [ -96.682885999598454, 40.769153999207518 ], [ -96.682870999877125, 40.76896599886058 ], [ -96.682829999658196, 40.768703999198827 ], [ -96.682764999666119, 40.76844399921427 ], [ -96.682698000440396, 40.768234998816098 ], [ -96.682656999818818, 40.768108998637139 ], [ -96.682653000193582, 40.768094999142448 ], [ -96.682593000094968, 40.767884999497738 ], [ -96.682584000367854, 40.76785399925285 ], [ -96.682504000580124, 40.767444998972401 ], [ -96.682495000380257, 40.767292998834584 ], [ -96.682503999694873, 40.767170998980788 ], [ -96.682520000453863, 40.767052999262638 ], [ -96.682519999539423, 40.766435999470964 ], [ -96.68251999991368, 40.76567499947334 ], [ -96.682519999548873, 40.763937999303941 ], [ -96.6825190003226, 40.761136998675873 ], [ -96.682518999856455, 40.760428999478606 ], [ -96.682518999427316, 40.759534999215482 ], [ -96.682555999506491, 40.758605999104454 ], [ -96.682566999568365, 40.758445999171883 ], [ -96.682565999991695, 40.755481998624759 ], [ -96.682565999532287, 40.755429999281645 ], [ -96.682566000010311, 40.755380999346102 ], [ -96.682566000583023, 40.754754999177088 ], [ -96.682566000444538, 40.754295998736545 ], [ -96.682552000135843, 40.753756998649436 ], [ -96.682538000521944, 40.75319799944765 ], [ -96.682518999737752, 40.752893999272274 ], [ -96.682519000475011, 40.752099999474034 ], [ -96.68251900040022, 40.751015998649379 ], [ -96.682519999792945, 40.748787999201909 ], [ -96.682520000066773, 40.748184999508595 ], [ -96.682521000075866, 40.747747999382412 ], [ -96.682523999894769, 40.744980999422999 ], [ -96.68252500023155, 40.743995998676574 ], [ -96.682524999813282, 40.743900998924723 ], [ -96.68252599946986, 40.742980999114451 ], [ -96.682527999553884, 40.741859998779056 ], [ -96.682528000338891, 40.741635998927784 ], [ -96.682528000547862, 40.740803999275158 ], [ -96.682527999865826, 40.739567999486752 ], [ -96.682526999476096, 40.737780998999192 ], [ -96.682525999446554, 40.736747999037057 ], [ -96.68282100020393, 40.736748998791271 ], [ -96.682829999466534, 40.736642999361237 ], [ -96.682786999606137, 40.736156998957661 ], [ -96.682823000037843, 40.734673999340366 ], [ -96.682525000500945, 40.734672999447412 ], [ -96.682521999521782, 40.730330999010931 ], [ -96.682521000515933, 40.728601999487147 ], [ -96.682519000100129, 40.726402999446186 ], [ -96.682513999675095, 40.722716998753548 ], [ -96.682512000291609, 40.720338998881473 ], [ -96.682510999574419, 40.718948999151408 ], [ -96.68251100018513, 40.71879899898429 ], [ -96.682510999808073, 40.718503998884259 ], [ -96.682511000372543, 40.717298998898663 ], [ -96.682510000511542, 40.715442999228721 ], [ -96.682509000071349, 40.712139999461947 ], [ -96.682508999494203, 40.711875999140844 ], [ -96.682325000058924, 40.711874998747653 ], [ -96.680152999637997, 40.711868999498613 ], [ -96.679281999554789, 40.711865999288804 ], [ -96.677770999488757, 40.711861998985071 ], [ -96.67299199946774, 40.711846999417602 ], [ -96.668193000145735, 40.711848999147762 ], [ -96.663436000367639, 40.711850999239687 ], [ -96.663435999734091, 40.714695999498367 ], [ -96.663437000437071, 40.715085999330618 ], [ -96.663437999912475, 40.715488999062089 ], [ -96.663438000371883, 40.716049999370263 ], [ -96.663439000136151, 40.716734999312457 ], [ -96.663440000476115, 40.719085998714164 ], [ -96.663439999520463, 40.719139999203414 ], [ -96.663441000388687, 40.721328998920278 ], [ -96.663441999881144, 40.722769999252428 ], [ -96.663442000141075, 40.723443999090541 ], [ -96.663443999671912, 40.726086998964398 ], [ -96.663444000162428, 40.726316999164936 ], [ -96.663106999426518, 40.726317999264666 ], [ -96.663105999909689, 40.726366999231061 ], [ -96.663251999488608, 40.726808999409407 ], [ -96.663251999994202, 40.727932999479236 ], [ -96.66326499997426, 40.731332999056804 ], [ -96.663431999441471, 40.731332998784076 ], [ -96.663428000273214, 40.732910999060515 ], [ -96.663427999670972, 40.732963999013201 ], [ -96.663426000543708, 40.734789999245493 ], [ -96.663425999829073, 40.735067998799707 ], [ -96.663424999769006, 40.735657998865719 ], [ -96.663423000500288, 40.738558998850493 ], [ -96.663422000182749, 40.740814999011143 ], [ -96.661149999775276, 40.740817999033183 ], [ -96.658427999511247, 40.740820999081912 ], [ -96.653870999927619, 40.740826998873615 ], [ -96.653421999420615, 40.740826999188918 ], [ -96.652702999514887, 40.740827998623587 ], [ -96.649742999708721, 40.740830998954905 ], [ -96.648749000139389, 40.740831999209682 ], [ -96.646497999896994, 40.740833999406775 ], [ -96.644335999579866, 40.740835999354886 ], [ -96.644331999663933, 40.740970999448429 ], [ -96.644332000350119, 40.742616999325108 ], [ -96.644332000462569, 40.744534998991867 ], [ -96.644332000439675, 40.745033999272188 ], [ -96.644332000152502, 40.745903999244014 ], [ -96.644332000299926, 40.747443998975392 ], [ -96.644330999901683, 40.748457998772132 ], [ -96.644328999972004, 40.749314999420456 ], [ -96.644323999948142, 40.751432999148271 ], [ -96.644321000215626, 40.752658999267751 ], [ -96.64431999970725, 40.753341998834621 ], [ -96.644293000569306, 40.753620999359157 ], [ -96.644290000473219, 40.754004999074326 ], [ -96.644286000457612, 40.754470999022153 ], [ -96.644285999893654, 40.75451699865436 ], [ -96.644284999843165, 40.754647998850984 ], [ -96.644272999699268, 40.755207999373887 ], [ -96.64425200017827, 40.756214999099313 ], [ -96.644249999720486, 40.756276999000228 ], [ -96.64425100052064, 40.756319998690202 ], [ -96.644249000211232, 40.758679998901535 ], [ -96.644246999822442, 40.759796999041633 ], [ -96.644254000476153, 40.760686999374187 ], [ -96.644266000039025, 40.761206998640937 ], [ -96.644266999487186, 40.762933998624675 ], [ -96.644308999988255, 40.762934998746239 ], [ -96.644347000041734, 40.762935999138399 ], [ -96.644345999531794, 40.764220998735489 ], [ -96.644345999945983, 40.766112998781239 ], [ -96.644345000415839, 40.767032999024266 ], [ -96.644344999712956, 40.767926998984002 ], [ -96.64435699956438, 40.768821999247756 ], [ -96.644370999653646, 40.769724998829489 ], [ -96.644370000510008, 40.77060499869215 ], [ -96.644339999772271, 40.771164998957133 ], [ -96.644339999740765, 40.771755998618382 ], [ -96.644339999705366, 40.772852998886151 ], [ -96.644339999653994, 40.773949998944659 ], [ -96.644339999633644, 40.774502999343028 ], [ -96.644340000033523, 40.774964999350289 ], [ -96.644341000016382, 40.775634999038054 ], [ -96.644341000115233, 40.775979999055025 ], [ -96.644340999677411, 40.776988999408466 ], [ -96.644297999415429, 40.77698899931994 ], [ -96.64425800018671, 40.776987999054754 ], [ -96.64424999999116, 40.777555999409259 ], [ -96.644228000194801, 40.779099999216854 ], [ -96.644241999741595, 40.779457998720197 ], [ -96.644284999500584, 40.779776999056757 ], [ -96.644299000277144, 40.779853999046836 ], [ -96.644404999726433, 40.780427998766932 ], [ -96.644441000008712, 40.780746999045299 ], [ -96.644454999576993, 40.781070999280004 ], [ -96.644284999971774, 40.782271999147824 ], [ -96.644133000370232, 40.783422998970416 ], [ -96.644106999787965, 40.783622999344004 ], [ -96.644101000419397, 40.783849999160957 ], [ -96.644089000582127, 40.784344998872371 ], [ -96.644077999848136, 40.788085998945597 ] ] ] } },
{ "type": "Feature", "properties": { "OBJECTID_1": 7, "OBJECTID": 30, "District_N": "30", "District_1": 30, "Compactnes": 52.49808369, "Population": 0, "Voting_Age": 0, "GlobalID": "{39E470C6-675A-4A0D-9EBA-183C0615FFA5}", "ShapeSTArea": 5700194145.8981285, "ShapeSTLength": 380841.20694509329 }, "geometry": { "type": "Polygon", "coordinates": [ [ [ -96.463806997793526, 40.754957227253612 ], [ -96.463806999552105, 40.754955999040824 ], [ -96.482766999931641, 40.755048998788908 ], [ -96.501900000366405, 40.755057998950427 ], [ -96.510750000396072, 40.755084998741822 ], [ -96.52101099951544, 40.755138999409745 ], [ -96.530343999691027, 40.755133998617247 ], [ -96.532999000396686, 40.755131998872251 ], [ -96.535166999510807, 40.755130999408586 ], [ -96.540630000402658, 40.755127999326163 ], [ -96.558897999567066, 40.755133998948821 ], [ -96.567943999537206, 40.755122998656816 ], [ -96.577498999664542, 40.755171999411886 ], [ -96.586895000539045, 40.75519099876194 ], [ -96.586934000520444, 40.753925998729116 ], [ -96.586932000519766, 40.75060599885245 ], [ -96.58709400004075, 40.750603999397704 ], [ -96.589007000445648, 40.750609998930813 ], [ -96.589966000019345, 40.750613999239867 ], [ -96.590047999650523, 40.750610999254434 ], [ -96.590100000273083, 40.750607998966949 ], [ -96.590198000361312, 40.750594999413131 ], [ -96.590930000476078, 40.750449999119724 ], [ -96.590985000282942, 40.75044199893911 ], [ -96.591067999797161, 40.750435998759386 ], [ -96.591814999779118, 40.750435999146262 ], [ -96.591891000390248, 40.75043899887239 ], [ -96.591998000524711, 40.750450999170461 ], [ -96.593100000139856, 40.750621999485851 ], [ -96.593213000589571, 40.750637998904907 ], [ -96.593366999903083, 40.750648999222719 ], [ -96.593455999764629, 40.750649998770442 ], [ -96.593571999894152, 40.750643998621165 ], [ -96.593701999641468, 40.750629999368371 ], [ -96.593829000053532, 40.750605998887224 ], [ -96.593963000567328, 40.750570998632995 ], [ -96.594704999478552, 40.750316998878517 ], [ -96.594481000140277, 40.749941999273624 ], [ -96.594338999895768, 40.749694998643839 ], [ -96.594273000240918, 40.749536999197602 ], [ -96.594224999473013, 40.749361999374173 ], [ -96.594204000416738, 40.749208998853803 ], [ -96.594205000448781, 40.74841599902291 ], [ -96.595203000272079, 40.748416998910528 ], [ -96.59530499989738, 40.748400998820664 ], [ -96.595757999525787, 40.748253999120863 ], [ -96.595702000503223, 40.748130999178201 ], [ -96.595699000053983, 40.748125999259372 ], [ -96.595671000025632, 40.748028998888771 ], [ -96.595661000117616, 40.747968999056688 ], [ -96.595654000397701, 40.747867999464873 ], [ -96.595654999460635, 40.747738999462022 ], [ -96.595655999853363, 40.747555999244909 ], [ -96.59566000026247, 40.746497998883491 ], [ -96.595639999750162, 40.746312999013917 ], [ -96.595605000187561, 40.746148999215727 ], [ -96.59555100056015, 40.74597899885822 ], [ -96.595538000563465, 40.7459499992218 ], [ -96.595478999851409, 40.745810999249727 ], [ -96.595384000336182, 40.745640999228492 ], [ -96.595300000274861, 40.745516998657038 ], [ -96.594981999861261, 40.745118999472659 ], [ -96.594870000084796, 40.745020999120896 ], [ -96.594742000054794, 40.744931999270662 ], [ -96.594591999553828, 40.744851999512854 ], [ -96.594959999903807, 40.744397998852271 ], [ -96.595055000080194, 40.74430199876803 ], [ -96.595152000437906, 40.744224998899028 ], [ -96.595176000334888, 40.744205998818707 ], [ -96.595296000447476, 40.744129998828122 ], [ -96.59545200025704, 40.744052999281394 ], [ -96.595596000503093, 40.743999998724711 ], [ -96.595743999813422, 40.743958998839823 ], [ -96.595899999742343, 40.74393099870916 ], [ -96.596056000569504, 40.743915999128006 ], [ -96.596471999414263, 40.743910999271343 ], [ -96.596452999651362, 40.742519999072407 ], [ -96.596451000109411, 40.742399999307395 ], [ -96.596440999853101, 40.741725999275765 ], [ -96.596435000049723, 40.741284999514981 ], [ -96.596433999554847, 40.741184998717017 ], [ -96.596427000140508, 40.740708999242052 ], [ -96.596661000340575, 40.740709998776786 ], [ -96.597717000073473, 40.740717998630451 ], [ -96.599321999665634, 40.74072999869324 ], [ -96.599330000453193, 40.7406469991138 ], [ -96.601183000250558, 40.740660998796223 ], [ -96.601191999792675, 40.740743998693254 ], [ -96.605086999713947, 40.740771999515658 ], [ -96.606122999994142, 40.740778998626446 ], [ -96.607496000491409, 40.740782998710245 ], [ -96.608851000381691, 40.740785999420567 ], [ -96.609156000245179, 40.740786998910984 ], [ -96.609891999544118, 40.740788998927201 ], [ -96.6127159998168, 40.740795999456523 ], [ -96.612921000143359, 40.740791999094853 ], [ -96.613077000477546, 40.740776999008659 ], [ -96.613215999771825, 40.740752999348686 ], [ -96.613331999637779, 40.740724999220539 ], [ -96.613416999814717, 40.740697999149276 ], [ -96.613470999762242, 40.740680999249832 ], [ -96.613622000530967, 40.740618998652977 ], [ -96.613763000098558, 40.740545998667187 ], [ -96.613893000355333, 40.74046099918241 ], [ -96.614029000446166, 40.740348998753767 ], [ -96.614163999841779, 40.740207999269714 ], [ -96.615256999879705, 40.740566999244685 ], [ -96.61567600003562, 40.74070399863237 ], [ -96.615874999679704, 40.740845998923689 ], [ -96.616200000076859, 40.74087799947057 ], [ -96.616250999654582, 40.740883999423581 ], [ -96.616846000502818, 40.740862999344181 ], [ -96.618296999892664, 40.740810998990902 ], [ -96.618291000380907, 40.740770998958808 ], [ -96.618276999606138, 40.740657998711093 ], [ -96.618551000435019, 40.740657999248455 ], [ -96.619913999749073, 40.740665999390913 ], [ -96.621230999743062, 40.740671999226898 ], [ -96.621436999674458, 40.740674998862524 ], [ -96.621588000038784, 40.740668998840903 ], [ -96.621578000446306, 40.740803999189261 ], [ -96.623908999750526, 40.740803999015711 ], [ -96.625325999564922, 40.74080399892339 ], [ -96.625335000232553, 40.739853999480154 ], [ -96.625337999436852, 40.739555999097952 ], [ -96.625344000588129, 40.738898998750827 ], [ -96.625346999542657, 40.738580999207279 ], [ -96.625348999918003, 40.738366998990784 ], [ -96.62536799967225, 40.736412999357661 ], [ -96.62537799972462, 40.735338998865153 ], [ -96.625391000282903, 40.733970999125276 ], [ -96.625393999688001, 40.733569998871523 ], [ -96.625409000529714, 40.732049999172666 ], [ -96.625422999828658, 40.731941998837193 ], [ -96.625427999714987, 40.731902999185323 ], [ -96.625480000285435, 40.731619998652384 ], [ -96.625500999984212, 40.731526999195097 ], [ -96.625530000328197, 40.731414999033959 ], [ -96.625547999784857, 40.731352998852699 ], [ -96.625666999464187, 40.730942998973958 ], [ -96.625776999701074, 40.730562999100336 ], [ -96.625726000017053, 40.730537999211812 ], [ -96.625716000378858, 40.730533999386608 ], [ -96.625615000544357, 40.730494999150174 ], [ -96.625571999660409, 40.730471998931669 ], [ -96.625536000465431, 40.7304399988246 ], [ -96.625511000332054, 40.730403999435666 ], [ -96.625498999680744, 40.730363999154726 ], [ -96.625456000058122, 40.730287998920254 ], [ -96.625430999668069, 40.730163998791667 ], [ -96.625505000239968, 40.72993499877343 ], [ -96.625543999737289, 40.729856998935183 ], [ -96.625550999563529, 40.729816999039087 ], [ -96.625507999751548, 40.729159998940908 ], [ -96.625416000069507, 40.728041999478236 ], [ -96.625420000050681, 40.727504998831463 ], [ -96.625410999586705, 40.72734099911343 ], [ -96.625405000564299, 40.727300999357098 ], [ -96.625373999574805, 40.727221998937587 ], [ -96.625321000481023, 40.727121998702053 ], [ -96.625222000233592, 40.726974999264833 ], [ -96.625205000030604, 40.726936998824655 ], [ -96.625196999870553, 40.726853999337578 ], [ -96.625208000367337, 40.726565998617204 ], [ -96.625216999562724, 40.7264739993064 ], [ -96.625208000253721, 40.72635599939931 ], [ -96.625461999665973, 40.726355998741099 ], [ -96.627606999935153, 40.726352998947341 ], [ -96.628781000307384, 40.726350999145822 ], [ -96.629533000176295, 40.72634999884788 ], [ -96.629770000466152, 40.726349999000178 ], [ -96.632281000309874, 40.7263459989206 ], [ -96.634886000323334, 40.726341999260924 ], [ -96.636368999954328, 40.726339999368484 ], [ -96.637388000556484, 40.726337999200844 ], [ -96.637555999521751, 40.726337998982459 ], [ -96.640130000493869, 40.726334999287893 ], [ -96.640757999648201, 40.726333999476346 ], [ -96.641519999542993, 40.726332999021452 ], [ -96.644369000519546, 40.726327999214867 ], [ -96.644605000584022, 40.72632799914544 ], [ -96.645966000062273, 40.726328998677701 ], [ -96.647459000026316, 40.726329998947129 ], [ -96.649218000055782, 40.726330999473831 ], [ -96.652050000449606, 40.726331999515004 ], [ -96.653915999535684, 40.72633299869586 ], [ -96.663106999426518, 40.726317999264666 ], [ -96.663444000162428, 40.726316999164936 ], [ -96.663443999671912, 40.726086998964398 ], [ -96.663442000141075, 40.723443999090541 ], [ -96.663441999881144, 40.722769999252428 ], [ -96.663441000388687, 40.721328998920278 ], [ -96.663439999520463, 40.719139999203414 ], [ -96.663440000476115, 40.719085998714164 ], [ -96.663439000136151, 40.716734999312457 ], [ -96.663438000371883, 40.716049999370263 ], [ -96.663437999912475, 40.715488999062089 ], [ -96.663437000437071, 40.715085999330618 ], [ -96.663435999734091, 40.714695999498367 ], [ -96.663436000367639, 40.711850999239687 ], [ -96.668193000145735, 40.711848999147762 ], [ -96.67299199946774, 40.711846999417602 ], [ -96.677770999488757, 40.711861998985071 ], [ -96.679281999554789, 40.711865999288804 ], [ -96.680152999637997, 40.711868999498613 ], [ -96.682325000058924, 40.711874998747653 ], [ -96.682508999494203, 40.711875999140844 ], [ -96.682960000202272, 40.711927998955275 ], [ -96.68540800034188, 40.711938999126261 ], [ -96.68540299969824, 40.712081999185393 ], [ -96.688839000471845, 40.712013999087134 ], [ -96.690200000565142, 40.71198699865802 ], [ -96.691994999729772, 40.714446999020723 ], [ -96.6919939996247, 40.714725999105497 ], [ -96.692617000478634, 40.715594999261761 ], [ -96.692905999851618, 40.715996999165093 ], [ -96.69339799964375, 40.716682999209027 ], [ -96.69398700004362, 40.717504999207712 ], [ -96.695231999444047, 40.719240999030411 ], [ -96.696538999853743, 40.721062999321802 ], [ -96.697826000447989, 40.722841998975099 ], [ -96.698030000089176, 40.723141998755885 ], [ -96.699149999418296, 40.724703998759388 ], [ -96.700294999494517, 40.726298999187463 ], [ -96.700429000314344, 40.726484998660034 ], [ -96.701338000446526, 40.727756998660112 ], [ -96.701386999810154, 40.727822999213664 ], [ -96.701507000477974, 40.727919998730961 ], [ -96.701507999578084, 40.728137999254216 ], [ -96.701515000040629, 40.729772999370546 ], [ -96.701517999568111, 40.730442999117173 ], [ -96.701523999917711, 40.731946999400456 ], [ -96.701526000072889, 40.732232999416098 ], [ -96.701526000555162, 40.732252999451845 ], [ -96.701532000074877, 40.733756999261637 ], [ -96.701536999831134, 40.73566099928648 ], [ -96.701543999600688, 40.73850399877648 ], [ -96.701549000045219, 40.740770999468452 ], [ -96.701553000187928, 40.741636998930801 ], [ -96.701557999690579, 40.742912999484055 ], [ -96.701558000334515, 40.743003999432247 ], [ -96.701558999549263, 40.743202998890432 ], [ -96.701575000087416, 40.74692699880071 ], [ -96.701596000585482, 40.748007999418917 ], [ -96.701602999843601, 40.748366998740032 ], [ -96.701611000584279, 40.74874799870738 ], [ -96.701617999950358, 40.749706999065452 ], [ -96.701639999801031, 40.751652998855192 ], [ -96.701647000121284, 40.751955998758383 ], [ -96.701654999917224, 40.752636998866471 ], [ -96.701673999833844, 40.754395999165979 ], [ -96.701647999927729, 40.754783999256688 ], [ -96.701680999821235, 40.755570999173656 ], [ -96.701680000124966, 40.75561599941463 ], [ -96.701679999715765, 40.755671999467125 ], [ -96.701729999882673, 40.755671998956593 ], [ -96.701776999447546, 40.755671998781153 ], [ -96.701785999794993, 40.755756998641594 ], [ -96.701789000534475, 40.755889998742681 ], [ -96.701810000274889, 40.756137998902453 ], [ -96.701855000471312, 40.75640299942625 ], [ -96.701923999448184, 40.756663999029882 ], [ -96.701966000149653, 40.756782998679277 ], [ -96.702007999607844, 40.756900998808817 ], [ -96.701940999739392, 40.75703099890903 ], [ -96.701753999520093, 40.757538998882346 ], [ -96.701548999409781, 40.758720999026906 ], [ -96.701474999995582, 40.760113998929306 ], [ -96.701547000204997, 40.759603998824389 ], [ -96.701578999948595, 40.759551999375375 ], [ -96.701627000410127, 40.759498999435259 ], [ -96.701696999921481, 40.75949899928677 ], [ -96.701649999732979, 40.759886998812746 ], [ -96.70162600010984, 40.760478999280693 ], [ -96.701625000539977, 40.761683999340029 ], [ -96.70162300011711, 40.763761998675655 ], [ -96.701621000216207, 40.766011998722234 ], [ -96.701620000534476, 40.766989999357399 ], [ -96.70163899957079, 40.767099998905209 ], [ -96.701650000288765, 40.767683999408504 ], [ -96.701889999681882, 40.767702999214301 ], [ -96.702321000361792, 40.767731998887555 ], [ -96.702862000102058, 40.767748998791433 ], [ -96.703455999744904, 40.767780998712837 ], [ -96.703997000420983, 40.767803999302508 ], [ -96.704320999458915, 40.767825998928835 ], [ -96.704748999672518, 40.767873999372675 ], [ -96.705121999869945, 40.767924999473621 ], [ -96.706020999601677, 40.768075999182443 ], [ -96.70644699956685, 40.768139999149732 ], [ -96.706604000464438, 40.768169998651722 ], [ -96.707101000229841, 40.768332999229642 ], [ -96.707187000245128, 40.768365999129081 ], [ -96.707246999528337, 40.768388999283864 ], [ -96.707313000107476, 40.768399999000422 ], [ -96.707404000501654, 40.768415999195426 ], [ -96.708098000464091, 40.768506999160742 ], [ -96.708524000129415, 40.768569999159588 ], [ -96.708684999997942, 40.768583999513609 ], [ -96.709010000158344, 40.768574999485978 ], [ -96.709227000022437, 40.768579998803112 ], [ -96.709442000140143, 40.768597998789211 ], [ -96.70959899969381, 40.768630999018285 ], [ -96.709901000006226, 40.768720999016601 ], [ -96.710523000501851, 40.768864999423386 ], [ -96.710824000318595, 40.768962999501682 ], [ -96.710976000340821, 40.769000999043577 ], [ -96.71102899955217, 40.769006999013058 ], [ -96.711082999866107, 40.769006999056273 ], [ -96.711192000045742, 40.768999998763661 ], [ -96.711463999536733, 40.768992998738 ], [ -96.711625999842553, 40.768997999283805 ], [ -96.712162000191285, 40.769054998744586 ], [ -96.712430999735787, 40.769089999483647 ], [ -96.712530999660672, 40.769117999440034 ], [ -96.712576999855514, 40.769137999487434 ], [ -96.712754999674672, 40.769233999082289 ], [ -96.712829000069021, 40.769279998944747 ], [ -96.712904999902349, 40.769338999033586 ], [ -96.713032000122169, 40.76947299917466 ], [ -96.713079000452709, 40.769546998820537 ], [ -96.713109000122486, 40.769626999138431 ], [ -96.713118999518841, 40.769707998790466 ], [ -96.713114000231911, 40.769748999186604 ], [ -96.713069999791102, 40.769952999477184 ], [ -96.713062999992999, 40.770034998711019 ], [ -96.713067999614793, 40.770158998652981 ], [ -96.713071999706926, 40.770178999490568 ], [ -96.713435999531896, 40.770178999252245 ], [ -96.713994999566992, 40.770179998723414 ], [ -96.714002000315503, 40.770282998768664 ], [ -96.714165000432644, 40.770282998925069 ], [ -96.714178000037776, 40.770508999118256 ], [ -96.714196000171356, 40.770773999372473 ], [ -96.714253999911264, 40.771821998617035 ], [ -96.714376999596141, 40.773474998739786 ], [ -96.714571999976428, 40.775051999094089 ], [ -96.714853000537914, 40.777469999309275 ], [ -96.714685000376818, 40.777474998773243 ], [ -96.714924000256218, 40.77949699905772 ], [ -96.715050999587845, 40.780597998648432 ], [ -96.715394000499018, 40.783628998712743 ], [ -96.715580999494776, 40.78362599898886 ], [ -96.715802999635386, 40.783622998655289 ], [ -96.71696099979296, 40.783628998632807 ], [ -96.717909000199981, 40.783618999121344 ], [ -96.71789300016377, 40.782823999215488 ], [ -96.71914200039717, 40.782800998925289 ], [ -96.719242999746925, 40.78268699921577 ], [ -96.719237000005563, 40.78320699897548 ], [ -96.719232999961122, 40.783630998655916 ], [ -96.719229999611713, 40.784031998786546 ], [ -96.719900999942908, 40.784041998735525 ], [ -96.720595999897228, 40.78405399871864 ], [ -96.720594000370838, 40.784364998779004 ], [ -96.720608000212351, 40.78445899891684 ], [ -96.720639000077682, 40.784538999487651 ], [ -96.721922000113949, 40.78455799872917 ], [ -96.72203400056479, 40.784541999059044 ], [ -96.725736000532436, 40.7845499990894 ], [ -96.725995999636254, 40.784550998939693 ], [ -96.726569999530085, 40.784551999184664 ], [ -96.727279000298722, 40.784553998888455 ], [ -96.72732600007771, 40.784553999111822 ], [ -96.727554000063236, 40.784553998735397 ], [ -96.727947999639142, 40.784554998669108 ], [ -96.728118999639776, 40.784555999255872 ], [ -96.728330999757333, 40.78455599929616 ], [ -96.729340000056368, 40.784557999201724 ], [ -96.73026000006935, 40.784559999457649 ], [ -96.734653000484172, 40.784568999304277 ], [ -96.734797000422205, 40.784583999261052 ], [ -96.735678000146748, 40.784587999021277 ], [ -96.735778000249752, 40.784589999025577 ], [ -96.736311999853356, 40.784600999240098 ], [ -96.736479000524866, 40.784604999309032 ], [ -96.738719999548138, 40.784627998998587 ], [ -96.738835999776569, 40.784612998771969 ], [ -96.739092999525241, 40.784591999499987 ], [ -96.739377000235194, 40.784580998832389 ], [ -96.739815999878658, 40.784579998658202 ], [ -96.739817999507011, 40.784495999459928 ], [ -96.740780000261253, 40.784489999168109 ], [ -96.743575999585957, 40.784493998663379 ], [ -96.744869000030803, 40.783789998658293 ], [ -96.74486800038882, 40.78413499866798 ], [ -96.744866999824552, 40.784496999117529 ], [ -96.746479999443778, 40.784499999041209 ], [ -96.74650799989567, 40.784591998950191 ], [ -96.747885999586103, 40.784593999469536 ], [ -96.749349000098434, 40.784596999144583 ], [ -96.749446000430439, 40.784596998907553 ], [ -96.749487999792009, 40.783192998651899 ], [ -96.749367999901864, 40.783191999042174 ], [ -96.749397000420984, 40.781003999216665 ], [ -96.749440999425801, 40.777665999157357 ], [ -96.749448000465748, 40.777156999416057 ], [ -96.749453000165474, 40.776766998671775 ], [ -96.749481999984212, 40.774529999315625 ], [ -96.749488000317257, 40.77410799947824 ], [ -96.749531999603761, 40.770478998675081 ], [ -96.749536000221511, 40.770168999417493 ], [ -96.749535000039856, 40.76983299870065 ], [ -96.749527999756694, 40.767009998841189 ], [ -96.74951900036038, 40.763095999196196 ], [ -96.749515000126081, 40.761528999503717 ], [ -96.749464000448654, 40.755787998685101 ], [ -96.749450999474462, 40.753041999161589 ], [ -96.749456000554957, 40.752523999177313 ], [ -96.749475999914466, 40.750485998994833 ], [ -96.749473000562404, 40.748503998739508 ], [ -96.749475000349435, 40.744870998930743 ], [ -96.749473000490283, 40.741239998866519 ], [ -96.745668999823934, 40.741223998947419 ], [ -96.739858999696366, 40.741200998875009 ], [ -96.739805000560921, 40.734825998868494 ], [ -96.739803999762501, 40.734751998951644 ], [ -96.739796000573364, 40.733777999122331 ], [ -96.739736000370357, 40.726726998791491 ], [ -96.73973499948967, 40.726569999130227 ], [ -96.73973399965719, 40.726421998633462 ], [ -96.739657999525335, 40.715667999113684 ], [ -96.739641999423469, 40.713301998737329 ], [ -96.739632999408286, 40.71204399891289 ], [ -96.739658999779067, 40.705296999159842 ], [ -96.739674999954758, 40.701163999263827 ], [ -96.739680000374733, 40.699942999489934 ], [ -96.739689000207122, 40.699799999500641 ], [ -96.739731000127691, 40.699590998929757 ], [ -96.739745000211514, 40.699518998972167 ], [ -96.739815000001158, 40.699277998728888 ], [ -96.739902999433681, 40.699039998792784 ], [ -96.740009999626778, 40.698806999498075 ], [ -96.74009099944827, 40.698653998915887 ], [ -96.740227999501499, 40.698430999010874 ], [ -96.740383000151411, 40.698212999144872 ], [ -96.740860999999825, 40.69759999933153 ], [ -96.740940000217009, 40.697492999124094 ], [ -96.739702999718986, 40.69748899919994 ], [ -96.739235000202044, 40.697487999196881 ], [ -96.738047000578462, 40.697483999416562 ], [ -96.725750000010777, 40.697444998738426 ], [ -96.723433000029203, 40.697437998830146 ], [ -96.720630999623637, 40.697437998631507 ], [ -96.718983999493972, 40.697427999045971 ], [ -96.716370000224984, 40.697423999040517 ], [ -96.716027000039404, 40.697422999398007 ], [ -96.711537000157719, 40.697406999223297 ], [ -96.705466999425639, 40.697401998827395 ], [ -96.705182999991209, 40.69740199898775 ], [ -96.705152999776814, 40.697090999231563 ], [ -96.704764999539989, 40.693086998900348 ], [ -96.704700999960053, 40.691916999324896 ], [ -96.704692999409275, 40.69114699950746 ], [ -96.704725000436412, 40.690253998689911 ], [ -96.704853000042263, 40.683102999026936 ], [ -96.704999000185637, 40.675841999480703 ], [ -96.705007999856662, 40.675310999230703 ], [ -96.705123000097871, 40.668567999215419 ], [ -96.705298000519008, 40.65772199946727 ], [ -96.705323999466714, 40.655686998776751 ], [ -96.705343000089485, 40.654046998867493 ], [ -96.705345000562104, 40.653913999358096 ], [ -96.705390999926678, 40.650923999223743 ], [ -96.705499999782305, 40.643910999414175 ], [ -96.705517000392916, 40.642794999044618 ], [ -96.70556100052039, 40.640010999474278 ], [ -96.705561999693174, 40.639889999462348 ], [ -96.705565000209802, 40.639714998810369 ], [ -96.705566999923619, 40.639604998792208 ], [ -96.705591999677168, 40.637250998973862 ], [ -96.705606999675354, 40.635900999306365 ], [ -96.705652999532873, 40.632174998879115 ], [ -96.705657000080663, 40.631709999014745 ], [ -96.705664000186843, 40.630924998762332 ], [ -96.705690000469232, 40.628148998646012 ], [ -96.705727999660184, 40.624998999160674 ], [ -96.705904000269626, 40.612604998944612 ], [ -96.705920999552603, 40.611422999318883 ], [ -96.705933999592887, 40.610514999424602 ], [ -96.705391000043875, 40.595494999040966 ], [ -96.705209999776955, 40.588244998825999 ], [ -96.705035999476479, 40.581020999433015 ], [ -96.704696999900662, 40.578022998889359 ], [ -96.704452999426238, 40.575167999424863 ], [ -96.704446999530617, 40.574840998728121 ], [ -96.704441000320926, 40.574472999111691 ], [ -96.704416999979372, 40.573778999047299 ], [ -96.704453000052283, 40.573341999439229 ], [ -96.704500999820695, 40.572850998918859 ], [ -96.704526999782388, 40.572710999190242 ], [ -96.704609999914638, 40.572270998640924 ], [ -96.704767999835852, 40.571584999052455 ], [ -96.704974999536788, 40.570857999377331 ], [ -96.70521700008409, 40.570199998858364 ], [ -96.705521000205991, 40.569324999299674 ], [ -96.706079999748994, 40.567881999190085 ], [ -96.706577000020403, 40.566532999211404 ], [ -96.709341000219766, 40.559296999453636 ], [ -96.709717999465298, 40.557969999417459 ], [ -96.709947999916267, 40.55678099882175 ], [ -96.710030000588887, 40.555528999092957 ], [ -96.710012999694897, 40.554501999355665 ], [ -96.709946999967315, 40.553902998993635 ], [ -96.709937999963358, 40.553857998998879 ], [ -96.70993699953533, 40.553812999289249 ], [ -96.709744999662178, 40.552053998679291 ], [ -96.709486000113841, 40.54913099876854 ], [ -96.709138000287169, 40.544991999204854 ], [ -96.709122999480471, 40.544810998924255 ], [ -96.708466999731343, 40.537571998979566 ], [ -96.708311000203324, 40.535734998873387 ], [ -96.70825000021479, 40.53568899916332 ], [ -96.707423000366347, 40.526014999075706 ], [ -96.707178545693921, 40.523345088683634 ], [ -96.463632267028572, 40.523012993654682 ], [ -96.463632377414683, 40.523247028889898 ], [ -96.463639665740601, 40.538705374720237 ], [ -96.463639990448286, 40.539394020720358 ], [ -96.463640230242731, 40.539902953914229 ], [ -96.46364096424314, 40.541460010454891 ], [ -96.463642439911254, 40.544591159459117 ], [ -96.463643807818286, 40.547490602979572 ], [ -96.463643962248597, 40.54781992203413 ], [ -96.463644565037541, 40.549097094084047 ], [ -96.463644628854865, 40.549233227562993 ], [ -96.463645027176852, 40.550077231112986 ], [ -96.463645547101905, 40.551180789269587 ], [ -96.463645884954346, 40.551895769345563 ], [ -96.463650453667171, 40.561585535056288 ], [ -96.463650741787234, 40.562198609816122 ], [ -96.463651864283591, 40.564579216311849 ], [ -96.463652711908793, 40.566377382868382 ], [ -96.4637416239012, 40.754953958538259 ], [ -96.463806997793526, 40.754957227253612 ] ] ] } },
{ "type": "Feature", "properties": { "OBJECTID_1": 8, "OBJECTID": 32, "District_N": "32", "District_1": 32, "Compactnes": 57.7462263, "Population": 0, "Voting_Age": 0, "GlobalID": "{C1DD775C-0976-4A00-A36D-82354D878390}", "ShapeSTArea": 5445586607.4865837, "ShapeSTLength": 327152.72882015095 }, "geometry": { "type": "Polygon", "coordinates": [ [ [ -96.854615999806896, 40.813873999463922 ], [ -96.857784000143468, 40.813883998702302 ], [ -96.858657999530536, 40.813885999025082 ], [ -96.859588999931731, 40.813888999335916 ], [ -96.860357000166346, 40.813890999355593 ], [ -96.86271200043663, 40.81389799909774 ], [ -96.867603999823984, 40.813912999406803 ], [ -96.87294299946717, 40.813928999325981 ], [ -96.89001800040171, 40.813886999344881 ], [ -96.892095000072743, 40.813881998885499 ], [ -96.89677600026431, 40.813869999007991 ], [ -96.898039000300898, 40.813865999209952 ], [ -96.899326999747828, 40.813862998733555 ], [ -96.901654000116935, 40.813856998971211 ], [ -96.902226000216061, 40.813854999470237 ], [ -96.902532000571327, 40.813853998848465 ], [ -96.904521000413837, 40.813848999479482 ], [ -96.907021999471468, 40.813907999144938 ], [ -96.908554999893283, 40.81390999877113 ], [ -96.910690000471291, 40.813922999180242 ], [ -96.910690000137663, 40.813905172219194 ], [ -96.911084693747995, 40.813905172627102 ], [ -96.911115849208457, 40.698011360653446 ], [ -96.911115858227092, 40.697975401639724 ], [ -96.911115997836518, 40.697975402270416 ], [ -96.913545111234214, 40.697976873122926 ], [ -96.913544964206551, 40.697948707000961 ], [ -96.912636394648004, 40.523625246279337 ], [ -96.707178545693921, 40.523345088683634 ], [ -96.707423000366347, 40.526014999075706 ], [ -96.70825000021479, 40.53568899916332 ], [ -96.708311000203324, 40.535734998873387 ], [ -96.708466999731343, 40.537571998979566 ], [ -96.709122999480471, 40.544810998924255 ], [ -96.709138000287169, 40.544991999204854 ], [ -96.709486000113841, 40.54913099876854 ], [ -96.709744999662178, 40.552053998679291 ], [ -96.70993699953533, 40.553812999289249 ], [ -96.709937999963358, 40.553857998998879 ], [ -96.709946999967315, 40.553902998993635 ], [ -96.710012999694897, 40.554501999355665 ], [ -96.710030000588887, 40.555528999092957 ], [ -96.709947999916267, 40.55678099882175 ], [ -96.709717999465298, 40.557969999417459 ], [ -96.709341000219766, 40.559296999453636 ], [ -96.706577000020403, 40.566532999211404 ], [ -96.706079999748994, 40.567881999190085 ], [ -96.705521000205991, 40.569324999299674 ], [ -96.70521700008409, 40.570199998858364 ], [ -96.704974999536788, 40.570857999377331 ], [ -96.704767999835852, 40.571584999052455 ], [ -96.704609999914638, 40.572270998640924 ], [ -96.704526999782388, 40.572710999190242 ], [ -96.704500999820695, 40.572850998918859 ], [ -96.704453000052283, 40.573341999439229 ], [ -96.704416999979372, 40.573778999047299 ], [ -96.704441000320926, 40.574472999111691 ], [ -96.704446999530617, 40.574840998728121 ], [ -96.704452999426238, 40.575167999424863 ], [ -96.704696999900662, 40.578022998889359 ], [ -96.705035999476479, 40.581020999433015 ], [ -96.705209999776955, 40.588244998825999 ], [ -96.705391000043875, 40.595494999040966 ], [ -96.705933999592887, 40.610514999424602 ], [ -96.705920999552603, 40.611422999318883 ], [ -96.705904000269626, 40.612604998944612 ], [ -96.705727999660184, 40.624998999160674 ], [ -96.705690000469232, 40.628148998646012 ], [ -96.705664000186843, 40.630924998762332 ], [ -96.705657000080663, 40.631709999014745 ], [ -96.705652999532873, 40.632174998879115 ], [ -96.705606999675354, 40.635900999306365 ], [ -96.705591999677168, 40.637250998973862 ], [ -96.705566999923619, 40.639604998792208 ], [ -96.705565000209802, 40.639714998810369 ], [ -96.705561999693174, 40.639889999462348 ], [ -96.70556100052039, 40.640010999474278 ], [ -96.705517000392916, 40.642794999044618 ], [ -96.705499999782305, 40.643910999414175 ], [ -96.705390999926678, 40.650923999223743 ], [ -96.705345000562104, 40.653913999358096 ], [ -96.705343000089485, 40.654046998867493 ], [ -96.705323999466714, 40.655686998776751 ], [ -96.705298000519008, 40.65772199946727 ], [ -96.705123000097871, 40.668567999215419 ], [ -96.705007999856662, 40.675310999230703 ], [ -96.704999000185637, 40.675841999480703 ], [ -96.704853000042263, 40.683102999026936 ], [ -96.704725000436412, 40.690253998689911 ], [ -96.704692999409275, 40.69114699950746 ], [ -96.704700999960053, 40.691916999324896 ], [ -96.704764999539989, 40.693086998900348 ], [ -96.705152999776814, 40.697090999231563 ], [ -96.705182999991209, 40.69740199898775 ], [ -96.705466999425639, 40.697401998827395 ], [ -96.711537000157719, 40.697406999223297 ], [ -96.716027000039404, 40.697422999398007 ], [ -96.716370000224984, 40.697423999040517 ], [ -96.718983999493972, 40.697427999045971 ], [ -96.720630999623637, 40.697437998631507 ], [ -96.723433000029203, 40.697437998830146 ], [ -96.725750000010777, 40.697444998738426 ], [ -96.738047000578462, 40.697483999416562 ], [ -96.739235000202044, 40.697487999196881 ], [ -96.739702999718986, 40.69748899919994 ], [ -96.740940000217009, 40.697492999124094 ], [ -96.740860999999825, 40.69759999933153 ], [ -96.740383000151411, 40.698212999144872 ], [ -96.740227999501499, 40.698430999010874 ], [ -96.74009099944827, 40.698653998915887 ], [ -96.740009999626778, 40.698806999498075 ], [ -96.739902999433681, 40.699039998792784 ], [ -96.739815000001158, 40.699277998728888 ], [ -96.739745000211514, 40.699518998972167 ], [ -96.739731000127691, 40.699590998929757 ], [ -96.739689000207122, 40.699799999500641 ], [ -96.739680000374733, 40.699942999489934 ], [ -96.739674999954758, 40.701163999263827 ], [ -96.739658999779067, 40.705296999159842 ], [ -96.739632999408286, 40.71204399891289 ], [ -96.739641999423469, 40.713301998737329 ], [ -96.739657999525335, 40.715667999113684 ], [ -96.73973399965719, 40.726421998633462 ], [ -96.73973499948967, 40.726569999130227 ], [ -96.739736000370357, 40.726726998791491 ], [ -96.739796000573364, 40.733777999122331 ], [ -96.739803999762501, 40.734751998951644 ], [ -96.739805000560921, 40.734825998868494 ], [ -96.739858999696366, 40.741200998875009 ], [ -96.745668999823934, 40.741223998947419 ], [ -96.749473000490283, 40.741239998866519 ], [ -96.749475000349435, 40.744870998930743 ], [ -96.749473000562404, 40.748503998739508 ], [ -96.749475999914466, 40.750485998994833 ], [ -96.749456000554957, 40.752523999177313 ], [ -96.749450999474462, 40.753041999161589 ], [ -96.749464000448654, 40.755787998685101 ], [ -96.749515000126081, 40.761528999503717 ], [ -96.74951900036038, 40.763095999196196 ], [ -96.749527999756694, 40.767009998841189 ], [ -96.749535000039856, 40.76983299870065 ], [ -96.749536000221511, 40.770168999417493 ], [ -96.749531999603761, 40.770478998675081 ], [ -96.749488000317257, 40.77410799947824 ], [ -96.749481999984212, 40.774529999315625 ], [ -96.749453000165474, 40.776766998671775 ], [ -96.749448000465748, 40.777156999416057 ], [ -96.749440999425801, 40.777665999157357 ], [ -96.749397000420984, 40.781003999216665 ], [ -96.749367999901864, 40.783191999042174 ], [ -96.749487999792009, 40.783192998651899 ], [ -96.749446000430439, 40.784596998907553 ], [ -96.75261599992939, 40.784600999406877 ], [ -96.758234999591778, 40.784606999008716 ], [ -96.758836999736417, 40.784606998712412 ], [ -96.758835000425051, 40.784497998900932 ], [ -96.760596000245656, 40.78450999876452 ], [ -96.762917999553736, 40.784518998779092 ], [ -96.76656399979926, 40.784509999019406 ], [ -96.768447999671409, 40.784515999128409 ], [ -96.768445000095326, 40.784625999047854 ], [ -96.768517999466596, 40.784626998993964 ], [ -96.768803000321157, 40.784626998920288 ], [ -96.778027000334646, 40.784638998894685 ], [ -96.782294999603408, 40.784644999333764 ], [ -96.787514999827835, 40.784652999509035 ], [ -96.796549999427029, 40.784666998881086 ], [ -96.796422000480177, 40.790495999086893 ], [ -96.796256999668813, 40.795052999160561 ], [ -96.796364999508313, 40.795054999481081 ], [ -96.796332999881727, 40.799192999157242 ], [ -96.796304999937831, 40.80476499916999 ], [ -96.796288999746992, 40.807885998970413 ], [ -96.796298999471674, 40.80824199912842 ], [ -96.79633700028262, 40.810292999429031 ], [ -96.796369999900989, 40.812077999137664 ], [ -96.796371999574703, 40.812419999239459 ], [ -96.796380000290412, 40.813740998999776 ], [ -96.796782999502383, 40.81373699925917 ], [ -96.798789999449895, 40.813718998707223 ], [ -96.79941999966799, 40.813712998699586 ], [ -96.799554000151829, 40.813711999457126 ], [ -96.800040999610204, 40.813706999485589 ], [ -96.806351999740556, 40.813648999031088 ], [ -96.808381999465055, 40.813666998664935 ], [ -96.809096999551983, 40.813673999114307 ], [ -96.811734999743408, 40.813698999111601 ], [ -96.813730999929533, 40.813716998702148 ], [ -96.815536999802944, 40.81373499916058 ], [ -96.816240000331632, 40.813741999217235 ], [ -96.816527000029708, 40.813745999437785 ], [ -96.820388000338241, 40.813794998734352 ], [ -96.825341999814796, 40.813857998978989 ], [ -96.827625000290737, 40.813864999133777 ], [ -96.828024999667548, 40.813865999413053 ], [ -96.83118300049388, 40.813875999207795 ], [ -96.833139999865693, 40.813881999339166 ], [ -96.83346899941067, 40.813882998866667 ], [ -96.834909999816645, 40.813887999137862 ], [ -96.836143000176691, 40.813887998978601 ], [ -96.840109000115717, 40.813885999315815 ], [ -96.843149000036661, 40.813884999212419 ], [ -96.844345999539229, 40.813884999398105 ], [ -96.845302999682815, 40.813883998954182 ], [ -96.845892999968612, 40.813882998860286 ], [ -96.846878999981158, 40.813881998795793 ], [ -96.848344999783052, 40.813879999414432 ], [ -96.848498999573224, 40.813878999284015 ], [ -96.848690000412276, 40.813878999157915 ], [ -96.853787000392202, 40.813871999340869 ], [ -96.854615999806896, 40.813873999463922 ] ] ] } },
{ "type": "Feature", "properties": { "OBJECTID_1": 9, "OBJECTID": 46, "District_N": "46", "District_1": 46, "Compactnes": 40.82129426, "Population": 0, "Voting_Age": 0, "GlobalID": "{7060A326-B0EB-4913-9A27-71A655244040}", "ShapeSTArea": 531027076.60437697, "ShapeSTLength": 125426.89465759805 }, "geometry": { "type": "Polygon", "coordinates": [ [ [ -96.605360982580521, 40.897108518241495 ], [ -96.615009999532873, 40.89715399916787 ], [ -96.624491999585317, 40.897071999296102 ], [ -96.639381000560846, 40.897044998870072 ], [ -96.643429000224657, 40.897036998923468 ], [ -96.643576999674664, 40.897036999367877 ], [ -96.644875000238287, 40.89703399897251 ], [ -96.650033999903258, 40.897020999431419 ], [ -96.650168999531658, 40.897020998835963 ], [ -96.650228999672052, 40.897019999242907 ], [ -96.662794999627707, 40.896988999081181 ], [ -96.66295300003334, 40.896985999127772 ], [ -96.663326000573633, 40.896966998685812 ], [ -96.663699000555198, 40.896935998800309 ], [ -96.664102000121048, 40.896887999311865 ], [ -96.664535000313762, 40.896818999292712 ], [ -96.664963000234636, 40.896732999217996 ], [ -96.665384000075179, 40.896629998749482 ], [ -96.665797999544267, 40.896509998863259 ], [ -96.666171999830155, 40.896384998818746 ], [ -96.666537000208038, 40.896245998685266 ], [ -96.666864000244558, 40.896107998899559 ], [ -96.667210999504121, 40.895943999161794 ], [ -96.667546999497077, 40.895767999080803 ], [ -96.667897999555478, 40.895562998663699 ], [ -96.670970000063335, 40.893592998840091 ], [ -96.671569999868254, 40.893207998791837 ], [ -96.672635000362192, 40.892523999384366 ], [ -96.676831000030958, 40.889830999142902 ], [ -96.678635000410949, 40.888671998778882 ], [ -96.679192000421978, 40.888313998798409 ], [ -96.681982999545909, 40.886521999186414 ], [ -96.682127999821247, 40.886429998766957 ], [ -96.682119000550557, 40.88626999870305 ], [ -96.682111000075949, 40.886125999366598 ], [ -96.681966999532065, 40.886216999442098 ], [ -96.681928999762576, 40.885545998890763 ], [ -96.681851000548221, 40.884170999256263 ], [ -96.681827000234392, 40.883678998891909 ], [ -96.681824999764203, 40.883566999370188 ], [ -96.681811000465288, 40.88289399900308 ], [ -96.681811999791137, 40.882788998692156 ], [ -96.68182399985632, 40.881489998859927 ], [ -96.681828000038763, 40.880973998732657 ], [ -96.681842999737825, 40.878811999037474 ], [ -96.681857000246623, 40.876553998730216 ], [ -96.681870000147583, 40.874648999153244 ], [ -96.681889999491958, 40.871576999369879 ], [ -96.681900000310392, 40.869924999450646 ], [ -96.681919999900742, 40.865662998872544 ], [ -96.682073999678636, 40.865691999181749 ], [ -96.68309399995573, 40.865695998675292 ], [ -96.683567, 40.865696998624792 ], [ -96.683714000419073, 40.865686999512967 ], [ -96.683858999425226, 40.865664999137252 ], [ -96.684503999951332, 40.865500999275717 ], [ -96.684974999789461, 40.865379998788143 ], [ -96.684979999787416, 40.865314999183809 ], [ -96.684897000116479, 40.865057999134244 ], [ -96.684871000245153, 40.864928999319751 ], [ -96.684864000116718, 40.864802999374724 ], [ -96.684866999451529, 40.864016999272835 ], [ -96.688718000004954, 40.864092999494751 ], [ -96.688722000563146, 40.863378998938138 ], [ -96.688722999921026, 40.862739999219549 ], [ -96.688700000374297, 40.862634998617132 ], [ -96.688663999756699, 40.862551999329362 ], [ -96.688215999417679, 40.861829998822728 ], [ -96.688174999530119, 40.861727999276042 ], [ -96.688158999936562, 40.861638999289063 ], [ -96.688131000160169, 40.860439999204353 ], [ -96.691064000172787, 40.860459999207862 ], [ -96.691062000322404, 40.860978998996899 ], [ -96.691053000382212, 40.861309998664112 ], [ -96.691052000321307, 40.861514999180834 ], [ -96.691074000444914, 40.861685998624488 ], [ -96.691117000083722, 40.861848998930022 ], [ -96.691178000004939, 40.862005999123781 ], [ -96.691257000271449, 40.862155998793327 ], [ -96.691447999521955, 40.862450998672649 ], [ -96.691488000455877, 40.862532999291005 ], [ -96.691522000286639, 40.862617999426895 ], [ -96.691550000129254, 40.862704998701162 ], [ -96.691572000015725, 40.862794999303233 ], [ -96.691585999829442, 40.862879999123898 ], [ -96.691594000326745, 40.862980998970869 ], [ -96.691589999486567, 40.863175999284216 ], [ -96.694040999719377, 40.863227999163577 ], [ -96.69406100024392, 40.862848999265594 ], [ -96.694082000101787, 40.862767999458868 ], [ -96.694244000522346, 40.862399998922093 ], [ -96.694267000257696, 40.862337999067591 ], [ -96.694313000391006, 40.862171999406144 ], [ -96.694339999742965, 40.86200199922056 ], [ -96.694365000024149, 40.861376998871876 ], [ -96.694396000346714, 40.860520999306324 ], [ -96.694411000558347, 40.860442999089756 ], [ -96.694425000504324, 40.860409999128983 ], [ -96.694466000471621, 40.860347999118488 ], [ -96.694498000167314, 40.860313998662349 ], [ -96.694817000313947, 40.860055999098748 ], [ -96.695846999899445, 40.860792998845682 ], [ -96.695959000577389, 40.86086399872552 ], [ -96.696042999410935, 40.860901999451414 ], [ -96.696141999807125, 40.860936998811844 ], [ -96.696275999903065, 40.860965998693203 ], [ -96.696373000273553, 40.860976998671845 ], [ -96.69868500034228, 40.861024999241955 ], [ -96.699709999461604, 40.86104499887351 ], [ -96.701073999623986, 40.861072998834636 ], [ -96.70107299945758, 40.857508999444178 ], [ -96.70107299957165, 40.857448998842415 ], [ -96.701074000210127, 40.857398999278054 ], [ -96.701080999510069, 40.855714998737426 ], [ -96.701085000267085, 40.854761999086755 ], [ -96.701093999644286, 40.852920999076723 ], [ -96.701098000580743, 40.852012999231647 ], [ -96.701103999511673, 40.85058499890475 ], [ -96.701105999798529, 40.85017299884008 ], [ -96.701112000551149, 40.849788999211782 ], [ -96.701121999781989, 40.849060999363395 ], [ -96.701132999991344, 40.848334999181674 ], [ -96.701146000511528, 40.847428999264551 ], [ -96.701172000105046, 40.84561499912374 ], [ -96.701184999769779, 40.844709999161203 ], [ -96.70119899962063, 40.843803999453662 ], [ -96.70121199955797, 40.842891999190137 ], [ -96.70122499973219, 40.841970998891057 ], [ -96.701238999657605, 40.841064998747157 ], [ -96.701247999734505, 40.840417998725712 ], [ -96.701249999634072, 40.840296999249325 ], [ -96.701251999711729, 40.840158999473616 ], [ -96.701266999758985, 40.839253999314813 ], [ -96.701267999884038, 40.839101998692804 ], [ -96.701286999607717, 40.837796999143237 ], [ -96.701289000154262, 40.837679999364688 ], [ -96.70129300043061, 40.83744199914608 ], [ -96.701303999820098, 40.836694999220789 ], [ -96.701306000439502, 40.836536998784126 ], [ -96.701313000118745, 40.836078999053917 ], [ -96.701316999576534, 40.835813999071213 ], [ -96.701319000338501, 40.835656998999085 ], [ -96.701314999542859, 40.834617999483861 ], [ -96.701312999540477, 40.834129998861556 ], [ -96.701501000115911, 40.834083998817178 ], [ -96.701801999543363, 40.833987998908988 ], [ -96.702094000002006, 40.833880998628615 ], [ -96.70216900031194, 40.833820999434991 ], [ -96.70224300024006, 40.83384599919129 ], [ -96.702294999565027, 40.833855999379509 ], [ -96.7023440004007, 40.833847999211009 ], [ -96.702392999716622, 40.833832998997906 ], [ -96.702622000044173, 40.83373799905727 ], [ -96.702729999915931, 40.833693998854528 ], [ -96.702973000009351, 40.833602998891237 ], [ -96.703173999481749, 40.833540999010332 ], [ -96.703485999547141, 40.833471999268895 ], [ -96.703591999772883, 40.833453998744012 ], [ -96.703697999941454, 40.833435999022093 ], [ -96.703801000456338, 40.833411999076667 ], [ -96.703901999732309, 40.833377999021863 ], [ -96.703944999853732, 40.833353999069388 ], [ -96.703984000237469, 40.833325998995861 ], [ -96.704091999977081, 40.833223999240346 ], [ -96.704120999461637, 40.833196999098156 ], [ -96.704324999581189, 40.833139998736989 ], [ -96.70447299958029, 40.833088999329441 ], [ -96.704657000298212, 40.833001999445344 ], [ -96.705266999854345, 40.832733999266296 ], [ -96.705531999701805, 40.832715999239525 ], [ -96.705637000367332, 40.832694999418017 ], [ -96.705686000198327, 40.8326789992147 ], [ -96.705922999508317, 40.832577999048091 ], [ -96.706009999894619, 40.83252899886962 ], [ -96.706390999794479, 40.832371999345575 ], [ -96.706731999962074, 40.832242998841778 ], [ -96.706824000529409, 40.832200999063915 ], [ -96.706906000575032, 40.832147999262389 ], [ -96.707096000373184, 40.831999998640065 ], [ -96.707163999666705, 40.832001998982136 ], [ -96.707217000167873, 40.831995998659067 ], [ -96.707266000290005, 40.83197999868316 ], [ -96.707286999885397, 40.831970998881317 ], [ -96.707458000168558, 40.831901999191381 ], [ -96.70750000047174, 40.831875999097569 ], [ -96.707612000579886, 40.831785999122985 ], [ -96.707730000432619, 40.831700999063344 ], [ -96.70781399992137, 40.831594999227164 ], [ -96.708066000375737, 40.831493999273086 ], [ -96.708169999833899, 40.831471998726748 ], [ -96.708219000223778, 40.831454998855328 ], [ -96.708494999887108, 40.831323999180739 ], [ -96.708764000462793, 40.831184998782085 ], [ -96.709363999418613, 40.830831998642815 ], [ -96.709520000171835, 40.83071699872805 ], [ -96.709975000251205, 40.830424999230523 ], [ -96.71012500040969, 40.830305998970282 ], [ -96.71026300049617, 40.830178999504369 ], [ -96.710420999892634, 40.830065998753668 ], [ -96.71072600022076, 40.829893999108528 ], [ -96.71080599969882, 40.829838998828571 ], [ -96.710905000151485, 40.829740998670083 ], [ -96.71107899967096, 40.829582998798493 ], [ -96.711138000505116, 40.829513998813908 ], [ -96.711174999808961, 40.829483999513101 ], [ -96.711260999716927, 40.829433998761168 ], [ -96.711538999864004, 40.829237999316099 ], [ -96.711689000479481, 40.829118998799053 ], [ -96.71193099966527, 40.828905999134975 ], [ -96.712164999702182, 40.828700999246884 ], [ -96.712165000401157, 40.828463999507861 ], [ -96.712167000585211, 40.828212999279785 ], [ -96.712177000584944, 40.826641998825167 ], [ -96.712181000545158, 40.825952998979481 ], [ -96.712177999505627, 40.82568899911 ], [ -96.712159999853995, 40.825450999016411 ], [ -96.712111999568805, 40.825100999215579 ], [ -96.712045000398959, 40.824772999318895 ], [ -96.712004000345701, 40.824612999318177 ], [ -96.711906000313235, 40.824297999120532 ], [ -96.711798999571045, 40.824015999171763 ], [ -96.711667999684877, 40.823722998821751 ], [ -96.711634000260034, 40.823658998754674 ], [ -96.711472000246189, 40.823351999019017 ], [ -96.711253000488185, 40.82300499936823 ], [ -96.710279000465775, 40.821545999228384 ], [ -96.710106999565113, 40.821288999153929 ], [ -96.709019999703273, 40.819661999498862 ], [ -96.708911000141129, 40.81948599892015 ], [ -96.708810000029857, 40.819296998903887 ], [ -96.708721999479536, 40.819100999124686 ], [ -96.708654999427125, 40.818914999443301 ], [ -96.708626000068747, 40.818923999140004 ], [ -96.708487999908371, 40.818926998724152 ], [ -96.708462000568076, 40.818599999421878 ], [ -96.708455999587542, 40.818448998922037 ], [ -96.708457999570129, 40.818082999157163 ], [ -96.708460999874333, 40.817511998942543 ], [ -96.708462999695371, 40.816959999097463 ], [ -96.708468000252225, 40.815865999393857 ], [ -96.708473999906403, 40.81475699881824 ], [ -96.708479000215092, 40.813670999136441 ], [ -96.707000000267982, 40.813665999166517 ], [ -96.705517999436111, 40.813659999208788 ], [ -96.704037000335433, 40.813653998986119 ], [ -96.702590999692234, 40.813648999154303 ], [ -96.701439000005152, 40.813643998798135 ], [ -96.701160999412906, 40.813639999423579 ], [ -96.700879000072092, 40.813641999479415 ], [ -96.69967500044055, 40.813637999376994 ], [ -96.698193999979736, 40.813631998891829 ], [ -96.696745999556853, 40.813625999427103 ], [ -96.695298999782992, 40.813620999228732 ], [ -96.69385899973004, 40.813614999048013 ], [ -96.692430999742314, 40.813608999350343 ], [ -96.690963999755667, 40.81360299917678 ], [ -96.689520000568493, 40.813597999363658 ], [ -96.688075000132599, 40.813591999094967 ], [ -96.6866310002369, 40.813585998750632 ], [ -96.685186000321764, 40.813579999218973 ], [ -96.683742000040183, 40.813587998833519 ], [ -96.682405999935384, 40.813582998616802 ], [ -96.682260999666212, 40.813582998629343 ], [ -96.681992999538735, 40.813580999380662 ], [ -96.681149999902345, 40.813554999420774 ], [ -96.680865999763284, 40.813545999248284 ], [ -96.680276999783786, 40.813527998994104 ], [ -96.679676000314217, 40.813528998724877 ], [ -96.679406999943311, 40.813528998684824 ], [ -96.678314000536389, 40.813530998808524 ], [ -96.677599000020194, 40.813531998749347 ], [ -96.676628999618046, 40.813531999509884 ], [ -96.676487000123544, 40.813532999259309 ], [ -96.676303999851484, 40.813533999167547 ], [ -96.674998000091932, 40.813535999114237 ], [ -96.674629000232542, 40.813535999085566 ], [ -96.672883999714116, 40.813538999213364 ], [ -96.672782000149326, 40.813536999377611 ], [ -96.671511000515125, 40.813538998699492 ], [ -96.670189999886446, 40.813540998800178 ], [ -96.670191999939206, 40.814514998976449 ], [ -96.670193000547258, 40.815021999200972 ], [ -96.670193999715892, 40.815529998872599 ], [ -96.670197000446009, 40.817112999149963 ], [ -96.670199000448335, 40.818109998734052 ], [ -96.670201000151437, 40.819125999287877 ], [ -96.670204000177236, 40.820725998929269 ], [ -96.670203000297363, 40.820785998858852 ], [ -96.670205000451205, 40.82176099909973 ], [ -96.670206999728194, 40.822765999206865 ], [ -96.670207999471316, 40.823108999383123 ], [ -96.670208999779433, 40.82330399927848 ], [ -96.670210999763356, 40.823691999167572 ], [ -96.670230000576751, 40.823785999246653 ], [ -96.670264000231782, 40.823868999134234 ], [ -96.670050999817775, 40.824071998649131 ], [ -96.669078000458654, 40.824073999265273 ], [ -96.668723000264947, 40.824037999185457 ], [ -96.667482000583604, 40.823912999515372 ], [ -96.666288999749682, 40.82393099925477 ], [ -96.666290999551634, 40.824818999237138 ], [ -96.666292000079906, 40.825659999438535 ], [ -96.664285000025458, 40.825663999347256 ], [ -96.663316000413388, 40.82566599901493 ], [ -96.663319000083717, 40.827102999090449 ], [ -96.663320999850839, 40.828040999238816 ], [ -96.662118000236205, 40.828038999006097 ], [ -96.660925000144942, 40.828035998996455 ], [ -96.659733000234283, 40.828033998992261 ], [ -96.658540000343805, 40.828030998632656 ], [ -96.657336999875028, 40.828028998972428 ], [ -96.656144999496959, 40.828025999325959 ], [ -96.656026999450049, 40.828024998653845 ], [ -96.655299999601965, 40.828080999187542 ], [ -96.654957999641994, 40.828081999220764 ], [ -96.653885000022257, 40.828084999136713 ], [ -96.653883000234472, 40.829354998845794 ], [ -96.653883000049291, 40.829516999005797 ], [ -96.653834000423416, 40.830342998655873 ], [ -96.653779999476981, 40.831156999206939 ], [ -96.653765999532169, 40.833150999320303 ], [ -96.653764000358294, 40.833466999314588 ], [ -96.653811000097235, 40.834282998677331 ], [ -96.653806999530232, 40.835253998960503 ], [ -96.656245999798074, 40.8352569987536 ], [ -96.656481000517687, 40.835262999010943 ], [ -96.656692000058925, 40.835280998736778 ], [ -96.656923999496996, 40.835313998775774 ], [ -96.657082999666301, 40.835344998705288 ], [ -96.657307000172395, 40.835401998859844 ], [ -96.657544999953302, 40.835479998745825 ], [ -96.657594999898251, 40.835499999028393 ], [ -96.657753000145803, 40.835564999290185 ], [ -96.657951000450538, 40.835660999327359 ], [ -96.658136000105202, 40.835770999297061 ], [ -96.658992000049636, 40.83627799930035 ], [ -96.658897999608897, 40.836318998728977 ], [ -96.658861999597761, 40.836340999080548 ], [ -96.658862999523635, 40.837274998687732 ], [ -96.658865000463763, 40.838291999130007 ], [ -96.658866999961901, 40.839306999515749 ], [ -96.658868000003508, 40.84029499889332 ], [ -96.658870000323304, 40.84128399874222 ], [ -96.658871999489293, 40.842491998712518 ], [ -96.658876000118426, 40.842588998621714 ], [ -96.660176999911258, 40.842595998910419 ], [ -96.661473999487825, 40.842602998913158 ], [ -96.662775000211823, 40.842608999230244 ], [ -96.663227000217162, 40.842611999509963 ], [ -96.664081000370629, 40.84261399903334 ], [ -96.664479000095355, 40.842615998992997 ], [ -96.665285999537247, 40.842618999278223 ], [ -96.665693000181946, 40.842619999139352 ], [ -96.666680000592422, 40.842622999212523 ], [ -96.666906999548345, 40.84262299872875 ], [ -96.668012999623471, 40.8426269987336 ], [ -96.669282000397956, 40.842630999468525 ], [ -96.669794999766935, 40.842632998844785 ], [ -96.669534000154172, 40.842781998807709 ], [ -96.66664100007128, 40.844294999007658 ], [ -96.665872000013152, 40.84468699927956 ], [ -96.664559000550113, 40.84539899892259 ], [ -96.664079000040815, 40.845650998654769 ], [ -96.663201999453037, 40.8461209986421 ], [ -96.663043000207523, 40.846206999375191 ], [ -96.661036000221287, 40.84727399938231 ], [ -96.658873999890972, 40.848389999043761 ], [ -96.655394000090794, 40.850218999381177 ], [ -96.654957000463256, 40.850434998816098 ], [ -96.653621999699794, 40.851119998771281 ], [ -96.653623000435587, 40.851023998902832 ], [ -96.652346999913647, 40.851186999007354 ], [ -96.651998000068261, 40.851182998757281 ], [ -96.651045000478902, 40.851179999232045 ], [ -96.650041000007391, 40.851177998836434 ], [ -96.649744000505507, 40.851179999503337 ], [ -96.648441999658488, 40.851191999298571 ], [ -96.648100000548695, 40.8511949986665 ], [ -96.647140999767572, 40.851177999022426 ], [ -96.646502000384345, 40.851166998681592 ], [ -96.645839999808814, 40.851192998877437 ], [ -96.645589000042804, 40.851203999242955 ], [ -96.645274999609725, 40.851263999144798 ], [ -96.644121999778733, 40.851265998778359 ], [ -96.641513000008558, 40.85126099932512 ], [ -96.640187000106138, 40.851258998909501 ], [ -96.639913999899349, 40.851257999273486 ], [ -96.635802000058376, 40.851248999263326 ], [ -96.634425999413864, 40.851245998725219 ], [ -96.633054999959512, 40.851253999212588 ], [ -96.630416000033449, 40.851267999341609 ], [ -96.627814000321649, 40.851267998942632 ], [ -96.62487300050617, 40.851266999212854 ], [ -96.620102000037079, 40.851266998674106 ], [ -96.620101000552353, 40.851491999432668 ], [ -96.618889999496872, 40.851399998750317 ], [ -96.605792999643825, 40.851577999497657 ], [ -96.605747000240342, 40.854892999414609 ], [ -96.605764000402502, 40.855002999021984 ], [ -96.605715999833436, 40.857090999429637 ], [ -96.605705999935722, 40.858109999262858 ], [ -96.605650000461054, 40.86430599907203 ], [ -96.605650000556196, 40.864392999152535 ], [ -96.605593000132629, 40.870918998898041 ], [ -96.60559199986676, 40.870989999243385 ], [ -96.605591000063654, 40.871095999476076 ], [ -96.605569000128682, 40.872754998897285 ], [ -96.605589999434187, 40.87295699931051 ], [ -96.605628999918451, 40.873157998689059 ], [ -96.605686999519662, 40.873354999281808 ], [ -96.605761999489914, 40.873549999498728 ], [ -96.60585500012273, 40.873739998872999 ], [ -96.605964000361865, 40.873924998638799 ], [ -96.606124999681356, 40.874146998958594 ], [ -96.606260000485818, 40.874301999130182 ], [ -96.606765000163719, 40.874883998634239 ], [ -96.606889999453088, 40.875026999022126 ], [ -96.606476999426093, 40.875253998776188 ], [ -96.605808999712522, 40.875598999230206 ], [ -96.605492999917232, 40.875764998946941 ], [ -96.605508000033808, 40.875897999242142 ], [ -96.605561000213356, 40.87635499914898 ], [ -96.605465999805674, 40.876403999396246 ], [ -96.605186999658329, 40.876542999122648 ], [ -96.604686000449846, 40.87679099928981 ], [ -96.603330000434966, 40.87752099935016 ], [ -96.603399000299319, 40.877592999147964 ], [ -96.603478999608171, 40.877652998789337 ], [ -96.603583999578632, 40.877709999334058 ], [ -96.603733000081576, 40.877750998840398 ], [ -96.603915000359919, 40.877776999400197 ], [ -96.604295999767217, 40.877799999138446 ], [ -96.604762999980693, 40.877802998997517 ], [ -96.604945999587002, 40.877811999369641 ], [ -96.605082999561034, 40.877828999137201 ], [ -96.605182000335972, 40.877854999191499 ], [ -96.605296999788479, 40.877900999361913 ], [ -96.605409000383148, 40.877967998977098 ], [ -96.605491999555525, 40.878052999000744 ], [ -96.605539999890567, 40.878122998823649 ], [ -96.605573999665609, 40.878209998701372 ], [ -96.605596000210923, 40.878334999082149 ], [ -96.605582000095879, 40.878492998912826 ], [ -96.605457000127501, 40.879948999086935 ], [ -96.605430000232857, 40.880733998866006 ], [ -96.605403999660481, 40.881953999234376 ], [ -96.60538284386206, 40.882188706180258 ], [ -96.605350791550379, 40.882797445929157 ], [ -96.605261070352853, 40.884598469854993 ], [ -96.605241241301343, 40.884996489025859 ], [ -96.605234313540834, 40.885135552215324 ], [ -96.605227188620304, 40.885547868526494 ], [ -96.605243857942469, 40.887431636583493 ], [ -96.605251668299644, 40.888314186052078 ], [ -96.605076948671609, 40.888551263921741 ], [ -96.604932441271956, 40.888747345028804 ], [ -96.604864508738146, 40.888839520065183 ], [ -96.604826589946569, 40.888890972188918 ], [ -96.60468834109993, 40.889079492067559 ], [ -96.6045139205129, 40.889315223122651 ], [ -96.604097643336885, 40.889914151753679 ], [ -96.603886734641947, 40.890217595618381 ], [ -96.603812203099764, 40.890324826711648 ], [ -96.603829760385253, 40.890736423134335 ], [ -96.603834375296572, 40.890844613334473 ], [ -96.603840757854854, 40.890994231868611 ], [ -96.603848620008307, 40.891178525288069 ], [ -96.603858620864941, 40.891412974284954 ], [ -96.603955519875996, 40.891555143841565 ], [ -96.604069939551721, 40.891723018977814 ], [ -96.604152462449036, 40.891844093394887 ], [ -96.604190096882988, 40.891899309996376 ], [ -96.604225381591576, 40.89195107802658 ], [ -96.604264425550241, 40.892008361216426 ], [ -96.604312592806394, 40.892079030524009 ], [ -96.604377209976803, 40.892173834297495 ], [ -96.60448535737649, 40.892338741134374 ], [ -96.604595213635008, 40.892481258081318 ], [ -96.604921984592039, 40.893092016960061 ], [ -96.605024600578673, 40.893273074811397 ], [ -96.605104884884412, 40.893414730755715 ], [ -96.605175588733601, 40.893539479568062 ], [ -96.605286225271342, 40.89373468600467 ], [ -96.605299005017386, 40.893844097531307 ], [ -96.605313648172711, 40.894118903335276 ], [ -96.605359848928074, 40.896753405678894 ], [ -96.605360982580521, 40.897108518241495 ] ] ] } }
]
}
