{
"type": "FeatureCollection",
"name": "City_Council_Districts",
"crs": { "type": "name", "properties": { "name": "urn:ogc:def:crs:OGC:1.3:CRS84" } },
"features": [
{ "type": "Feature", "properties": { "OBJECTID": 1620, "CCDIST10_": 2, "CCDIST10_I": 2, "CCDIST": 1, "GlobalID": "{C8DBD71B-3F04-4443-AE73-C860C9AAAD8C}", "Councilor": "James Michael Bowers", "AtLarge1": "Sandra Washington", "AtLarge2": "Tom Beckius", "AtLarge3": "Bennie Shobe", "CreatedBy": "NCSRNA", "CreatedDate": "2022-02-16T21:13:35Z", "EditedBy": "NCSSER", "EditedDate": "2024-07-23T13:43:27Z", "ShapeSTArea": 755631227.23873806, "ShapeSTLength": 215195.10322229922 }, "geometry": { "type": "Polygon", "coordinates": [ [ [ -96.590464966188108, 40.813141148023931 ], [ -96.590340486203473, 40.813139082404518 ], [ -96.588927875070141, 40.813114838681443 ], [ -96.587616852670706, 40.813102627632546 ], [ -96.586978364426869, 40.813095889419593 ], [ -96.586544883026136, 40.813091798134565 ], [ -96.582194376119148, 40.813050679566224 ], [ -96.580298021805973, 40.813041600782938 ], [ -96.577377569133048, 40.813019760432262 ], [ -96.576255041821923, 40.813005888299458 ], [ -96.572545925328868, 40.812959975050042 ], [ -96.572544727153357, 40.813289344344888 ], [ -96.572539606551658, 40.814118619603633 ], [ -96.571450248424583, 40.814105083297342 ], [ -96.571439553720168, 40.816324980735573 ], [ -96.571433155797976, 40.817261063832404 ], [ -96.571430445979232, 40.81776141280104 ], [ -96.571428019962482, 40.818209322936859 ], [ -96.571416679095961, 40.818658873636515 ], [ -96.568625829347411, 40.818650065697987 ], [ -96.568616532614797, 40.820293899217482 ], [ -96.567887857444191, 40.820283445721905 ], [ -96.567790644137787, 40.820282039689971 ], [ -96.567791033007651, 40.820213736146137 ], [ -96.567555340285139, 40.820213924240889 ], [ -96.567552200535403, 40.820281347879977 ], [ -96.567490780667342, 40.82028178976315 ], [ -96.567476763795952, 40.822746557907713 ], [ -96.567470254266794, 40.82389105314229 ], [ -96.570053531157541, 40.82392567904521 ], [ -96.571084260173535, 40.82394174530998 ], [ -96.573101083736788, 40.826013027641764 ], [ -96.574079523100863, 40.826728934401594 ], [ -96.574136256156152, 40.827515938249014 ], [ -96.574135678212343, 40.827752525888791 ], [ -96.577297979890034, 40.827810830896773 ], [ -96.585909364753732, 40.827960281690103 ], [ -96.586090234215348, 40.827977138563483 ], [ -96.586451196104491, 40.827983454853388 ], [ -96.586703994424553, 40.827974086608535 ], [ -96.587064694011914, 40.827979081602315 ], [ -96.589507890245542, 40.828004937212619 ], [ -96.590058015725489, 40.827964174601753 ], [ -96.591198044949707, 40.827976368516296 ], [ -96.591219138059188, 40.828023011065966 ], [ -96.591663043612414, 40.828027625678047 ], [ -96.593897477015574, 40.828051268770807 ], [ -96.601170697677475, 40.828111949102478 ], [ -96.601154992164425, 40.831617721111968 ], [ -96.590418052550575, 40.831522133510113 ], [ -96.590380427689979, 40.835251739863601 ], [ -96.596339112015499, 40.835307721807233 ], [ -96.596326465544209, 40.838870412419169 ], [ -96.596303233036082, 40.842380487860979 ], [ -96.596086949312607, 40.842378355385932 ], [ -96.596093504149977, 40.841354653299774 ], [ -96.594449337161734, 40.841338190964244 ], [ -96.592443793217399, 40.841318079138098 ], [ -96.590744154342531, 40.841301007460615 ], [ -96.589071501575347, 40.84128418242161 ], [ -96.589065017079605, 40.842280438772761 ], [ -96.588781762066461, 40.842277586800449 ], [ -96.58879814627538, 40.842552223956886 ], [ -96.591473005345463, 40.846136040238335 ], [ -96.591436010112631, 40.849934685368247 ], [ -96.591433028215121, 40.850220926615599 ], [ -96.591423835871879, 40.850232273435154 ], [ -96.591407872874996, 40.850245812550071 ], [ -96.591394873107589, 40.850261069479501 ], [ -96.591385151348831, 40.850277675308739 ], [ -96.591378942981478, 40.850295225038948 ], [ -96.591376400409146, 40.850313294692192 ], [ -96.591369829497708, 40.850325727831091 ], [ -96.591356760359204, 40.850365846682237 ], [ -96.591335854591662, 40.850404005011775 ], [ -96.591328475314924, 40.850408836876127 ], [ -96.591322079178113, 40.850414418728533 ], [ -96.591316795603262, 40.850420635421685 ], [ -96.59131273386933, 40.850427360986075 ], [ -96.591309939541503, 40.850444847843185 ], [ -96.591309913921648, 40.850462462182989 ], [ -96.591312657376008, 40.850479953684143 ], [ -96.591312516795611, 40.850489371243569 ], [ -96.591310355782412, 40.85049864483944 ], [ -96.591306231615192, 40.850507526899307 ], [ -96.591300254921777, 40.850515778899791 ], [ -96.591292584922641, 40.850523180366913 ], [ -96.591284114962207, 40.850534333286113 ], [ -96.591279500382342, 40.850540410070344 ], [ -96.591269708281231, 40.850558858125417 ], [ -96.591263401251609, 40.850578162718676 ], [ -96.591260701985007, 40.85059794667027 ], [ -96.59126166322433, 40.850617822836504 ], [ -96.59125838797469, 40.850645528354761 ], [ -96.591250810072779, 40.850672744025985 ], [ -96.591233800611434, 40.850726492179483 ], [ -96.591222983664963, 40.850755701400033 ], [ -96.591208073269911, 40.850784883771546 ], [ -96.591198270819021, 40.850815286920991 ], [ -96.591181283759042, 40.850849528904796 ], [ -96.591157440217259, 40.850881326741877 ], [ -96.591127330688863, 40.850909894842175 ], [ -96.591102665917873, 40.850935587010824 ], [ -96.591056422738561, 40.850982297954872 ], [ -96.591039477301933, 40.850992801716309 ], [ -96.590984312454154, 40.851017962158977 ], [ -96.590933194139041, 40.851047643477273 ], [ -96.590910088935686, 40.851059311701782 ], [ -96.590892333862683, 40.851065530477797 ], [ -96.590875694720694, 40.851073327757724 ], [ -96.590860414768898, 40.851082591192323 ], [ -96.590813423040458, 40.851099301529338 ], [ -96.590768205023892, 40.85111863001454 ], [ -96.590706698646841, 40.851183946290526 ], [ -96.590624603651747, 40.851271125777579 ], [ -96.590520964974189, 40.851381183316704 ], [ -96.590381806456108, 40.851525167089292 ], [ -96.590160117698971, 40.851753514702551 ], [ -96.589789132203592, 40.851910661474996 ], [ -96.590136144152552, 40.852290307219384 ], [ -96.590387687026748, 40.852295591725202 ], [ -96.590918116031375, 40.85259868018278 ], [ -96.591139232237111, 40.852800842351719 ], [ -96.59143347290852, 40.853553066814548 ], [ -96.591482724566674, 40.853678973863431 ], [ -96.5917483623886, 40.853943757873289 ], [ -96.592118435374076, 40.854105706402713 ], [ -96.592583331076042, 40.854235773945206 ], [ -96.593038217444601, 40.854506016807456 ], [ -96.593431895860178, 40.855062343127464 ], [ -96.593477958877074, 40.855514224641283 ], [ -96.593408596708798, 40.855648754248001 ], [ -96.592952500951654, 40.856179545899494 ], [ -96.592960307893762, 40.856331311944857 ], [ -96.594855376489065, 40.856448825851423 ], [ -96.59498618747935, 40.856505134022953 ], [ -96.595149570686075, 40.856829398622132 ], [ -96.595388148116399, 40.856984881628932 ], [ -96.595393170169245, 40.857259218987032 ], [ -96.605347212657264, 40.857230223145578 ], [ -96.605370720224997, 40.857248500852819 ], [ -96.605363837503546, 40.858038727160505 ], [ -96.605369294471473, 40.858137614307765 ], [ -96.605367938705044, 40.858521191166822 ], [ -96.605365125776657, 40.859317381105257 ], [ -96.605363522879543, 40.859770885587295 ], [ -96.605361749614403, 40.860272669497775 ], [ -96.605162428299437, 40.860328048231651 ], [ -96.605160968698002, 40.860491384497728 ], [ -96.605377375476778, 40.860547085911094 ], [ -96.605393774674951, 40.861057192001631 ], [ -96.605420499241959, 40.86203328373346 ], [ -96.605419880633704, 40.86215598298601 ], [ -96.605419044727782, 40.862321825563335 ], [ -96.605355629791305, 40.862978864129992 ], [ -96.605345569452979, 40.86410409623236 ], [ -96.605127572305406, 40.864185456147666 ], [ -96.605126843902681, 40.864306340896043 ], [ -96.605126754534879, 40.864347558268037 ], [ -96.605360706658615, 40.864433509815768 ], [ -96.605359444905645, 40.864575402238586 ], [ -96.60534493701995, 40.866207380503944 ], [ -96.605339426056688, 40.86669094446858 ], [ -96.605321744868036, 40.866816602820471 ], [ -96.605320298824722, 40.866945398223059 ], [ -96.60531112105312, 40.867511110684575 ], [ -96.605097375258083, 40.867620329398967 ], [ -96.605096005633456, 40.867779718915216 ], [ -96.605293433554863, 40.867890271173415 ], [ -96.605300853863483, 40.869767329231053 ], [ -96.605301693274427, 40.870162085784045 ], [ -96.605302851032874, 40.870707019712221 ], [ -96.605276717191074, 40.870920247263946 ], [ -96.605230654328935, 40.870956143334979 ], [ -96.60332777523746, 40.870948813914268 ], [ -96.603323854696214, 40.870957338148955 ], [ -96.602856693853354, 40.870946032147899 ], [ -96.602429889371265, 40.87094322100495 ], [ -96.602426964864392, 40.871214350455197 ], [ -96.602879580346084, 40.871215245638169 ], [ -96.602420753306035, 40.871689004436291 ], [ -96.60204679144536, 40.872060381369344 ], [ -96.602366535045505, 40.872649090050821 ], [ -96.602507845907809, 40.872877435201033 ], [ -96.602961909877095, 40.873097405869302 ], [ -96.603112155470171, 40.87341437577679 ], [ -96.602873180724529, 40.873759648372449 ], [ -96.602832367874598, 40.873777487338707 ], [ -96.60252151434419, 40.873871360706325 ], [ -96.602441552433262, 40.874087647761613 ], [ -96.603589390786837, 40.874545552495157 ], [ -96.603716869739486, 40.874694510012255 ], [ -96.603772849580153, 40.874881200069169 ], [ -96.603652905374034, 40.875116962101835 ], [ -96.603663606777133, 40.875630643098617 ], [ -96.60407802370753, 40.875989101179783 ], [ -96.604368229367779, 40.876259901425215 ], [ -96.604682487969328, 40.876597058663329 ], [ -96.604956617789426, 40.876453890343839 ], [ -96.605536254883006, 40.876151062938625 ], [ -96.606023513089028, 40.875893995416135 ], [ -96.606731257416996, 40.875520597773793 ], [ -96.60716072665393, 40.875294009364652 ], [ -96.609578648493013, 40.874018141427392 ], [ -96.612750001531637, 40.872343992850475 ], [ -96.614775940169608, 40.871274414704608 ], [ -96.615431768044431, 40.871274010088847 ], [ -96.615628981309342, 40.871160536173903 ], [ -96.619808707742919, 40.871189127258184 ], [ -96.619790614175869, 40.878437564658412 ], [ -96.619764543714126, 40.879476316070765 ], [ -96.61973423928994, 40.880683709583664 ], [ -96.607704087125668, 40.880608532792841 ], [ -96.607613747720123, 40.885159462529842 ], [ -96.60523428495263, 40.885138498409205 ], [ -96.605227211160567, 40.885547870343537 ], [ -96.608888713053304, 40.885583613574546 ], [ -96.613178525276169, 40.885624104611892 ], [ -96.613270514798941, 40.886113724767412 ], [ -96.613263271761753, 40.889386538750259 ], [ -96.620993143538541, 40.88957236548795 ], [ -96.620972312166344, 40.892165996548762 ], [ -96.620967424769887, 40.892774415945915 ], [ -96.620964889368679, 40.893090081301239 ], [ -96.621721919522102, 40.893107097919952 ], [ -96.621737063745599, 40.892494067912274 ], [ -96.621623042543334, 40.892491589137542 ], [ -96.621628303486816, 40.889587569462996 ], [ -96.624376263837704, 40.889651815542258 ], [ -96.624379467367376, 40.892878495097264 ], [ -96.62427313316509, 40.892876107826709 ], [ -96.624271927222722, 40.893164381073497 ], [ -96.624274034420594, 40.893468514529197 ], [ -96.624283976478111, 40.894778795581665 ], [ -96.624294593337339, 40.895345845027457 ], [ -96.624305169734342, 40.895831615221148 ], [ -96.624157998006922, 40.896365282029251 ], [ -96.620638817035655, 40.896234930347795 ], [ -96.619590858495243, 40.896241251732398 ], [ -96.616231469970771, 40.896261451025168 ], [ -96.614985400373044, 40.896387042827264 ], [ -96.613733204550599, 40.89637976049233 ], [ -96.613623777621171, 40.896297849792283 ], [ -96.613456766509103, 40.896298711652243 ], [ -96.613352692569094, 40.896381727915411 ], [ -96.612491643220551, 40.896374977428216 ], [ -96.610177872081792, 40.89635680463055 ], [ -96.610194260940773, 40.897534716470638 ], [ -96.610175411367152, 40.900755728566253 ], [ -96.610171754864098, 40.907290011157322 ], [ -96.620541483623981, 40.907392511151798 ], [ -96.622544355450998, 40.907412200697678 ], [ -96.622546708029404, 40.90619363896208 ], [ -96.624655534067955, 40.906201071925508 ], [ -96.624666652180281, 40.900211181521534 ], [ -96.634025530840802, 40.900240509406885 ], [ -96.634031138625616, 40.89741457757404 ], [ -96.634036437606653, 40.896378193548912 ], [ -96.634409128359778, 40.896415219428114 ], [ -96.635375705129178, 40.896386015596072 ], [ -96.635375634747845, 40.896452298960426 ], [ -96.636481390372481, 40.896450871806671 ], [ -96.637589334866533, 40.896421920551894 ], [ -96.638946023696363, 40.896370265035266 ], [ -96.640566313137427, 40.89586734082917 ], [ -96.642291160992855, 40.894551855057017 ], [ -96.642949697568824, 40.89345923619593 ], [ -96.642952322089371, 40.893138060657279 ], [ -96.643967804739503, 40.893137354778304 ], [ -96.644040904034625, 40.893458170277484 ], [ -96.64458923937903, 40.894481994478085 ], [ -96.644898494967777, 40.894707477659175 ], [ -96.644870325637712, 40.897027271906801 ], [ -96.644849690623062, 40.898601675706132 ], [ -96.644234564231468, 40.898789374222815 ], [ -96.644197250836683, 40.898978714210287 ], [ -96.643967321006585, 40.899481903972216 ], [ -96.642767295889442, 40.899509624253817 ], [ -96.642794217364326, 40.900261629882422 ], [ -96.642797554319642, 40.90117751429397 ], [ -96.642801635951159, 40.902298106139689 ], [ -96.642806552598188, 40.903647667407256 ], [ -96.642820537819773, 40.90748598271675 ], [ -96.648361415779107, 40.907528943816949 ], [ -96.648351076054013, 40.911144061071894 ], [ -96.657938156050065, 40.911228949054951 ], [ -96.65791550687436, 40.914682899518418 ], [ -96.657952262902768, 40.914938589177076 ], [ -96.662821351020639, 40.914983836929672 ], [ -96.662955378268038, 40.900096609027514 ], [ -96.663097510122824, 40.899683590083569 ], [ -96.663184115690584, 40.896340747514913 ], [ -96.65001357585767, 40.896203751097865 ], [ -96.650010902261243, 40.893094804581082 ], [ -96.650012503250721, 40.892957580303779 ], [ -96.649131592425775, 40.892948031741668 ], [ -96.64911653046228, 40.88987285535773 ], [ -96.649147034357355, 40.889648860768233 ], [ -96.649264390554521, 40.889431969196998 ], [ -96.649433115130535, 40.889141254805928 ], [ -96.649983483218989, 40.889380279109254 ], [ -96.650433389942791, 40.889575670049283 ], [ -96.650877025314642, 40.889768334301301 ], [ -96.651166403792587, 40.889384584897861 ], [ -96.651072255093311, 40.889343667043377 ], [ -96.652099498750133, 40.887981388183803 ], [ -96.652834202920147, 40.8881941879511 ], [ -96.653130147385824, 40.888193442344821 ], [ -96.653118449351226, 40.885884052915856 ], [ -96.653118516758383, 40.885785207983659 ], [ -96.653126083692314, 40.881969804610954 ], [ -96.653131563605854, 40.879207109159196 ], [ -96.653132694885215, 40.878636946997922 ], [ -96.653401082253424, 40.878638644224125 ], [ -96.654683176504676, 40.878646743515617 ], [ -96.656212319037564, 40.878656384540115 ], [ -96.668030597946668, 40.878729453885818 ], [ -96.671653103445038, 40.878754194444021 ], [ -96.672092504274929, 40.882376005185193 ], [ -96.674497327964829, 40.882392131743494 ], [ -96.674806999882151, 40.882809415682338 ], [ -96.674908629180322, 40.883385313464906 ], [ -96.674972613248542, 40.884097270302384 ], [ -96.674770921143164, 40.884715643590354 ], [ -96.674833606318657, 40.886009464952281 ], [ -96.675462310819569, 40.886016342578522 ], [ -96.676059499072181, 40.888706735135365 ], [ -96.67698888027067, 40.888712687164244 ], [ -96.676979214408249, 40.8876631319796 ], [ -96.677414701214957, 40.887958990998122 ], [ -96.678111603195262, 40.888223585684699 ], [ -96.678636759705583, 40.888657317381238 ], [ -96.678656294886096, 40.888644847993703 ], [ -96.682054148005122, 40.886486383613821 ], [ -96.682030165913815, 40.886055470616576 ], [ -96.682011605667782, 40.885721795552541 ], [ -96.68197285110584, 40.885025413529235 ], [ -96.681882981257203, 40.882899774651634 ], [ -96.681870689655881, 40.882611856110444 ], [ -96.681863022035714, 40.882433033343929 ], [ -96.68186314495702, 40.881114160231853 ], [ -96.681863303899618, 40.878810345132713 ], [ -96.681892666565304, 40.876547827267608 ], [ -96.681896707571553, 40.876235123041489 ], [ -96.681917305612771, 40.874648657714559 ], [ -96.681972985344331, 40.865660023038231 ], [ -96.682003827867661, 40.860689673726903 ], [ -96.68205368052223, 40.857180015238782 ], [ -96.68205391548851, 40.857046951402992 ], [ -96.682085327567776, 40.850057540406709 ], [ -96.682108423070829, 40.847571000714332 ], [ -96.682161376768235, 40.836842112744158 ], [ -96.682162185862012, 40.836407745931126 ], [ -96.682162207441934, 40.836405040109902 ], [ -96.689476457986345, 40.832556983517534 ], [ -96.694172227072471, 40.829031413044511 ], [ -96.694152441613241, 40.828133388714249 ], [ -96.694132405313894, 40.824481549742266 ], [ -96.693561045404181, 40.824481578421462 ], [ -96.689993844314543, 40.824436708319375 ], [ -96.690011294483782, 40.82078169248625 ], [ -96.69075406014845, 40.820786008633142 ], [ -96.693832773419118, 40.820803906200304 ], [ -96.693849253972985, 40.8168831370634 ], [ -96.693853900968278, 40.815804655325628 ], [ -96.692411820205749, 40.815801528514349 ], [ -96.690952492321799, 40.815794883190016 ], [ -96.689507599350748, 40.815788800913538 ], [ -96.688063181910607, 40.815782702343547 ], [ -96.686766645074869, 40.815777213245951 ], [ -96.685173761150239, 40.815770449140729 ], [ -96.683729562586478, 40.815764297224703 ], [ -96.682321408711303, 40.815758281203628 ], [ -96.682335093154279, 40.81352208821653 ], [ -96.682356970045973, 40.809838119345763 ], [ -96.68238150211306, 40.806214632917552 ], [ -96.682381548329403, 40.806214632919797 ], [ -96.682401947040688, 40.802589453864961 ], [ -96.682452549790412, 40.802549676459243 ], [ -96.682402413237, 40.802499728111599 ], [ -96.682341200175344, 40.802513112917758 ], [ -96.682258000275056, 40.802495999405437 ], [ -96.682015488577235, 40.802465768019836 ], [ -96.681730273716326, 40.802430611056636 ], [ -96.68134793895014, 40.802387125867348 ], [ -96.681153090505347, 40.802361130224135 ], [ -96.680932622177494, 40.80232307931135 ], [ -96.680742113832068, 40.802282563559949 ], [ -96.68058092877807, 40.802242541040201 ], [ -96.680448289339068, 40.802205501555164 ], [ -96.680317331893491, 40.802165154694308 ], [ -96.680214891181834, 40.802130876826922 ], [ -96.68014799994063, 40.802191998998062 ], [ -96.679876894553871, 40.802462981741442 ], [ -96.679712731203466, 40.802465266124365 ], [ -96.679423836716524, 40.802469285173082 ], [ -96.679279388867485, 40.802471294876398 ], [ -96.679108677951632, 40.802477873026049 ], [ -96.678831878768051, 40.802521620979348 ], [ -96.678635999465982, 40.802557999354789 ], [ -96.678416223524209, 40.802580199692827 ], [ -96.677628407878387, 40.80258205814296 ], [ -96.67744522217366, 40.802582218831397 ], [ -96.677018913790818, 40.802582593047859 ], [ -96.676439009582111, 40.802583098901785 ], [ -96.675964243021937, 40.802583511156143 ], [ -96.675242533425248, 40.802584133818229 ], [ -96.674631317541397, 40.802584656820663 ], [ -96.674052607749772, 40.802585149919686 ], [ -96.673422605331979, 40.802585683147392 ], [ -96.672844684743694, 40.802586041524634 ], [ -96.672839007092946, 40.80619917106619 ], [ -96.663253179756907, 40.806190389825318 ], [ -96.663267733866761, 40.802563954106525 ], [ -96.662689876325032, 40.802564039226539 ], [ -96.662061925377657, 40.802564129088175 ], [ -96.661484713644072, 40.802564209218673 ], [ -96.660762354983177, 40.802564304446392 ], [ -96.660039996322354, 40.802564396052333 ], [ -96.65931763766217, 40.802564483136095 ], [ -96.658739750497674, 40.802564549366984 ], [ -96.658595277818193, 40.802564564796945 ], [ -96.658351401592967, 40.802564591417543 ], [ -96.658064278563216, 40.802583391380374 ], [ -96.657806429578656, 40.802600643237568 ], [ -96.657639848195856, 40.802617626868233 ], [ -96.657481685482693, 40.80264078414146 ], [ -96.657278381599042, 40.80268098540099 ], [ -96.656982954416208, 40.802758763225675 ], [ -96.656847000427121, 40.802795998666078 ], [ -96.656711446502001, 40.802833883275738 ], [ -96.656480390054682, 40.802897810422401 ], [ -96.656242618517339, 40.80297285665376 ], [ -96.656051999528913, 40.803046998828705 ], [ -96.655898682824102, 40.803114697598488 ], [ -96.655648653165713, 40.803224749396442 ], [ -96.655398622681574, 40.803334800650198 ], [ -96.655148591371699, 40.803444851359735 ], [ -96.654898559236074, 40.803554901525047 ], [ -96.654774057578123, 40.803609056271867 ], [ -96.654504736750496, 40.803699037197354 ], [ -96.654219675979832, 40.803754334935647 ], [ -96.654052660263105, 40.803769749183239 ], [ -96.65395460048353, 40.803773219374342 ], [ -96.653782226402527, 40.803774277651037 ], [ -96.653687165218315, 40.803774309705581 ], [ -96.653689167243215, 40.80437738429157 ], [ -96.653706277699854, 40.809830832164877 ], [ -96.647730818932416, 40.809824738499827 ], [ -96.647729521297165, 40.806187380980596 ], [ -96.644144678172125, 40.806186243505657 ], [ -96.643848763692532, 40.806587536153117 ], [ -96.643592127627556, 40.806935558445751 ], [ -96.643268366695239, 40.807374601660904 ], [ -96.643030786463413, 40.807753902488606 ], [ -96.642781348850875, 40.808221022995873 ], [ -96.642571802919235, 40.808699265638388 ], [ -96.64236339457139, 40.80932357117284 ], [ -96.642247633805113, 40.80981990414071 ], [ -96.64216584703253, 40.810412745655007 ], [ -96.642088761168637, 40.810971509819787 ], [ -96.641990216344908, 40.811685801685464 ], [ -96.641889191189492, 40.812432686648464 ], [ -96.641753580878287, 40.813435234012942 ], [ -96.630597470362105, 40.813367007517954 ], [ -96.625058595301908, 40.813332725020693 ], [ -96.616078788309721, 40.813383907979713 ], [ -96.613254849054783, 40.813399265242126 ], [ -96.609792914493568, 40.813419462030495 ], [ -96.606086874195825, 40.813440967466434 ], [ -96.602265459505915, 40.813412759051232 ], [ -96.596425436047809, 40.81335911825893 ], [ -96.596418539442382, 40.813357505490146 ], [ -96.592353770941699, 40.813322383020726 ], [ -96.590461276155267, 40.81330577118225 ], [ -96.590464966188108, 40.813141148023931 ] ] ] } },
{ "type": "Feature", "properties": { "OBJECTID": 1621, "CCDIST10_": 3, "CCDIST10_I": 1, "CCDIST": 4, "GlobalID": "{04D00109-5BCB-4A93-A255-DDCF590211AC}", "Councilor": "Brodey Weber", "AtLarge1": "Sandra Washington", "AtLarge2": "Tom Beckius", "AtLarge3": "Bennie Shobe", "CreatedBy": "NCSRNA", "CreatedDate": "2022-02-16T21:13:35Z", "EditedBy": "NCSSER", "EditedDate": "2024-08-06T13:49:15Z", "ShapeSTArea": 797472709.10828698, "ShapeSTLength": 192017.65865517233 }, "geometry": { "type": "MultiPolygon", "coordinates": [ [ [ [ -96.6918766697042, 40.888176988124201 ], [ -96.691956371227846, 40.888094076384874 ], [ -96.692017784060511, 40.888032790893227 ], [ -96.692080592144237, 40.887972331015639 ], [ -96.69214477649443, 40.887912708456163 ], [ -96.692210315754082, 40.887853940321506 ], [ -96.692277192125843, 40.88779604371824 ], [ -96.692345381880301, 40.887739036653592 ], [ -96.692414867220734, 40.887682938034992 ], [ -96.692485626790926, 40.887627762267847 ], [ -96.692557639235147, 40.887573527359343 ], [ -96.692630882011329, 40.887520249515838 ], [ -96.692705334950588, 40.887467944943559 ], [ -96.692780973138312, 40.887416628948593 ], [ -96.692857776406072, 40.88736631683679 ], [ -96.692935717466895, 40.887317025715248 ], [ -96.693014777339144, 40.887268768188505 ], [ -96.693094931109229, 40.88722156046321 ], [ -96.693176152677083, 40.887175415144277 ], [ -96.693258418316049, 40.887130347537905 ], [ -96.693341704299584, 40.887086371149458 ], [ -96.693425984528261, 40.887043498583971 ], [ -96.693511234089584, 40.887001743347007 ], [ -96.693597426884608, 40.886961118043722 ], [ -96.693684536814672, 40.886921635279364 ], [ -96.693772537781243, 40.886883306758754 ], [ -96.693861403685943, 40.886846143286412 ], [ -96.693951106057824, 40.886810157467842 ], [ -96.694041619985271, 40.886775359207164 ], [ -96.694132916997603, 40.886741759309224 ], [ -96.694224969810705, 40.886709367678293 ], [ -96.694317751140701, 40.886678195119359 ], [ -96.694411231330776, 40.88664824973614 ], [ -96.694505384283758, 40.886619540532749 ], [ -96.694600180343372, 40.886592078314436 ], [ -96.694695591039533, 40.886565868483842 ], [ -96.694791586716249, 40.886540920945997 ], [ -96.694888140090256, 40.886517242004047 ], [ -96.694985221505817, 40.886494840662742 ], [ -96.695082800120375, 40.886473721424792 ], [ -96.69518084983784, 40.886453893294878 ], [ -96.69527933625632, 40.886435358975262 ], [ -96.69537823328001, 40.886418127470826 ], [ -96.695477510066567, 40.886402200583369 ], [ -96.695577138147442, 40.886387587318076 ], [ -96.69567708430732, 40.886374287676318 ], [ -96.695777321264174, 40.886362308862459 ], [ -96.69587781580303, 40.886351652678954 ], [ -96.695978540641704, 40.886342323629115 ], [ -96.696079462565365, 40.886334323515548 ], [ -96.696180553105251, 40.886327655041036 ], [ -96.696281781419586, 40.88632232000819 ], [ -96.69638311666688, 40.886318322020635 ], [ -96.696484529191423, 40.88631565927939 ], [ -96.696586052220638, 40.886314334483032 ], [ -96.696687491180938, 40.886314348546364 ], [ -96.701126735511622, 40.886344089960687 ], [ -96.701224209486227, 40.886344742491453 ], [ -96.701224337511633, 40.886272352228652 ], [ -96.701224342861863, 40.886269415918576 ], [ -96.705878885665825, 40.886274551535124 ], [ -96.706665917240443, 40.886285367481364 ], [ -96.707822086152291, 40.886301246949103 ], [ -96.707822035019873, 40.886328774071039 ], [ -96.710666461363232, 40.886444072319797 ], [ -96.71067707785501, 40.882559075902947 ], [ -96.710709745933201, 40.879008464674669 ], [ -96.710665081371658, 40.878843542859336 ], [ -96.710672666081294, 40.877977167719415 ], [ -96.708212453511067, 40.877971851212379 ], [ -96.708236338151764, 40.875208115156056 ], [ -96.708236363373757, 40.87520523106172 ], [ -96.708250004425551, 40.873468670400086 ], [ -96.710524625449352, 40.873473893660723 ], [ -96.710506333616991, 40.875369768367477 ], [ -96.711818632497938, 40.875371890725994 ], [ -96.711820179855565, 40.875213960597897 ], [ -96.711837610029491, 40.873474708242533 ], [ -96.714223328874255, 40.873478661439094 ], [ -96.715416377597151, 40.873480619488404 ], [ -96.716609426383329, 40.873482565197754 ], [ -96.717802475232034, 40.873484498567144 ], [ -96.718992466317204, 40.873487029110279 ], [ -96.72001781521692, 40.873494026854281 ], [ -96.720021994849844, 40.873830548564612 ], [ -96.720015342365429, 40.875150144615631 ], [ -96.719897061802669, 40.875220550742938 ], [ -96.719898906585158, 40.875384244619127 ], [ -96.719971307965949, 40.875460705663684 ], [ -96.719968745709693, 40.877108541594154 ], [ -96.720030002960144, 40.877111820216477 ], [ -96.720020492162902, 40.877981873096118 ], [ -96.719959005721179, 40.877984721082264 ], [ -96.719949533706668, 40.878851249517098 ], [ -96.719947679077237, 40.879016029334132 ], [ -96.719933227150975, 40.880279585188831 ], [ -96.719994497929349, 40.880282716153147 ], [ -96.719973892393156, 40.882063837770907 ], [ -96.719912380849536, 40.882066753269939 ], [ -96.719862266336861, 40.88645226697377 ], [ -96.720259721668086, 40.886453002189477 ], [ -96.72035615959669, 40.886371879598542 ], [ -96.721489510002428, 40.886358567001146 ], [ -96.72154274189171, 40.886358650605771 ], [ -96.721595508604068, 40.886358568641576 ], [ -96.721648176839864, 40.886358486681921 ], [ -96.721700733547564, 40.886358403830315 ], [ -96.721756651502801, 40.886358317271387 ], [ -96.721808924646041, 40.886358235353761 ], [ -96.721966277983142, 40.886357989301757 ], [ -96.722196114889755, 40.88634654363738 ], [ -96.722278397253646, 40.886339607534765 ], [ -96.722611675573575, 40.886295855211493 ], [ -96.722820842907637, 40.886255131537276 ], [ -96.72293091993744, 40.886229397268991 ], [ -96.729521796438704, 40.886217714693473 ], [ -96.729543344968093, 40.886217770875092 ], [ -96.730709492723179, 40.886220733839153 ], [ -96.730709265717408, 40.886218275743197 ], [ -96.730707689711707, 40.886215826249973 ], [ -96.730706107775575, 40.886213379460266 ], [ -96.730704519908983, 40.886210935373995 ], [ -96.730702911862849, 40.886208475987836 ], [ -96.730701332326561, 40.886206070617021 ], [ -96.730699723108089, 40.886203632841607 ], [ -96.730698096084737, 40.886201182466692 ], [ -96.73069648569448, 40.886198767202458 ], [ -96.730694845622637, 40.886196320434053 ], [ -96.730693222185025, 40.886193910577205 ], [ -96.730691591630517, 40.88619150342425 ], [ -96.73068993139384, 40.886189063866695 ], [ -96.730688287791963, 40.886186662121084 ], [ -96.730686625196469, 40.886184244174736 ], [ -96.730684968546697, 40.886181846936083 ], [ -96.730683292904416, 40.886179435297521 ], [ -96.730681610144686, 40.886177025462409 ], [ -96.730679921454495, 40.886174618330763 ], [ -96.730678226833874, 40.88617221390259 ], [ -96.730676525096342, 40.886169812178316 ], [ -96.73067481624193, 40.886167413157942 ], [ -96.730673101457057, 40.886165016841026 ], [ -96.730671391429709, 40.88616263853099 ], [ -96.73066966359751, 40.886160247621433 ], [ -96.730667940522238, 40.886157873818277 ], [ -96.730666185393659, 40.886155470312701 ], [ -96.730664449271615, 40.886153102817403 ], [ -96.730662682282158, 40.886150704718723 ], [ -96.730660933112219, 40.886148341730333 ], [ -96.730659176825384, 40.886145981445814 ], [ -96.730657400359632, 40.886143606761799 ], [ -96.730655631025471, 40.886141251884659 ], [ -96.730653842698274, 40.88613888170714 ], [ -96.730652047254765, 40.886136515133963 ], [ -96.730650244693223, 40.8861341494638 ], [ -96.730648450452009, 40.886131807201785 ], [ -96.730646620595252, 40.886129430736467 ], [ -96.730644823992336, 40.886127105583469 ], [ -96.730642996523756, 40.886124752528431 ], [ -96.730641186875246, 40.886122435484111 ], [ -96.730639332109135, 40.886120068032184 ], [ -96.730637495162554, 40.886117735690497 ], [ -96.730635641600472, 40.886115395251053 ], [ -96.730633791607147, 40.886113069217153 ], [ -96.730631936870424, 40.886110746786706 ], [ -96.730630073829758, 40.88610842616017 ], [ -96.730628189423172, 40.886106090234129 ], [ -96.730626314521658, 40.88610377501449 ], [ -96.730624433690878, 40.886101464299173 ], [ -96.730622530306576, 40.886099136483935 ], [ -96.730620636429038, 40.886096832076397 ], [ -96.730618719997409, 40.886094509668496 ], [ -96.730616822571733, 40.886092222370422 ], [ -96.73061489427927, 40.88608990536941 ], [ -96.730612984993314, 40.886087624378661 ], [ -96.730611043654108, 40.886085313685463 ], [ -96.730609105884795, 40.886083019198665 ], [ -96.730607177620513, 40.886080745418283 ], [ -96.73060520068222, 40.886078425733778 ], [ -96.730603260558254, 40.886076159161163 ], [ -96.730601297880781, 40.886073875488613 ], [ -96.730599326899963, 40.886071594520374 ], [ -96.730597351176357, 40.886069318056038 ], [ -96.730595369521723, 40.886067043394711 ], [ -96.730593380750818, 40.886064772337697 ], [ -96.73059141217054, 40.886062533688772 ], [ -96.730589393729815, 40.88606024913615 ], [ -96.730587413289285, 40.88605801679455 ], [ -96.730585382988295, 40.88605573854926 ], [ -96.730583372877959, 40.886053492712044 ], [ -96.730581347339211, 40.886051239677023 ], [ -96.730579325369192, 40.886049001047574 ], [ -96.730577295095244, 40.886046764222002 ], [ -96.730575242267832, 40.886044510296479 ], [ -96.730573200133634, 40.886042279778231 ], [ -96.730571153256633, 40.886040053763878 ], [ -96.730569081452074, 40.886037808849551 ], [ -96.730567022715377, 40.886035590042951 ], [ -96.730564937864102, 40.886033351436403 ], [ -96.730562848270594, 40.886031118234165 ], [ -96.730560777679557, 40.886028914739157 ], [ -96.730558675039333, 40.886026687844655 ], [ -96.730556593775646, 40.886024492457395 ], [ -96.730554479274588, 40.886022270969804 ], [ -96.730552386150649, 40.886020081889853 ], [ -96.730550266913269, 40.886017874810847 ], [ -96.730548160742032, 40.886015691138212 ], [ -96.730546028458519, 40.886013491267377 ], [ -96.730543892618655, 40.886011295899969 ], [ -96.730541749660773, 40.88600910143559 ], [ -96.730539599587189, 40.88600691147596 ], [ -96.730537443583188, 40.886004724219767 ], [ -96.730535310142713, 40.886002569370753 ], [ -96.730533143465493, 40.88600038932185 ], [ -96.730530949488951, 40.885998192174753 ], [ -96.730528797070789, 40.885996045436514 ], [ -96.730526618540949, 40.885993883400509 ], [ -96.730524426957345, 40.885991716867103 ], [ -96.730522237753135, 40.885989560237519 ], [ -96.730520041433181, 40.885987408112705 ], [ -96.730517839182852, 40.885985258691306 ], [ -96.730515631002092, 40.885983111973353 ], [ -96.73051341689208, 40.885980969759686 ], [ -96.730511175482221, 40.885978809547389 ], [ -96.730508978004167, 40.885976700643511 ], [ -96.730506724734624, 40.885974547638966 ], [ -96.730504515396319, 40.885972445042377 ], [ -96.730502251453572, 40.885970299245088 ], [ -96.730500006512685, 40.885968182254629 ], [ -96.730497730710283, 40.885966043665107 ], [ -96.730495475096745, 40.885963934782346 ], [ -96.730493215926288, 40.885961829502598 ], [ -96.730490949638408, 40.885959726026286 ], [ -96.730488654865951, 40.885957607253076 ], [ -96.730486377905422, 40.885955511884482 ], [ -96.730484071272727, 40.885953399418533 ], [ -96.730481809757109, 40.885951336459748 ], [ -96.730479492451209, 40.885949231201103 ], [ -96.730477168029594, 40.885947130447185 ], [ -96.730474867355056, 40.88594505759788 ], [ -96.730472559563651, 40.885942987452466 ], [ -96.730470218538429, 40.88594089660927 ], [ -96.730467900074387, 40.885938834571576 ], [ -96.730465553124091, 40.885936754535642 ], [ -96.730463222800381, 40.885934699705658 ], [ -96.730460863990999, 40.885932627777912 ], [ -96.730458522994098, 40.885930580155211 ], [ -96.73045615232445, 40.88592851453474 ], [ -96.730453804216012, 40.885926477719742 ], [ -96.730451421687874, 40.885924421107845 ], [ -96.730449034415216, 40.885922366298502 ], [ -96.730446668517274, 40.88592034029508 ], [ -96.730444297875948, 40.885918317895083 ], [ -96.730441895188434, 40.885916276597769 ], [ -96.730439487758133, 40.885914239804272 ], [ -96.730437100513782, 40.885912228215425 ], [ -96.730434682411413, 40.885910200430068 ], [ -96.730432258378059, 40.885908174447728 ], [ -96.730429855717702, 40.885906174569996 ], [ -96.730427449502159, 40.885904180996562 ], [ -96.730425008866931, 40.885902167626199 ], [ -96.7304225623013, 40.885900156959252 ], [ -96.730420114553937, 40.885898153496179 ], [ -96.730417685805534, 40.885896174337717 ], [ -96.730415225011512, 40.885894177182351 ], [ -96.730412758287073, 40.885892182730373 ], [ -96.730410314123219, 40.885890216183483 ], [ -96.730407837913191, 40.885888230739212 ], [ -96.730405355773343, 40.885886248898807 ], [ -96.730402868891261, 40.885884272462675 ], [ -96.730400376078777, 40.885882298729946 ], [ -96.730397905826294, 40.885880352001884 ], [ -96.730395402341188, 40.885878386376881 ], [ -96.730392922601951, 40.88587644685564 ], [ -96.730390379954969, 40.885874466837983 ], [ -96.730387889543678, 40.885872536324854 ], [ -96.730385393201985, 40.885870608515177 ], [ -96.730382863628265, 40.885868662708965 ], [ -96.730380328125264, 40.885866721407041 ], [ -96.730377789065358, 40.885864783708129 ], [ -96.730375271377255, 40.885862870312934 ], [ -96.730372720458845, 40.885860941622546 ], [ -96.730370165984084, 40.885859017435578 ], [ -96.730367603204868, 40.885857094152023 ], [ -96.730365065359678, 40.885855199673088 ], [ -96.730362494280755, 40.885853284496378 ], [ -96.730359916087252, 40.885851375625229 ], [ -96.730357362824932, 40.885849491056518 ], [ -96.730354773958226, 40.885847589392647 ], [ -96.730352182721631, 40.885845692231712 ], [ -96.730349584368199, 40.885843797774612 ], [ -96.730347010947625, 40.885841930321313 ], [ -96.730344400735106, 40.885840043972372 ], [ -96.730341815454878, 40.885838183726747 ], [ -96.730339167268127, 40.88583628478554 ], [ -96.730336571315263, 40.885834432647599 ], [ -96.7303339421304, 40.885832562513137 ], [ -96.730331307016286, 40.885830696882955 ], [ -96.730328695646847, 40.885828855555665 ], [ -96.730326048673646, 40.8858269980336 ], [ -96.730323396957658, 40.885825145015374 ], [ -96.730320772545682, 40.88582331629874 ], [ -96.730318138643383, 40.885821489386387 ], [ -96.730315472698408, 40.885819648979229 ], [ -96.730312800823043, 40.885817811275494 ], [ -96.730310152692326, 40.885815997874666 ], [ -96.730307467770288, 40.88581416647861 ], [ -96.73030478166649, 40.885812342286357 ], [ -96.730302118119795, 40.885810540596609 ], [ -96.730299418968755, 40.885808721811621 ], [ -96.730296712702028, 40.885806907531325 ], [ -96.730294036113932, 40.885805120253053 ], [ -96.730291320361005, 40.885803314080022 ], [ -96.730288630725653, 40.885801532209022 ], [ -96.730286063350036, 40.885799836734677 ], [ -96.730283471047585, 40.885798123260784 ], [ -96.730280944022482, 40.885796444879759 ], [ -96.73027839206712, 40.885794743096596 ], [ -96.730275846041863, 40.885793037709441 ], [ -96.730273246597761, 40.885791287320195 ], [ -96.73027074210664, 40.885789594523793 ], [ -96.730268212683512, 40.885787875623926 ], [ -96.730265658330154, 40.885786133321893 ], [ -96.730263138393795, 40.885784406314549 ], [ -96.730260626760995, 40.885782676602808 ], [ -96.730258087823344, 40.88578092078847 ], [ -96.730255614164733, 40.885779202768369 ], [ -96.73025308589969, 40.885777437945684 ], [ -96.730250567125836, 40.885775672219069 ], [ -96.730248079209005, 40.885773920888006 ], [ -96.730245598408743, 40.885772165952538 ], [ -96.730243121164548, 40.885770405613151 ], [ -96.730240622550042, 40.885768622770712 ], [ -96.730238155979606, 40.885766855223856 ], [ -96.730235668037707, 40.885765063373064 ], [ -96.730233213325775, 40.885763285917008 ], [ -96.730230734870631, 40.885761485958774 ], [ -96.730228319321, 40.885759722895195 ], [ -96.730225881213471, 40.885757935528176 ], [ -96.730223390872496, 40.8857561013577 ], [ -96.730220962251153, 40.885754304982747 ], [ -96.730218540746364, 40.885752505003417 ], [ -96.730216095496658, 40.885750679820617 ], [ -96.730213711966584, 40.885748892433362 ], [ -96.730211276203065, 40.885747058242671 ], [ -96.73020887485761, 40.885745241147539 ], [ -96.730206479442842, 40.885743421348927 ], [ -96.730204061468484, 40.885741574545555 ], [ -96.730201675540457, 40.885739746639452 ], [ -96.730199295541382, 40.885737913328562 ], [ -96.730196894170902, 40.885736055713735 ], [ -96.730194497542925, 40.885734192694585 ], [ -96.730192134146577, 40.885732346771398 ], [ -96.73018974700534, 40.885730475644756 ], [ -96.730187421584858, 40.885728644114536 ], [ -96.730185046303248, 40.885726764879578 ], [ -96.730182676950619, 40.885724880239813 ], [ -96.730180366946954, 40.885723036998215 ], [ -96.730178035570745, 40.885721167651809 ], [ -96.730175682821411, 40.885719271300225 ], [ -96.730173334815731, 40.885717371345102 ], [ -96.730171018855202, 40.885715488486476 ], [ -96.73016870882536, 40.885713602924319 ], [ -96.730166404725622, 40.885711713758212 ], [ -96.730164078065187, 40.885709795786482 ], [ -96.73016178226402, 40.885707895812075 ], [ -96.730159495954027, 40.885705994933716 ], [ -96.730157212013054, 40.885704087751435 ], [ -96.730154907886018, 40.885702154463942 ], [ -96.730152634618236, 40.885700239173765 ], [ -96.730150367280004, 40.88569831937923 ], [ -96.730148104685412, 40.885696395981213 ], [ -96.730145849207958, 40.885694469879226 ], [ -96.730143598472992, 40.885692538372872 ], [ -96.730141326364958, 40.885690579861297 ], [ -96.730139086303751, 40.885688641147524 ], [ -96.730136849798058, 40.885686696129355 ], [ -96.730134594292721, 40.885684725005554 ], [ -96.730132396950424, 40.885682796180795 ], [ -96.730130177047997, 40.885680839450828 ], [ -96.730127963075688, 40.885678879116917 ], [ -96.730125731290769, 40.885676893577383 ], [ -96.730123552920801, 40.885674946736891 ], [ -96.730121356738209, 40.885672974690742 ], [ -96.730119137994379, 40.885670972938534 ], [ -96.73011695248556, 40.885668993684945 ], [ -96.730114769345207, 40.885667007226999 ], [ -96.730112595696582, 40.885665020765579 ], [ -96.730110424415287, 40.885663025298896 ], [ -96.730108286368406, 40.885661051430425 ], [ -96.73010612576202, 40.88565905055718 ], [ -96.730103971084006, 40.885657043378735 ], [ -96.730101822337232, 40.885655034397189 ], [ -96.730099680706445, 40.885653020910866 ], [ -96.730097543818744, 40.885651002920596 ], [ -96.730095408113044, 40.885648977726404 ], [ -96.73009328308612, 40.885646953428733 ], [ -96.730091186544925, 40.88564494622883 ], [ -96.730089046072763, 40.885642887720273 ], [ -96.730086961392345, 40.885640874212925 ], [ -96.730084855336585, 40.885638830098671 ], [ -96.730082755211498, 40.885636783280894 ], [ -96.730080688320243, 40.885634757160901 ], [ -96.730078620237535, 40.885632722937423 ], [ -96.730076537902733, 40.885630665307893 ], [ -96.730074482866101, 40.885628622975688 ], [ -96.730072412390939, 40.885626557237849 ], [ -96.730070343096656, 40.88562448249521 ], [ -96.73006830466386, 40.885622429351677 ], [ -96.730066274535773, 40.885620375304654 ], [ -96.73006422184362, 40.885618287049354 ], [ -96.730062202389263, 40.885616225794919 ], [ -96.730060162744351, 40.885614131231797 ], [ -96.730058129030667, 40.885612034865602 ], [ -96.730056121429214, 40.885609954697649 ], [ -96.730054125695247, 40.885607879027496 ], [ -96.730052129954004, 40.885605791651692 ], [ -96.730050141329869, 40.885603701571959 ], [ -96.730048157449403, 40.885601607888738 ], [ -96.730046154565912, 40.885599482697295 ], [ -96.730044182545072, 40.885597380905793 ], [ -96.730042217642449, 40.885595278211234 ], [ -96.730040232549271, 40.885593142208002 ], [ -96.730038299688417, 40.885591051207335 ], [ -96.730036326456016, 40.885588908896686 ], [ -96.730034405456479, 40.885586812489052 ], [ -96.730032464266401, 40.885584682772731 ], [ -96.730030529006413, 40.885582549452458 ], [ -96.730028599677638, 40.885580414329191 ], [ -96.730026677464849, 40.885578274701103 ], [ -96.730024759996283, 40.885576132369962 ], [ -96.730022850830693, 40.885573986434025 ], [ -96.730020964217971, 40.885571856697666 ], [ -96.730019066913712, 40.885569705354769 ], [ -96.730017167228141, 40.88556754050623 ], [ -96.730015300779172, 40.885565400857644 ], [ -96.730013439074412, 40.885563258506018 ], [ -96.73001155836613, 40.885561083745728 ], [ -96.730009683587937, 40.885558905381508 ], [ -96.73000784204747, 40.88555675401814 ], [ -96.730005996938672, 40.885554588249128 ], [ -96.730004142324788, 40.885552400873145 ], [ -96.730002311450207, 40.885550229696307 ], [ -96.730000468696502, 40.885548035112492 ], [ -96.729998649682656, 40.885545857628252 ], [ -96.729996836598914, 40.885543676540102 ], [ -96.729995030631713, 40.885541491847583 ], [ -96.729993204473956, 40.885539273846376 ], [ -96.729991435301642, 40.885537112551681 ], [ -96.729989641188467, 40.88553491074655 ], [ -96.729987854192402, 40.885532706237534 ], [ -96.72998607431343, 40.885530499024561 ], [ -96.729984300364535, 40.885528288207723 ], [ -96.729982532346298, 40.88552607468737 ], [ -96.729980771444588, 40.885523857562681 ], [ -96.729979030721708, 40.88552165483754 ], [ -96.729977279305572, 40.885519427804596 ], [ -96.729975527882715, 40.885517189966428 ], [ -96.729973810887429, 40.885514984531305 ], [ -96.729972079636127, 40.885512749387068 ], [ -96.729970343627244, 40.885510495335431 ], [ -96.729968640860008, 40.885508274587714 ], [ -96.72996694402228, 40.885506049335639 ], [ -96.729965229365249, 40.885503788072725 ], [ -96.729963545575274, 40.885501557413257 ], [ -96.729961843965953, 40.885499290742949 ], [ -96.729960187471903, 40.885497071779128 ], [ -96.729958498909753, 40.885494798801012 ], [ -96.72995683052757, 40.885492542023307 ], [ -96.729955178762594, 40.885490296044743 ], [ -96.729953525801037, 40.885488033858792 ], [ -96.729951877583119, 40.885485768069387 ], [ -96.729950235296414, 40.885483500476909 ], [ -96.729948615561383, 40.88548124728316 ], [ -96.729946986321849, 40.885478973382867 ], [ -96.729945365385831, 40.885476696778277 ], [ -96.72994374087925, 40.885474402166267 ], [ -96.729942144866243, 40.885472137258191 ], [ -96.729940542908594, 40.885469852542712 ], [ -96.729938938566818, 40.885467549819424 ], [ -96.72984329388882, 40.885329163750683 ], [ -96.729842960193835, 40.885328680339406 ], [ -96.729845182200819, 40.885324584368064 ], [ -96.729847781850481, 40.885322936535395 ], [ -96.729850400462155, 40.885321255379779 ], [ -96.729853001270257, 40.885319563425384 ], [ -96.729855555812549, 40.885317880492003 ], [ -96.729858156593735, 40.885316146217185 ], [ -96.729860683831703, 40.88531443808148 ], [ -96.72986322410172, 40.885312700226727 ], [ -96.729865748939332, 40.885310948871037 ], [ -96.729868259533262, 40.88530918761569 ], [ -96.729870784343404, 40.885307393039128 ], [ -96.729873264074769, 40.885305608383639 ], [ -96.729875699912697, 40.885303831847907 ], [ -96.729878179614886, 40.885302001270247 ], [ -96.729880585777835, 40.885300203134783 ], [ -96.729883033431051, 40.885298349157409 ], [ -96.72988541110378, 40.885296526720495 ], [ -96.729887827895013, 40.885294650243402 ], [ -96.729890203166804, 40.885292783686069 ], [ -96.729892534545726, 40.88529092614894 ], [ -96.729894878954994, 40.885289036191466 ], [ -96.72989720911886, 40.885287133633078 ], [ -96.729899522665562, 40.885285220275456 ], [ -96.729901820781578, 40.885283296118196 ], [ -96.729904105837505, 40.885281357558725 ], [ -96.7299063742757, 40.88527940729962 ], [ -96.729908628470213, 40.885277447140865 ], [ -96.729910839960013, 40.885275498703194 ], [ -96.729913060920225, 40.88527351694605 ], [ -96.729915246290417, 40.885271540604386 ], [ -96.729917437573988, 40.885269534546225 ], [ -96.729919589711031, 40.885267538407035 ], [ -96.72992175368968, 40.885265506246178 ], [ -96.729923899864161, 40.885263462386149 ], [ -96.729926008079715, 40.88526143024545 ], [ -96.729928099678148, 40.885259387305545 ], [ -96.72993017465997, 40.8852573344669 ], [ -96.729932259109958, 40.885255244707068 ], [ -96.729934305599883, 40.88525316486573 ], [ -96.729936335473795, 40.885251076026066 ], [ -96.729938328574676, 40.885248998004883 ], [ -96.729940329956122, 40.885246881262077 ], [ -96.729942315907422, 40.885244754620103 ], [ -96.729944282869837, 40.885242618980648 ], [ -96.729946214245672, 40.88524049415927 ], [ -96.729948153901489, 40.885238329715847 ], [ -96.729950049671302, 40.885236185097831 ], [ -96.729951937125094, 40.885234023374579 ], [ -96.729953806775882, 40.885231851753019 ], [ -96.729955657437785, 40.88522967113402 ], [ -96.729957498594985, 40.885227469808456 ], [ -96.729959324322607, 40.885225259484187 ], [ -96.729961129875491, 40.885223041063291 ], [ -96.729962902214112, 40.88522083255922 ], [ -96.72996465556443, 40.885218615958095 ], [ -96.729966416007713, 40.885216358834938 ], [ -96.729968118341347, 40.885214143152744 ], [ -96.729969826582064, 40.885211887849358 ], [ -96.729971517020942, 40.885209624448542 ], [ -96.729973197953953, 40.885207338540319 ], [ -96.729974836189712, 40.885205076058838 ], [ -96.729976480331999, 40.885202773055724 ], [ -96.729978069926233, 40.885200515094049 ], [ -96.729979663052447, 40.8851982139103 ], [ -96.729981260898143, 40.88519587130493 ], [ -96.729982804195259, 40.885193572840556 ], [ -96.729984349839029, 40.885191232955414 ], [ -96.729985855160123, 40.885188919197418 ], [ -96.729987353346559, 40.885186580229927 ], [ -96.729988830172374, 40.885184234066713 ], [ -96.729990285642742, 40.88518188881168 ], [ -96.729991738715086, 40.885179503938446 ], [ -96.729993151465948, 40.885177146993293 ], [ -96.729994555896837, 40.885174766639906 ], [ -96.729995938967122, 40.88517237909079 ], [ -96.7299973030497, 40.885169984345119 ], [ -96.72999863984802, 40.885167595912357 ], [ -96.729999952917964, 40.885165208388663 ], [ -96.730001238704787, 40.88516282897875 ], [ -96.730002532759087, 40.885160390137294 ], [ -96.730003798345535, 40.885157962111357 ], [ -96.730005016502091, 40.885155578223824 ], [ -96.730006241740242, 40.885153135805602 ], [ -96.730007458655621, 40.88515066547702 ], [ -96.730008629328097, 40.885148240186837 ], [ -96.730009786937146, 40.885145795091887 ], [ -96.73001092911214, 40.885143333794751 ], [ -96.730012039265659, 40.885140892318773 ], [ -96.730013141093522, 40.885138418430252 ], [ -96.730014221562556, 40.885135940047327 ], [ -96.730015275934903, 40.885133469777756 ], [ -96.730016310134289, 40.885130994112927 ], [ -96.730017324159533, 40.885128511251978 ], [ -96.730018312088689, 40.885126037404831 ], [ -96.730019296430029, 40.885123518537355 ], [ -96.730020242827948, 40.885121035700962 ], [ -96.730021179712651, 40.885118518651609 ], [ -96.73002209642496, 40.885115997107427 ], [ -96.730022988225912, 40.885113481875322 ], [ -96.730023857481612, 40.885110962149234 ], [ -96.73002470656489, 40.885108437928352 ], [ -96.730025533109739, 40.885105920018653 ], [ -96.730026335923441, 40.885103398515859 ], [ -96.730027117383997, 40.88510088152303 ], [ -96.730027891691734, 40.88509831050682 ], [ -96.730028628068013, 40.885095794430775 ], [ -96.730029357292594, 40.885093226132263 ], [ -96.730030050952394, 40.885090702868318 ], [ -96.730030735092711, 40.885088135486633 ], [ -96.730031394321173, 40.885085573516605 ], [ -96.730994038729037, 40.884913091605625 ], [ -96.730998740045109, 40.884912265059256 ], [ -96.731003486443299, 40.884911434894171 ], [ -96.731008183020336, 40.884910619154354 ], [ -96.731012932984612, 40.884909799792752 ], [ -96.731017684138095, 40.884908984932665 ], [ -96.731022426991075, 40.884908177278916 ], [ -96.731027125953929, 40.884907382247391 ], [ -96.731031872372981, 40.884906585397168 ], [ -96.731036629471589, 40.884905791243995 ], [ -96.731041377083258, 40.884905004297664 ], [ -96.731046125884149, 40.884904221852842 ], [ -96.731050823678089, 40.884903454734186 ], [ -96.731055574858047, 40.884902682192873 ], [ -96.731060328414856, 40.884901915953449 ], [ -96.731065083161482, 40.884901155116033 ], [ -96.731069827234165, 40.884900400585408 ], [ -96.731074586732731, 40.884899649650556 ], [ -96.731079334371486, 40.8848989059234 ], [ -96.731084083199505, 40.884898166697781 ], [ -96.73108883440436, 40.884897433774071 ], [ -96.73109364018228, 40.884896696327658 ], [ -96.731098392579213, 40.884895972407449 ], [ -96.731103137862078, 40.884895255693166 ], [ -96.731107893825097, 40.884894542576411 ], [ -96.731112641487627, 40.884893836666066 ], [ -96.731117398643889, 40.884893134353646 ], [ -96.731122203256362, 40.884892430222479 ], [ -96.731126953300802, 40.884891738717556 ], [ -96.731131706908556, 40.88489105351411 ], [ -96.731136513903493, 40.8848903646888 ], [ -96.731141267517472, 40.884889689389709 ], [ -96.731146014016801, 40.88488902039613 ], [ -96.731150825767727, 40.884888347776233 ], [ -96.731155573459731, 40.884887688686561 ], [ -96.731160323528613, 40.884887035898856 ], [ -96.731165137662046, 40.884886378584795 ], [ -96.731169890109456, 40.884885734800115 ], [ -96.731174688827792, 40.884885090997948 ], [ -96.731179443654909, 40.884884458017162 ], [ -96.731184251870388, 40.884883823215347 ], [ -96.731189000772147, 40.884883201041575 ], [ -96.731193812553769, 40.884882577043236 ], [ -96.731198617220784, 40.884881959350366 ], [ -96.731203368505092, 40.884881352482452 ], [ -96.731208175551245, 40.884880744693064 ], [ -96.731212982601392, 40.884880143206509 ], [ -96.731217737455268, 40.884879552544454 ], [ -96.73122254688397, 40.884878960060931 ], [ -96.731227350385069, 40.884878374782865 ], [ -96.731232106435101, 40.884877799427123 ], [ -96.731236912315353, 40.884877224052531 ], [ -96.731241717012608, 40.884876654080784 ], [ -96.731246524085563, 40.884876088610085 ], [ -96.731251276590569, 40.884875535765701 ], [ -96.73125608722971, 40.884874981098484 ], [ -96.731260896685839, 40.884874431834085 ], [ -96.731265699026793, 40.88487388797477 ], [ -96.731270510862657, 40.884873349514294 ], [ -96.731275315583346, 40.884872816458845 ], [ -96.731280122680957, 40.884872289705342 ], [ -96.731284936899414, 40.884871766550702 ], [ -96.731289745189159, 40.884871248800685 ], [ -96.731294546364879, 40.884870738256595 ], [ -96.731299355847355, 40.884870230410499 ], [ -96.731304167707307, 40.884869729766741 ], [ -96.731308970079226, 40.884869234528949 ], [ -96.731313783131327, 40.884868742888692 ], [ -96.731318589068863, 40.884868257553904 ], [ -96.731323397382695, 40.884867777620627 ], [ -96.731328204513559, 40.884867303090211 ], [ -96.731333012834298, 40.884866833961716 ], [ -96.731337822344358, 40.884866369334731 ], [ -96.731342624739824, 40.884865911013271 ], [ -96.731347436629065, 40.884865456289781 ], [ -96.731352244963617, 40.884865008770845 ], [ -96.731357111432885, 40.884864560329454 ], [ -96.731361918587339, 40.884864122715349 ], [ -96.731366726931682, 40.884863690503195 ], [ -96.731371535278896, 40.884863262792983 ], [ -96.73137634481661, 40.884862841385143 ], [ -96.731381204184558, 40.884862419958395 ], [ -96.731386014915032, 40.884862008454462 ], [ -96.731390820903229, 40.884861602354718 ], [ -96.731395688586602, 40.884861197132032 ], [ -96.731400495767602, 40.884860800936181 ], [ -96.731405304139059, 40.884860411042716 ], [ -96.731410111326966, 40.884860025651626 ], [ -96.731414977837787, 40.884859642038954 ], [ -96.731419781473335, 40.884859267454019 ], [ -96.731424647991119, 40.884858894646094 ], [ -96.731429454006474, 40.884858530865046 ], [ -96.731434264770456, 40.884858171584185 ], [ -96.731439128925203, 40.884857814083887 ], [ -96.731443936137424, 40.884857466509558 ], [ -96.731448801484959, 40.88485711891316 ], [ -96.731453609890565, 40.884856782143181 ], [ -96.731458418298502, 40.884856448974737 ], [ -96.731463281284178, 40.884856118486844 ], [ -96.731468090885514, 40.884855796122721 ], [ -96.731472955064589, 40.884855476439164 ], [ -96.731477761113581, 40.884855164881159 ], [ -96.731482630044198, 40.884854854199737 ], [ -96.731487438473621, 40.884854554346056 ], [ -96.731492299106762, 40.884854255372943 ], [ -96.731497108728419, 40.884853964522762 ], [ -96.731501975300716, 40.884853676352193 ], [ -96.731506780183594, 40.884853396308579 ], [ -96.731511649135157, 40.884853118041477 ], [ -96.731516510971602, 40.884852845179424 ], [ -96.731521319424289, 40.88485258134164 ], [ -96.731526182454147, 40.884852319283944 ], [ -96.731530993286711, 40.884852066250026 ], [ -96.731535856322978, 40.884851814096685 ], [ -96.731540668348373, 40.884851570966681 ], [ -96.731545529019357, 40.884851330519425 ], [ -96.731550393253173, 40.884851095473216 ], [ -96.731555204102037, 40.8848508676504 ], [ -96.731560067155826, 40.884850642508987 ], [ -96.731564938518162, 40.884850422766824 ], [ -96.731569741072491, 40.884850211154316 ], [ -96.731574617187007, 40.88485000131471 ], [ -96.731579475509065, 40.884849797784668 ], [ -96.731584279260375, 40.884849602378864 ], [ -96.731589139961741, 40.884849408752245 ], [ -96.731594013717412, 40.884849220523108 ], [ -96.73159882222383, 40.88484903952186 ], [ -96.731603686495049, 40.884848862101059 ], [ -96.731608551956214, 40.884848690082208 ], [ -96.731613349795836, 40.88484852619257 ], [ -96.731618225941375, 40.884848364074024 ], [ -96.731623089040227, 40.884848208263236 ], [ -96.731627953329038, 40.884848057854384 ], [ -96.731632763045326, 40.884847912868551 ], [ -96.731637627340589, 40.884847772364047 ], [ -96.731642490453524, 40.884847638162817 ], [ -96.731647355941689, 40.884847507562206 ], [ -96.731652164485638, 40.884847384186379 ], [ -96.731657029981434, 40.884847265290972 ], [ -96.731661894294334, 40.884847151798411 ], [ -96.73166675861016, 40.884847042807813 ], [ -96.731671568354074, 40.884846940140669 ], [ -96.731676431491138, 40.88484684285573 ], [ -96.731681298190423, 40.884846750071382 ], [ -96.731686162519793, 40.884846661789886 ], [ -96.731690969904378, 40.884846579832782 ], [ -96.731695835427843, 40.88484650325605 ], [ -96.731700702140699, 40.884846431180861 ], [ -96.731705564111948, 40.88484636541024 ], [ -96.731710373883558, 40.884846305061799 ], [ -96.73171523704714, 40.88484624829465 ], [ -96.731720103773569, 40.884846196928578 ], [ -96.731724968131232, 40.884846151866192 ], [ -96.731729833678912, 40.884846112205764 ], [ -96.731734641094775, 40.884846077969726 ], [ -96.73173950664895, 40.884846048213632 ], [ -96.731744369833805, 40.884846023860831 ], [ -96.73174923658091, 40.884846004008637 ], [ -96.73175410095989, 40.884845991360585 ], [ -96.731758908392322, 40.884845982335648 ], [ -96.73176377396365, 40.884845978691068 ], [ -96.731768639538529, 40.88484598044888 ], [ -96.731773503931123, 40.884845988509959 ], [ -96.731778368326701, 40.884846001073001 ], [ -96.731783176962736, 40.884846018159109 ], [ -96.731788041366016, 40.884846042427363 ], [ -96.731792906958106, 40.884846070296689 ], [ -96.731797772553747, 40.884846103568393 ], [ -96.731802635780667, 40.884846143143811 ], [ -96.731807445620376, 40.884846186341001 ], [ -96.731812308853819, 40.884846235820795 ], [ -96.731817174463728, 40.884846290702029 ], [ -96.731822040076594, 40.884846350085255 ], [ -96.73182684874412, 40.884846414892486 ], [ -96.731831711991859, 40.884846485981811 ], [ -96.731836578801278, 40.884846560671306 ], [ -96.731841442056151, 40.884846642565407 ], [ -96.73184630768688, 40.884846728960568 ], [ -96.731851115184639, 40.884846818979312 ], [ -96.731855980822516, 40.884846916179256 ], [ -96.731860846463377, 40.884847017881157 ], [ -96.731865712108402, 40.884847125885848 ], [ -96.731870519619875, 40.884847236613751 ], [ -96.731875385272076, 40.884847355423219 ], [ -96.731880248554361, 40.884847478735566 ], [ -96.731885114212517, 40.884847606548966 ], [ -96.731889921738926, 40.884847739786863 ], [ -96.731894787404258, 40.884847878405026 ], [ -96.731899653073768, 40.884848023326036 ], [ -96.731904460609712, 40.884848170970251 ], [ -96.731909326285816, 40.884848325795559 ], [ -96.731914191966084, 40.88484848692373 ], [ -96.73191905408946, 40.884848651654771 ], [ -96.731923861639771, 40.88484882090853 ], [ -96.731928729702503, 40.884848996442081 ], [ -96.731933594210119, 40.884849178279836 ], [ -96.731938400584184, 40.884849362840782 ], [ -96.731943268657105, 40.884849553681093 ], [ -96.731948131989085, 40.884849751726414 ], [ -96.731952940746211, 40.88484995159321 ], [ -96.731957806457658, 40.884850159542019 ], [ -96.731962670986263, 40.884850372893652 ], [ -96.731967479754204, 40.88485058896763 ], [ -96.731972343102967, 40.884850812224045 ], [ -96.731977210014662, 40.884851040881522 ], [ -96.731982017606398, 40.884851272262651 ], [ -96.731986884525284, 40.884851511724911 ], [ -96.731991689751339, 40.884851753911768 ], [ -96.731996555491023, 40.884852004179216 ], [ -96.732001420047894, 40.884852259849545 ], [ -96.732006230029924, 40.884852517341315 ], [ -96.732011092221143, 40.884852783817301 ], [ -96.732015904582681, 40.884853051212538 ], [ -96.732020767967541, 40.884853328492852 ], [ -96.732025577964038, 40.884853607594181 ], [ -96.732030440168515, 40.884853893878876 ], [ -96.732035248985213, 40.884854182885022 ], [ -96.732040113570392, 40.88485448087404 ], [ -96.732044922394337, 40.884854780684961 ], [ -96.732049786986153, 40.884855088578298 ], [ -96.732054599376653, 40.884855399192645 ], [ -96.732059460416423, 40.884855717892101 ], [ -96.732064271627721, 40.8848560393117 ], [ -96.732069132674738, 40.884856368815953 ], [ -96.73207394389209, 40.884856699239442 ], [ -96.732078808506273, 40.884857040447557 ], [ -96.732083616171579, 40.884857381677186 ], [ -96.732088480792427, 40.884857732789641 ], [ -96.732093287278559, 40.884858084824536 ], [ -96.732098099700508, 40.884858442259535 ], [ -96.732102961958773, 40.884858808679638 ], [ -96.732107772015127, 40.884859176920337 ], [ -96.732112582075104, 40.884859550563419 ], [ -96.732117440784975, 40.884859933192033 ], [ -96.732122250851035, 40.884860315839042 ], [ -96.732127065668294, 40.884860706587922 ], [ -96.73213192794779, 40.884861104521946 ], [ -96.732136734466067, 40.8848615042779 ], [ -96.732141545733711, 40.884861909434449 ], [ -96.732146351072245, 40.884862319095241 ], [ -96.732151218112065, 40.884862738636997 ], [ -96.732156025831358, 40.884863160002062 ], [ -96.732160835926578, 40.88486358586821 ], [ -96.732165643652564, 40.884864017137659 ], [ -96.732170505961236, 40.884864458290792 ], [ -96.732175319626705, 40.884864900362722 ], [ -96.732180124990776, 40.884865347840254 ], [ -96.732184935103646, 40.884865799817923 ], [ -96.732189740474411, 40.884866257199803 ], [ -96.732194549408163, 40.884866719982696 ], [ -96.732199358345554, 40.884867188167995 ], [ -96.732204167286611, 40.884867661755699 ], [ -96.732208972672012, 40.884868140747137 ], [ -96.732213786366131, 40.884868625137791 ], [ -96.732218648710784, 40.884869119414397 ], [ -96.732223460039364, 40.884869614610743 ], [ -96.732228263065949, 40.884870114312236 ], [ -96.732233017448721, 40.88487061403216 ], [ -96.732237826414817, 40.884871124536168 ], [ -96.73224263538458, 40.884871640442569 ], [ -96.732247441985137, 40.884872161752263 ], [ -96.732252247402329, 40.884872687564375 ], [ -96.732257062315881, 40.884873220576132 ], [ -96.732261865367533, 40.88487375719393 ], [ -96.732266675542093, 40.884874300111839 ], [ -96.732271486906157, 40.884874847531258 ], [ -96.732276295901627, 40.884875401254419 ], [ -96.732281049133476, 40.884875953197849 ], [ -96.732285855762811, 40.884876516826296 ], [ -96.732290662396451, 40.884877086757498 ], [ -96.732295466659664, 40.884877660291195 ], [ -96.732300224651979, 40.884878233842407 ], [ -96.732305026550293, 40.884878819082232 ], [ -96.732309836757352, 40.884879409721222 ], [ -96.732314591200804, 40.88487999858058 ], [ -96.732319401415225, 40.884880600024367 ], [ -96.732324205700564, 40.88488120597242 ], [ -96.732328957782187, 40.884881811039847 ], [ -96.732333770380549, 40.88488242868992 ], [ -96.732338520096079, 40.884883043662661 ], [ -96.732343331515381, 40.884883672117958 ], [ -96.732348132259247, 40.88488430417889 ], [ -96.732352887918637, 40.88488493625696 ], [ -96.73235769578973, 40.884885580920823 ], [ -96.732362446710169, 40.88488622290506 ], [ -96.7323671988201, 40.884886869390776 ], [ -96.732372012634457, 40.884887530259547 ], [ -96.732376761192512, 40.884888187551468 ], [ -96.73238157382842, 40.884888860125898 ], [ -96.732386317647524, 40.884889527323963 ], [ -96.732391073335876, 40.884890201720779 ], [ -96.732395881235959, 40.884890888703339 ], [ -96.732400633371824, 40.884891573005874 ], [ -96.732405385511385, 40.884892262710792 ], [ -96.732410135281782, 40.884892957819012 ], [ -96.732414946756606, 40.884893667310223 ], [ -96.732419694160342, 40.884894371423279 ], [ -96.732424451061675, 40.884895084536836 ], [ -96.732429205592652, 40.884895801252824 ], [ -96.732433948261786, 40.884896521574902 ], [ -96.732438700426698, 40.884897248196168 ], [ -96.732443451409509, 40.884897981120709 ], [ -96.732448210701691, 40.884898720344893 ], [ -96.732452961691322, 40.884899463173824 ], [ -96.73245770793892, 40.884900211406929 ], [ -96.732462463682353, 40.884900965939245 ], [ -96.732467219429495, 40.884901725873959 ], [ -96.732471971620441, 40.88490249031198 ], [ -96.732476714323013, 40.884903259255658 ], [ -96.732481476014087, 40.884904036295694 ], [ -96.732486224656896, 40.884904816942303 ], [ -96.732490973303413, 40.884905602991303 ], [ -96.732495719580214, 40.884906393543162 ], [ -96.732500421957738, 40.884907182310918 ], [ -96.732505176548244, 40.884907985465262 ], [ -96.732509919276282, 40.88490879132528 ], [ -96.732514618105697, 40.884909596301576 ], [ -96.732519367961032, 40.884910414764519 ], [ -96.73252411663367, 40.884911238630302 ], [ -96.732528824965769, 40.884912059810141 ], [ -96.732533568900124, 40.884912894482554 ], [ -96.73253827249394, 40.884913726469023 ], [ -96.732543015248112, 40.884914570145831 ], [ -96.732547769872227, 40.884915421921754 ], [ -96.732552467544451, 40.884916269217278 ], [ -96.732557165219831, 40.884917121014816 ], [ -96.732561912735932, 40.884917988100213 ], [ -96.732566606859478, 40.884918850703912 ], [ -96.732571352010211, 40.884919728595044 ], [ -96.732576056819767, 40.884920602899847 ], [ -96.732580746208185, 40.884921480812132 ], [ -96.732585446280112, 40.884922366823979 ], [ -96.732590197378599, 40.884923267222867 ], [ -96.73259489389747, 40.884924162240026 ], [ -96.732599590420122, 40.884925062659597 ], [ -96.732604283387204, 40.884925968482918 ], [ -96.73260897517099, 40.884926878808713 ], [ -96.73261367882472, 40.88492779723358 ], [ -96.732618367056702, 40.884928718365536 ], [ -96.732623067158016, 40.884929646696179 ], [ -96.732627753024019, 40.884930577733428 ], [ -96.732632449573558, 40.884931516870232 ], [ -96.732637143753337, 40.884932460509951 ], [ -96.732641837936299, 40.884933408651584 ], [ -96.732646543989802, 40.884934365792809 ], [ -96.732651233434524, 40.884935324741122 ], [ -96.732655921696576, 40.884936289092288 ], [ -96.732660623015008, 40.884937261542106 ], [ -96.732665267380369, 40.88493822771072 ], [ -96.732669949720929, 40.884939207370969 ], [ -96.732674645117854, 40.88494019512985 ], [ -96.732679284748158, 40.8849411766071 ], [ -96.732683990832385, 40.884942177867948 ], [ -96.732688628096739, 40.884943169250505 ], [ -96.732693314016046, 40.884944176821797 ], [ -96.732698015364633, 40.884945192490854 ], [ -96.732702645521059, 40.884946199182906 ], [ -96.732707289920342, 40.884947213973192 ], [ -96.732711984161625, 40.884948245852179 ], [ -96.732716626194943, 40.884949270547757 ], [ -96.732721316883882, 40.884950312332506 ], [ -96.732725951806145, 40.884951347835653 ], [ -96.732730602157076, 40.884952390536071 ], [ -96.73273523471282, 40.884953435044068 ], [ -96.732739932536688, 40.884954500236532 ], [ -96.732744562727731, 40.884955556450691 ], [ -96.732749203601699, 40.884956619864006 ], [ -96.732753843292997, 40.884957688680153 ], [ -96.732758481801028, 40.88495876199876 ], [ -96.732763119126432, 40.884959840720228 ], [ -96.732767768322418, 40.884960928441224 ], [ -96.732772399722592, 40.884962017069356 ], [ -96.732777029940124, 40.884963111100362 ], [ -96.732781673214674, 40.884964214130449 ], [ -96.732786315305972, 40.88496532166296 ], [ -96.732790904002286, 40.884966421112111 ], [ -96.732795541355415, 40.884967539451267 ], [ -96.73280017633887, 40.884968662293332 ], [ -96.732804810139072, 40.884969789637836 ], [ -96.732809389358437, 40.884970909799861 ], [ -96.73281403621948, 40.884972051545859 ], [ -96.732818611886501, 40.88497318161366 ], [ -96.732823252822342, 40.884974333266321 ], [ -96.732827840363782, 40.884975477736063 ], [ -96.732832477747309, 40.884976639294486 ], [ -96.732837062922854, 40.88497779366952 ], [ -96.73284169438179, 40.884978966035071 ], [ -96.732846273632163, 40.884980130316826 ], [ -96.732850851698672, 40.884981298200564 ], [ -96.732855495035835, 40.884982490370462 ], [ -96.732860083790953, 40.884983673557038 ], [ -96.732864654750244, 40.884984857650778 ], [ -96.732869241139483, 40.884986050742668 ], [ -96.732873822786772, 40.884987249238812 ], [ -96.732878405623723, 40.884988452236485 ], [ -96.732882984905146, 40.88498966063792 ], [ -96.732887577243645, 40.884990878038444 ], [ -96.732892152972781, 40.884992096345691 ], [ -96.732896741759589, 40.884993324552418 ], [ -96.732901311562955, 40.884994551865894 ], [ -96.732905896796851, 40.884995789077955 ], [ -96.732910480848773, 40.884997032593361 ], [ -96.732915058971074, 40.884998279712562 ], [ -96.732919588444716, 40.884999519647067 ], [ -96.732924163014744, 40.885000776672065 ], [ -96.732928736402158, 40.885002039099959 ], [ -96.732933276567039, 40.885003297938852 ], [ -96.732937844029294, 40.885004570273402 ], [ -96.73294237708258, 40.885005839019456 ], [ -96.732946961165666, 40.885007126654571 ], [ -96.732951490666679, 40.885008405306372 ], [ -96.732956016611595, 40.885009688461601 ], [ -96.732960592399891, 40.885010990506288 ], [ -96.73296511479252, 40.885012283567271 ], [ -96.732969652615751, 40.885013586526817 ], [ -96.732974171456121, 40.885014889493583 ], [ -96.732978753194374, 40.88501621674736 ], [ -96.732983266109599, 40.885017529620818 ], [ -96.732987794455426, 40.885018852392854 ], [ -96.732992321618639, 40.885020180567793 ], [ -96.73299684522577, 40.885021513246095 ], [ -96.733001367650303, 40.885022851327264 ], [ -96.733005904318972, 40.885024199307452 ], [ -96.733010373351064, 40.885025532906901 ], [ -96.733014906468085, 40.885026891693322 ], [ -96.733019415854699, 40.885028247787488 ], [ -96.73302394541949, 40.885029616479677 ], [ -96.73302842158742, 40.885030974387341 ], [ -96.733032944040048, 40.88503235208627 ], [ -96.73303746412364, 40.885033735188564 ], [ -96.73304193318323, 40.885035107505367 ], [ -96.733046449714593, 40.885036500513429 ], [ -96.733050931835734, 40.885037888132167 ], [ -96.733055393787609, 40.885039275758587 ], [ -96.733059921010906, 40.885040688571458 ], [ -96.733064396024972, 40.885042092400219 ], [ -96.733068848495066, 40.88504349353628 ], [ -96.733073368610661, 40.885044921658761 ], [ -96.733077855503723, 40.885046346192311 ], [ -96.733082321039248, 40.885047768032706 ], [ -96.73308678420635, 40.885049196176887 ], [ -96.733091263990516, 40.885050634219176 ], [ -96.733095720045469, 40.885052071370083 ], [ -96.733100195091581, 40.885053520219074 ], [ -96.73310464640727, 40.885054966375826 ], [ -96.733109068059719, 40.885056408942283 ], [ -96.733113533624064, 40.885057871300923 ], [ -96.733117999192274, 40.885059339061961 ], [ -96.733122479005885, 40.885060818522902 ], [ -96.733126889993997, 40.885062280001932 ], [ -96.733131346081052, 40.88506376217309 ], [ -96.733135771318445, 40.885065240754415 ], [ -96.733140242840605, 40.885066739126977 ], [ -96.733144641977944, 40.885068219519006 ], [ -96.733149106389192, 40.885069728699214 ], [ -96.733153522148072, 40.885071225292194 ], [ -96.73315793316506, 40.885072727289455 ], [ -96.733162363173847, 40.885074241885185 ], [ -96.733166816920189, 40.885075769077503 ], [ -96.733171220829547, 40.885077286384394 ], [ -96.733175641356581, 40.885078814489802 ], [ -96.733180061887509, 40.885080347997615 ], [ -96.73318447767592, 40.885081886009303 ], [ -96.733188869733908, 40.885083421328787 ], [ -96.733193279597273, 40.885084969247224 ], [ -96.733197662169658, 40.885086512673979 ], [ -96.733202067293789, 40.88508806959824 ], [ -96.733206468862477, 40.885089631926306 ], [ -96.733210889422978, 40.885091206852834 ], [ -96.733215237596781, 40.885092761097582 ], [ -96.733219653418047, 40.885094345029955 ], [ -96.733224018215282, 40.885095918176944 ], [ -96.733228403190139, 40.885097503021477 ], [ -96.733232764434575, 40.885099085173856 ], [ -96.733237141110891, 40.885100679025612 ], [ -96.733241541526041, 40.885102287274862 ], [ -96.733245892102332, 40.885103882937408 ], [ -96.733250260484624, 40.885105492099299 ], [ -96.733254605135258, 40.885107096768124 ], [ -96.733258968778941, 40.885108715836303 ], [ -96.733263328865988, 40.885110338507438 ], [ -96.733267664035523, 40.885111957586439 ], [ -96.733272019383961, 40.885113590163847 ], [ -96.733276393724253, 40.885115235339683 ], [ -96.733280740774148, 40.88511687692435 ], [ -96.733285085454483, 40.885118523011933 ], [ -96.733289427765797, 40.885120174502873 ], [ -96.733293745159628, 40.885121822401672 ], [ -96.733298102906758, 40.885123490994467 ], [ -96.733302389453584, 40.885125138905046 ], [ -96.733306742462133, 40.885126817404121 ], [ -96.733311046818869, 40.88512848421648 ], [ -96.733315391528905, 40.8851301717228 ], [ -96.733319713694968, 40.885131856536489 ], [ -96.733324007382961, 40.885133535958602 ], [ -96.733328298701991, 40.885135220784093 ], [ -96.733332655296948, 40.88513693709892 ], [ -96.733336939503289, 40.885138630030781 ], [ -96.733341242701499, 40.885140335561054 ], [ -96.733344353203336, 40.885141567031624 ], [ -96.733347468450447, 40.885142797599855 ], [ -96.733350582508763, 40.885144024566721 ], [ -96.733353677577398, 40.885145241636209 ], [ -96.733356839102797, 40.885146482090732 ], [ -96.733359936541476, 40.885147694656943 ], [ -96.73336305652694, 40.885148913517234 ], [ -96.733366200245626, 40.885150138671186 ], [ -96.733369324974632, 40.885151353927725 ], [ -96.733372427152759, 40.885152556586995 ], [ -96.733375599348847, 40.885153785331205 ], [ -96.733378703897642, 40.885154984387633 ], [ -96.733381855914004, 40.885156197832245 ], [ -96.733384965206326, 40.885157393284921 ], [ -96.733388118406907, 40.885158603127152 ], [ -96.733391251430731, 40.885159802172055 ], [ -96.733394409374242, 40.885161007510114 ], [ -96.733397524593059, 40.8851621939558 ], [ -96.733400662359301, 40.885163387595981 ], [ -96.733403823857557, 40.885164585728923 ], [ -96.733406941445296, 40.885165765870383 ], [ -96.733410106500656, 40.885166960400035 ], [ -96.733413272740705, 40.885168152227799 ], [ -96.73341641880522, 40.885169335059118 ], [ -96.733419542319467, 40.885170506193589 ], [ -96.733422712114262, 40.885171690816222 ], [ -96.733425862920583, 40.885172867342412 ], [ -96.733429035086047, 40.885174048362245 ], [ -96.733432188261759, 40.88517521948468 ], [ -96.733435341435154, 40.885176387005345 ], [ -96.733438519529457, 40.885177562619972 ], [ -96.733441676259915, 40.885178726537312 ], [ -96.7334448341757, 40.885179888653241 ], [ -96.733447993276201, 40.885181048067317 ], [ -96.733451154749062, 40.885182206579927 ], [ -96.733454316219593, 40.885183361490732 ], [ -96.733457481248934, 40.885184515499624 ], [ -96.73346064508948, 40.885185665907159 ], [ -96.73346381248885, 40.885186815412766 ], [ -96.733466979885876, 40.885187961316561 ], [ -96.733470149655261, 40.885189106318919 ], [ -96.733473320609349, 40.885190248619409 ], [ -96.733476516483762, 40.885191398113456 ], [ -96.733479688620832, 40.885192535010709 ], [ -96.733482864316713, 40.885193671006071 ], [ -96.733486064932293, 40.885194813294525 ], [ -96.733489240624692, 40.885195943887105 ], [ -96.733492398514414, 40.885197065482259 ], [ -96.733495602684727, 40.885198200565597 ], [ -96.733498784305965, 40.885199325752971 ], [ -96.733501944563969, 40.885200440143493 ], [ -96.73350515466251, 40.88520156892119 ], [ -96.73350833865139, 40.885202686003488 ], [ -96.733511551120571, 40.885203811178343 ], [ -96.733514716118606, 40.88520491656233 ], [ -96.733517932143627, 40.885206036333017 ], [ -96.73352110188516, 40.885207138113209 ], [ -96.733524317907936, 40.885208254282006 ], [ -96.733527535114149, 40.88520936594805 ], [ -96.733530688235973, 40.88521045332763 ], [ -96.733533908999888, 40.885211562290841 ], [ -96.733537132135567, 40.885212669452137 ], [ -96.733540287626269, 40.885213750527456 ], [ -96.733543510758452, 40.885214852285998 ], [ -96.733546737448236, 40.885215951341742 ], [ -96.733549946335927, 40.885217042300511 ], [ -96.733553125554039, 40.885218120664852 ], [ -96.733556336811745, 40.885219207120343 ], [ -96.733559545694845, 40.885220290875409 ], [ -96.733562778309931, 40.885221379123159 ], [ -96.733565991935293, 40.885222457473581 ], [ -96.733569207933641, 40.885223535822952 ], [ -96.733572421556119, 40.88522460967102 ], [ -96.733575639923856, 40.885225682616678 ], [ -96.733578858289846, 40.885226752860973 ], [ -96.733582077840538, 40.885227820403429 ], [ -96.733585298576514, 40.885228886144411 ], [ -96.733588522870704, 40.885229950083072 ], [ -96.733591743603213, 40.885231010421307 ], [ -96.733594969080968, 40.885232069857146 ], [ -96.733598175569583, 40.885233120296057 ], [ -96.733601402230278, 40.885234174328666 ], [ -96.733604631262722, 40.885235226559367 ], [ -96.73360788758778, 40.885236285082236 ], [ -96.733611118990225, 40.885237332809659 ], [ -96.73361433021708, 40.885238371540645 ], [ -96.733617565175976, 40.885239414764335 ], [ -96.733620779959907, 40.885240449891988 ], [ -96.733624042209641, 40.885241496706442 ], [ -96.733627280723866, 40.885242533625409 ], [ -96.733630497876021, 40.8852435615484 ], [ -96.733633763681084, 40.885244602058151 ], [ -96.733636985576126, 40.885245625476919 ], [ -96.733640254937626, 40.88524666148291 ], [ -96.733643478016219, 40.885247680398884 ], [ -96.73364675093417, 40.885248711901113 ], [ -96.73364997638275, 40.885249726313788 ], [ -96.733653250483627, 40.885250752412809 ], [ -96.733656460501862, 40.885251756926657 ], [ -96.733659736973365, 40.885252779422792 ], [ -96.733662968348369, 40.885253784828443 ], [ -96.733666227016002, 40.885254796526247 ], [ -96.73366945957396, 40.885255796528675 ], [ -96.733672743158323, 40.885256810017289 ], [ -96.733676005381255, 40.885257815410398 ], [ -96.733679222507064, 40.885258802812579 ], [ -96.733682508460291, 40.885259809996988 ], [ -96.733685775424334, 40.885260808184448 ], [ -96.733688996105457, 40.88526178928192 ], [ -96.733692265439501, 40.885262782966144 ], [ -96.733695556132076, 40.885263780243541 ], [ -96.733698829022529, 40.885264769423969 ], [ -96.733702101911263, 40.885265755903021 ], [ -96.733705328517644, 40.885266726192533 ], [ -96.733708604963383, 40.88526770906828 ], [ -96.733711880220326, 40.885268688342649 ], [ -96.733715140048645, 40.885269660419588 ], [ -96.733718420049087, 40.885270636090155 ], [ -96.733721698861288, 40.885271609059828 ], [ -96.733724962244906, 40.885272574832065 ], [ -96.733728245799995, 40.885273543297501 ], [ -96.733731528166871, 40.885274509062029 ], [ -96.733734796292197, 40.885275468529059 ], [ -96.73373808102906, 40.885276429790288 ], [ -96.733741350337311, 40.885277383854103 ], [ -96.733744620830237, 40.885278335216029 ], [ -96.733747909122371, 40.885279290172541 ], [ -96.733751230639356, 40.885280251418827 ], [ -96.733754503501132, 40.885281196476505 ], [ -96.733757778733988, 40.885282138831876 ], [ -96.733761053965111, 40.885283078485841 ], [ -96.733764330382144, 40.885284017238817 ], [ -96.733767607983211, 40.885284952389497 ], [ -96.733770935423692, 40.885285900126391 ], [ -96.733774216581821, 40.885286831673753 ], [ -96.733777496551724, 40.885287760520178 ], [ -96.733780828733302, 40.885288701051437 ], [ -96.733784093272817, 40.885289619999043 ], [ -96.73378737798383, 40.885290541639847 ], [ -96.733790693547419, 40.885291470471813 ], [ -96.733793980628391, 40.885292387609326 ], [ -96.733797317548749, 40.885293317333044 ], [ -96.733800588012883, 40.885294224572206 ], [ -96.733803859662302, 40.885295130009958 ], [ -96.73380720013671, 40.885296051628103 ], [ -96.733810474156087, 40.885296952562555 ], [ -96.733813799200703, 40.885297865182274 ], [ -96.733817074403603, 40.885298761613925 ], [ -96.733820401817582, 40.885299668829923 ], [ -96.733823730417456, 40.885300575144946 ], [ -96.733827007988552, 40.885301464371899 ], [ -96.733830337770712, 40.885302364383236 ], [ -96.733833620084653, 40.885303249105959 ], [ -96.733836952237382, 40.885304145514404 ], [ -96.733840285575425, 40.885305040121445 ], [ -96.733843570258173, 40.88530591853992 ], [ -96.733846886978725, 40.885306802348168 ], [ -96.733850223870775, 40.885307688849593 ], [ -96.733853561948109, 40.885308573549615 ], [ -96.733856832384575, 40.885309438466891 ], [ -96.733860172831257, 40.885310317763178 ], [ -96.73386349547701, 40.885311190763417 ], [ -96.733866820493887, 40.885312061061313 ], [ -96.733870163309362, 40.885312934053324 ], [ -96.733873439669779, 40.885313786361721 ], [ -96.733876767055449, 40.885314650355383 ], [ -96.733880095626418, 40.885315512547571 ], [ -96.733883425381421, 40.885316371137499 ], [ -96.733886756321709, 40.885317227925981 ], [ -96.733890087260846, 40.8853180829135 ], [ -96.733893420571107, 40.885318935198704 ], [ -96.733896755066013, 40.885319784782006 ], [ -96.733900088372692, 40.88532063166442 ], [ -96.733903425238182, 40.885321477644872 ], [ -96.733906744302104, 40.885322316428855 ], [ -96.733910081163415, 40.885323156106104 ], [ -96.733913421583523, 40.885323994881382 ], [ -96.733916744202062, 40.885324826460206 ], [ -96.733920085805039, 40.885325659832262 ], [ -96.733923460632894, 40.885326499494028 ], [ -96.733926803419379, 40.885327328363211 ], [ -96.733930130777821, 40.885328150935436 ], [ -96.733933458134473, 40.885328970806277 ], [ -96.733936787862859, 40.885329788875204 ], [ -96.733940134202172, 40.885330607837865 ], [ -96.733943516139249, 40.885331433089299 ], [ -96.733946848235789, 40.885332243953521 ], [ -96.733950181517599, 40.885333053016332 ], [ -96.733953515984084, 40.885333859377283 ], [ -96.733956901474599, 40.885334675622566 ], [ -96.7339602216977, 40.88533547298465 ], [ -96.733963557345888, 40.885336272141373 ], [ -96.733966946391007, 40.885337081181468 ], [ -96.733970286782025, 40.885337875833969 ], [ -96.733973660397936, 40.885338676776144 ], [ -96.733977000785373, 40.885339466025826 ], [ -96.733980326931828, 40.885340249878496 ], [ -96.733983720715031, 40.885341047210616 ], [ -96.733987048044995, 40.885341826560463 ], [ -96.733990428771861, 40.885342615793697 ], [ -96.733993771524496, 40.885343393336335 ], [ -96.733997154620681, 40.885344177165855 ], [ -96.734000486690519, 40.885344947509097 ], [ -96.734003869784374, 40.885345727736649 ], [ -96.734007203037038, 40.885346492676632 ], [ -96.734010588500198, 40.885347267500464 ], [ -96.734013975148642, 40.885348040522878 ], [ -96.73401731076946, 40.885348798258157 ], [ -96.734020698600744, 40.885349565877284 ], [ -96.734024036591507, 40.885350319109271 ], [ -96.734027427979797, 40.885351083125066 ], [ -96.734030802752969, 40.885351839943937 ], [ -96.734034141926017, 40.885352586872131 ], [ -96.73403753568121, 40.88535334188235 ], [ -96.734040914009583, 40.88535409239649 ], [ -96.734044310135332, 40.885354843803839 ], [ -96.734047637435495, 40.885355578130323 ], [ -96.734051018131382, 40.885356320539302 ], [ -96.734054415438791, 40.885357064742443 ], [ -96.734057799691655, 40.885357803548089 ], [ -96.734061183942742, 40.885358539652316 ], [ -96.734064515980961, 40.885359262270811 ], [ -96.73406790260195, 40.885359993871759 ], [ -96.734071289221149, 40.885360722771296 ], [ -96.734074677025603, 40.8853614498694 ], [ -96.734078063641206, 40.885362173366168 ], [ -96.734081455001416, 40.885362895060041 ], [ -96.73408484398756, 40.885363614953931 ], [ -96.73408823653125, 40.885364332144988 ], [ -96.734091613647465, 40.88536504393953 ], [ -96.73409500618817, 40.885365756628218 ], [ -96.73409840109997, 40.885366466614585 ], [ -96.734101779397861, 40.885367171204884 ], [ -96.734105175493113, 40.885367876688406 ], [ -96.734108557347383, 40.885368576774916 ], [ -96.734111954625476, 40.88536927685518 ], [ -96.734115337663198, 40.885369972438859 ], [ -96.734118721886176, 40.8853706662211 ], [ -96.734122106106739, 40.885371356401514 ], [ -96.734125508124663, 40.885372047475173 ], [ -96.734128893528677, 40.885372733152757 ], [ -96.734132282490847, 40.885373417027949 ], [ -96.734135723662931, 40.885374109886513 ], [ -96.734139111435056, 40.885374788359385 ], [ -96.734142488525492, 40.88537546143386 ], [ -96.734145878667533, 40.885376135403433 ], [ -96.734149272367702, 40.88537680757063 ], [ -96.734152715904258, 40.885377487821664 ], [ -96.734156096548077, 40.885378151889988 ], [ -96.734159491429921, 40.885378816852942 ], [ -96.734162886309932, 40.885379479114491 ], [ -96.734166320346475, 40.885380146762898 ], [ -96.734169716409326, 40.885380803621196 ], [ -96.734173100605304, 40.885381456882385 ], [ -96.73417653819638, 40.885382117325619 ], [ -96.734179924761619, 40.885382765183074 ], [ -96.734183323191388, 40.885383413035683 ], [ -96.734186761964096, 40.885384066274653 ], [ -96.734190150897433, 40.885384706927447 ], [ -96.73419353745669, 40.885385345780172 ], [ -96.734196980970395, 40.885385991813493 ], [ -96.734200369899554, 40.885386626162905 ], [ -96.734203814596071, 40.885387266792968 ], [ -96.734207207080928, 40.885387895738191 ], [ -96.734210638722317, 40.885388530070237 ], [ -96.734214031204175, 40.885389154513085 ], [ -96.734217478267595, 40.885389786137445 ], [ -96.734220860067197, 40.885390404281338 ], [ -96.734224308313443, 40.885391030502447 ], [ -96.734227691295857, 40.885391643243061 ], [ -96.734231141911991, 40.885392264960849 ], [ -96.734234526077856, 40.885392873198654 ], [ -96.734237975504527, 40.885393490414536 ], [ -96.734241363226104, 40.885394093248138 ], [ -96.734244804342794, 40.885394703263692 ], [ -96.734248244271825, 40.885395311478753 ], [ -96.73425163317566, 40.885395908008533 ], [ -96.734255074287518, 40.885396510820314 ], [ -96.734258464374136, 40.885397101946829 ], [ -96.734261907855895, 40.885397700255311 ], [ -96.734265353709333, 40.885398296761871 ], [ -96.73426874379112, 40.885398880684612 ], [ -96.734272192013819, 40.88539947178743 ], [ -96.734275636675378, 40.885400060190271 ], [ -96.734279073029356, 40.885400644994604 ], [ -96.734282466663828, 40.885401219010781 ], [ -96.734285904201244, 40.88540179931227 ], [ -96.734289353601923, 40.885402377808049 ], [ -96.734292792322137, 40.885402952706265 ], [ -96.734296188324109, 40.885403518617203 ], [ -96.734299628227134, 40.885404088112153 ], [ -96.734303068128952, 40.885404655806134 ], [ -96.734306510401836, 40.885405220797779 ], [ -96.734309963352814, 40.885405785785011 ], [ -96.7343134056227, 40.88540634627428 ], [ -96.734316795681508, 40.885406895979195 ], [ -96.734833754702962, 40.885490592458865 ], [ -96.734835173855984, 40.885490822393983 ], [ -96.734836593009035, 40.885491052329051 ], [ -96.734838066744373, 40.885491290345847 ], [ -96.734839527428164, 40.885491527467508 ], [ -96.734840999977067, 40.885491765484758 ], [ -96.734842516429595, 40.885492010687663 ], [ -96.734844098144976, 40.885492267569667 ], [ -96.734845613411068, 40.885492512772998 ], [ -96.734847183260115, 40.885492766958492 ], [ -96.734848807691435, 40.8854930292257 ], [ -96.734850429750495, 40.885493292394273 ], [ -96.734852042316746, 40.885493553765833 ], [ -96.734853665561644, 40.885493816033453 ], [ -96.734855344576559, 40.885494088183179 ], [ -96.734883765535912, 40.885506999652101 ], [ -96.734885934459982, 40.885508821246475 ], [ -96.734888133062512, 40.885510667140402 ], [ -96.734890328103276, 40.885512509434051 ], [ -96.734892523144808, 40.885514352628071 ], [ -96.734894690881646, 40.885516172421873 ], [ -96.734896910853422, 40.885518036315631 ], [ -96.734899103520519, 40.885519876809184 ], [ -96.734901350796704, 40.885521763202568 ], [ -96.734903568394685, 40.885523625296273 ], [ -96.734905785992154, 40.885525486489527 ], [ -96.734908029707455, 40.88552737018292 ], [ -96.734910272236462, 40.885529253876754 ], [ -96.734912487460122, 40.88553111326997 ], [ -96.734914756106491, 40.885533018563478 ], [ -96.734917022377516, 40.885534920256184 ], [ -96.734919262532216, 40.885536801249501 ], [ -96.734921528804151, 40.885538703842563 ], [ -96.734923820006244, 40.885540627135356 ], [ -96.734926112395527, 40.885542551328079 ], [ -96.734928375106605, 40.885544451221136 ], [ -96.734930692426829, 40.885546397014004 ], [ -96.734932980068194, 40.885548317606776 ], [ -96.734935103875628, 40.88555009059521 ], [ -96.734937396256683, 40.885552002181662 ], [ -96.734939714756251, 40.885553937168666 ], [ -96.734942008324637, 40.88555584965497 ], [ -96.734944352940971, 40.885557805341215 ], [ -96.734946671439673, 40.885559738527228 ], [ -96.734949014869187, 40.88556169331342 ], [ -96.734951329807529, 40.885563624699905 ], [ -96.734953673236689, 40.885565578585577 ], [ -96.734956013105347, 40.885567530671786 ], [ -96.734958354160597, 40.885569482757482 ], [ -96.734960695216628, 40.885571435743536 ], [ -96.734963032711534, 40.885573386029712 ], [ -96.734965398697881, 40.885575359715475 ], [ -96.734967737379506, 40.885577310001054 ], [ -96.734970099804897, 40.885579280986882 ], [ -96.734972464603942, 40.885581252872115 ], [ -96.734974825841874, 40.885583222057448 ], [ -96.734977215571888, 40.885585215542832 ], [ -96.73497957681009, 40.885587184728074 ], [ -96.734981934487848, 40.885589152113859 ], [ -96.73498432184347, 40.885591142898747 ], [ -96.734986708012798, 40.885593133684061 ], [ -96.734989066877404, 40.885595101069214 ], [ -96.734991450672211, 40.885597089154103 ], [ -96.734993832093636, 40.885599076339489 ], [ -96.734996215888714, 40.885601064424293 ], [ -96.734998597309769, 40.885603050709129 ], [ -96.735001004848129, 40.885605058593683 ], [ -96.735003386269497, 40.885607044878427 ], [ -96.735005765316814, 40.885609029363231 ], [ -96.735008170481436, 40.885611035447724 ], [ -96.735010548341961, 40.885613019032455 ], [ -96.735012953506867, 40.885615025116863 ], [ -96.735015358671916, 40.8856170312012 ], [ -96.735017760275866, 40.885619034585645 ], [ -96.735020161879959, 40.88562103797004 ], [ -96.735022536179287, 40.885623017954259 ], [ -96.735024962714377, 40.885625042938777 ], [ -96.735027361944105, 40.885627043622684 ], [ -96.735029762361037, 40.885629045206493 ], [ -96.735032159217511, 40.885631044990831 ], [ -96.735034558448291, 40.885633046575016 ], [ -96.735036505374438, 40.885634670161849 ], [ -96.73503677958378, 40.885634867244818 ], [ -96.735039355492674, 40.885636722886893 ], [ -96.73504193140235, 40.885638579429362 ], [ -96.735044536987445, 40.88564045576922 ], [ -96.735047115270945, 40.885642313211015 ], [ -96.735049692367511, 40.885644169752815 ], [ -96.735052299140747, 40.885646047892841 ], [ -96.73505490710059, 40.885647926032355 ], [ -96.735057486571776, 40.885649784373875 ], [ -96.735060064856, 40.885651641815379 ], [ -96.735062646700996, 40.885653501056261 ], [ -96.735065226172594, 40.88565535939761 ], [ -96.735067806831424, 40.885657218638862 ], [ -96.735070417166327, 40.885659098577904 ], [ -96.735072999012544, 40.885660958718965 ], [ -96.735075609347746, 40.885662838657886 ], [ -96.735078163891856, 40.88566467900047 ], [ -96.735080775414431, 40.885666559839201 ], [ -96.735083359635397, 40.88566842177994 ], [ -96.73508350445627, 40.885668526171017 ], [ -96.735084722237431, 40.885669208202174 ], [ -96.735087593401104, 40.885670817904753 ], [ -96.735090438452147, 40.885672412310598 ], [ -96.735093319110888, 40.885674026511332 ], [ -96.735096173657652, 40.885675626315731 ], [ -96.73509906499919, 40.885677246815014 ], [ -96.735101919546224, 40.885678846619278 ], [ -96.735104809700942, 40.885680466218467 ], [ -96.735107673743698, 40.8856820714213 ], [ -96.735110537786568, 40.885683676624083 ], [ -96.735113411325031, 40.885685287225485 ], [ -96.735116312162191, 40.88568691222261 ], [ -96.73511915840173, 40.885688507527682 ], [ -96.735119186888028, 40.88568852372385 ], [ -96.735120892381502, 40.885689319010041 ], [ -96.735123922392859, 40.885690733253121 ], [ -96.735126952404343, 40.885692147496094 ], [ -96.735130023955122, 40.885693580631134 ], [ -96.735133055153341, 40.885694994873489 ], [ -96.735136100594175, 40.885696416313365 ], [ -96.735139122297838, 40.885697826057296 ], [ -96.735142167738317, 40.885699246596609 ], [ -96.735145229795592, 40.885700676133368 ], [ -96.735145352040249, 40.885700732810683 ], [ -96.73514808045222, 40.885701805912454 ], [ -96.735151245600122, 40.885703050818329 ], [ -96.735154388199192, 40.88570428672903 ], [ -96.735157575895641, 40.885705539729443 ], [ -96.735160738670345, 40.885706783735642 ], [ -96.735163925181226, 40.885708037636775 ], [ -96.735167066593689, 40.88570927264719 ], [ -96.735170275653118, 40.88571053464284 ], [ -96.735173415879345, 40.885711769653561 ], [ -96.735175652964173, 40.885712649362425 ], [ -96.735176262941167, 40.885712848108767 ], [ -96.735179585771235, 40.885713928170368 ], [ -96.735182837398369, 40.885714985750148 ], [ -96.735186118693889, 40.885716053222474 ], [ -96.735189418976603, 40.885717126089553 ], [ -96.735192699085914, 40.885718193562177 ], [ -96.73519595902053, 40.885719253839497 ], [ -96.735199266424175, 40.88572032940467 ], [ -96.735202527545468, 40.885721389681329 ], [ -96.735203885159407, 40.885721831238605 ], [ -96.735204042985558, 40.885721870793134 ], [ -96.735207439208409, 40.885722714010228 ], [ -96.735210801018511, 40.885723549137403 ], [ -96.73521417944157, 40.885724387859433 ], [ -96.735217593464654, 40.885725235571122 ], [ -96.735221006301359, 40.88572608328321 ], [ -96.735224351498303, 40.885726913914631 ], [ -96.73522774772232, 40.885727758031571 ], [ -96.735231128519345, 40.885728597652566 ], [ -96.735234557969278, 40.885729448959154 ], [ -96.735237938766502, 40.885730288579936 ], [ -96.735241300577357, 40.885731123706243 ], [ -96.735244714601137, 40.885731971417137 ], [ -96.735248128624988, 40.885732819127924 ], [ -96.735249282059812, 40.88573310589387 ], [ -96.735251989863073, 40.885733556802869 ], [ -96.735255455899051, 40.885734134362473 ], [ -96.735258932614414, 40.88573471371847 ], [ -96.73526244136788, 40.885735298463821 ], [ -96.735265895537594, 40.885735873326702 ], [ -96.735269403104709, 40.885736458072316 ], [ -96.73527291185836, 40.885737042817382 ], [ -96.735276352976015, 40.885737615884402 ], [ -96.735279849863346, 40.88573819793281 ], [ -96.735283332512054, 40.88573877818606 ], [ -96.735286817534345, 40.885739359338679 ], [ -96.735289277340286, 40.885739768928474 ], [ -96.73529193393972, 40.885739956931275 ], [ -96.735295454318802, 40.885740204909219 ], [ -96.735299030464972, 40.88574045826681 ], [ -96.735302550844096, 40.885740706244533 ], [ -96.735306122243855, 40.885740958703408 ], [ -96.735309693643657, 40.885741211162156 ], [ -96.735313203344788, 40.885741459143937 ], [ -96.735316768811742, 40.88574171070448 ], [ -96.735320329532911, 40.885741962266856 ], [ -96.735323894999922, 40.885742213827172 ], [ -96.735327449788898, 40.885742465391765 ], [ -96.735331011696601, 40.885742716953331 ], [ -96.735334560552715, 40.885742967619699 ], [ -96.735338116527586, 40.885743218283046 ], [ -96.735341666570207, 40.885743468948711 ], [ -96.735345210680592, 40.885743719616691 ], [ -96.735348761909734, 40.885743970281631 ], [ -96.7353523000873, 40.885744220051421 ], [ -96.73535584657067, 40.885744470718087 ], [ -96.735357187328958, 40.885744565614075 ], [ -96.735358230207098, 40.88574454717773 ], [ -96.735361788333194, 40.88574448628988 ], [ -96.735365346458622, 40.885744424501503 ], [ -96.735368904584689, 40.885744363613455 ], [ -96.735372520845587, 40.885744300900583 ], [ -96.735376080157465, 40.885744239111389 ], [ -96.735379640655779, 40.885744177321598 ], [ -96.735383201154733, 40.885744116432129 ], [ -96.735386762839468, 40.885744054641627 ], [ -96.735390324524204, 40.885743992851026 ], [ -96.735391304521698, 40.885743976241038 ], [ -96.735393474429387, 40.885743817774845 ], [ -96.735397028854237, 40.885743557891914 ], [ -96.735400583279059, 40.885743298008862 ], [ -96.735404136518042, 40.885743039026615 ], [ -96.735407696874404, 40.885742778240505 ], [ -96.735411260790769, 40.885742518353233 ], [ -96.735414819961278, 40.885742258467772 ], [ -96.735418390994994, 40.885741996776517 ], [ -96.735421878982194, 40.885741742322701 ], [ -96.735424644286198, 40.885741299975223 ], [ -96.735428100026638, 40.885740747491376 ], [ -96.73543156881604, 40.885740192300773 ], [ -96.735435104039624, 40.885739627178012 ], [ -96.735438582319887, 40.885739071082845 ], [ -96.735442062972339, 40.885738514086192 ], [ -96.735445554301521, 40.885737955284171 ], [ -96.735449045631313, 40.885737397382464 ], [ -96.735452535773916, 40.885736838580748 ], [ -96.735456038966802, 40.88573627887309 ], [ -96.735459552835763, 40.885735716459642 ], [ -96.735463001457546, 40.885735164878113 ], [ -96.735466526003805, 40.885734601559648 ], [ -96.735469986488695, 40.885734048172147 ], [ -96.735473512220651, 40.885733483952563 ], [ -96.735476983382199, 40.885732928759616 ], [ -96.735480465220476, 40.885732371761293 ], [ -96.735483948245147, 40.885731814762387 ], [ -96.735487441946518, 40.885731255958127 ], [ -96.735488616399664, 40.88573106818523 ], [ -96.735490105160181, 40.885730737114329 ], [ -96.735493554814866, 40.885729971228571 ], [ -96.73549696650818, 40.885729212561792 ], [ -96.735500431584015, 40.885728443067748 ], [ -96.735503842091347, 40.885727685301688 ], [ -96.735507270392816, 40.88572692392647 ], [ -96.735510697507763, 40.885726162551613 ], [ -96.735514087848401, 40.885725409295716 ], [ -96.735517516149002, 40.885724647019757 ], [ -96.735520921910776, 40.885723890155553 ], [ -96.735524363260893, 40.88572312607316 ], [ -96.735527784443818, 40.885722365600706 ], [ -96.735531190205393, 40.885721608736219 ], [ -96.7355346113888, 40.885720849163967 ], [ -96.735538032571483, 40.885720088691187 ], [ -96.735541415794103, 40.885719337238285 ], [ -96.735544852398576, 40.885718574057655 ], [ -96.735548235620399, 40.885717821704084 ], [ -96.73555163663697, 40.885717066641817 ], [ -96.735555035280569, 40.88571631158041 ], [ -96.735558449345376, 40.885715552910831 ], [ -96.735561812400434, 40.885714805067344 ], [ -96.735565226465738, 40.885714047297995 ], [ -96.735568603756121, 40.885713296747149 ], [ -96.735571981046434, 40.885712546196181 ], [ -96.735575359523111, 40.88571179564466 ], [ -96.735581433220261, 40.885710490216653 ], [ -96.735584782097959, 40.885709827018957 ], [ -96.735588196220732, 40.885709150287802 ], [ -96.735591558146652, 40.885708483482816 ], [ -96.735594921259633, 40.885707817577689 ], [ -96.735598245224793, 40.885707158892039 ], [ -96.73560162138601, 40.885706489379587 ], [ -96.735604944164592, 40.885705830694235 ], [ -96.735608334561789, 40.885705159374865 ], [ -96.735611619378972, 40.885704507908422 ], [ -96.735614969441869, 40.885703843808948 ], [ -96.735618320691145, 40.885703179708898 ], [ -96.735621618557815, 40.885702526435949 ], [ -96.735624916424385, 40.88570187316288 ], [ -96.735628228525741, 40.885701216282115 ], [ -96.735631554863161, 40.885700557594532 ], [ -96.735634812395375, 40.885699911541302 ], [ -96.735638138732014, 40.885699251953099 ], [ -96.735641424735718, 40.885698601385734 ], [ -96.73564464430649, 40.885697962551347 ], [ -96.735647930310051, 40.885697311983833 ], [ -96.73565407531342, 40.885696176704251 ], [ -96.735657290212998, 40.885695642321565 ], [ -96.735660531211835, 40.885695104326281 ], [ -96.735663760347435, 40.885694568136692 ], [ -96.735666944403008, 40.885694039169067 ], [ -96.735670185401048, 40.885693500273099 ], [ -96.735673317259142, 40.885692980331157 ], [ -96.735676514364229, 40.885692449557013 ], [ -96.735679658084791, 40.885691926908699 ], [ -96.735682855189765, 40.885691396134391 ], [ -96.735688288536608, 40.885690560990795 ], [ -96.735691352841641, 40.885690145526425 ], [ -96.735694480022673, 40.885689721932103 ], [ -96.735697544327621, 40.885689306467533 ], [ -96.735700618122834, 40.885688889198128 ], [ -96.735703646837408, 40.885688478250309 ], [ -96.735706666061645, 40.885688069107161 ], [ -96.735709748161895, 40.885687651834083 ], [ -96.735712731795758, 40.885687247207642 ], [ -96.735715760510175, 40.885686836259495 ], [ -96.735718744143966, 40.885686431632891 ], [ -96.735721737268662, 40.88568602610188 ], [ -96.735724720902383, 40.885685621475119 ], [ -96.735727659455478, 40.885685223169972 ], [ -96.73573059682208, 40.88568482486523 ], [ -96.735733546051833, 40.885684424754643 ], [ -96.735736484604814, 40.885684026449248 ], [ -96.735739378076516, 40.885683633565016 ], [ -96.735742281039137, 40.885683239776363 ], [ -96.735745174511408, 40.885682847792431 ], [ -96.735748022902413, 40.885682461229635 ], [ -96.735750880784323, 40.885682073762432 ], [ -96.735753729175912, 40.885681688099965 ], [ -96.735757192121653, 40.885681264365083 ], [ -96.735759980074022, 40.885680975974111 ], [ -96.735762664812285, 40.885680697530539 ], [ -96.735765395819513, 40.885680415466013 ], [ -96.735768080557719, 40.88568013702232 ], [ -96.735770765296579, 40.885679859478962 ], [ -96.735773455967006, 40.885679581032676 ], [ -96.735776093251019, 40.885679308011007 ], [ -96.735778729348553, 40.885679034989771 ], [ -96.735781365446073, 40.885678761968471 ], [ -96.735783952902992, 40.885678494369827 ], [ -96.735786534428271, 40.885678227674035 ], [ -96.735789130189659, 40.885677959171417 ], [ -96.735791717645853, 40.885677690672146 ], [ -96.73579425883436, 40.885677427594601 ], [ -96.735796735959696, 40.885677171746963 ], [ -96.735798434843431, 40.885677013468111 ], [ -96.735800833719296, 40.885676835990374 ], [ -96.735803236155164, 40.885676659411551 ], [ -96.735805576898187, 40.885676486459957 ], [ -96.735807930691493, 40.885676312602463 ], [ -96.735810277366724, 40.885676139648339 ], [ -96.735812574213639, 40.885675970316505 ], [ -96.736253077887923, 40.885693174428908 ], [ -96.736256637667893, 40.885693762724451 ], [ -96.736260208133842, 40.885694361820562 ], [ -96.736263767925706, 40.885694966323662 ], [ -96.736267324162867, 40.885695577131173 ], [ -96.736270834127851, 40.885696187057462 ], [ -96.736274396309156, 40.885696814070009 ], [ -96.736277946629954, 40.885697446490042 ], [ -96.736281491023121, 40.885698085215459 ], [ -96.736285005757054, 40.885698726654454 ], [ -96.736288546601472, 40.885699379788051 ], [ -96.736292055413088, 40.885700034735784 ], [ -96.736295610508137, 40.885700705871855 ], [ -96.736299159675582, 40.885701383313297 ], [ -96.736302648331474, 40.885702057178236 ], [ -96.736306192763067, 40.88570274812794 ], [ -96.73630969329605, 40.885703439095906 ], [ -96.736313234179548, 40.885704145354225 ], [ -96.736316721670875, 40.885704848933486 ], [ -96.736320275618567, 40.885705573194748 ], [ -96.736323761934059, 40.885706291181208 ], [ -96.736327231641923, 40.88570701277623 ], [ -96.736330774926842, 40.885707757751589 ], [ -96.736334255326014, 40.885708497350585 ], [ -96.736337815235146, 40.885709261227852 ], [ -96.736341337177919, 40.885710025120886 ], [ -96.736344816406586, 40.885710786330428 ], [ -96.736348296828325, 40.88571155654369 ], [ -96.736351766575353, 40.885712331263449 ], [ -96.736355242261936, 40.885713115885387 ], [ -96.736358710833812, 40.885713905912795 ], [ -96.736362493880776, 40.885714785851604 ], [ -96.736365935196531, 40.885715620011403 ], [ -96.736369324299361, 40.885716441586901 ], [ -96.736372714588725, 40.885717263161801 ], [ -96.736376120304655, 40.88571808833187 ], [ -96.736379457194715, 40.88571889732291 ], [ -96.736382865284369, 40.885719723392207 ], [ -96.736386271000555, 40.88572054856197 ], [ -96.736389660103896, 40.885721370136878 ], [ -96.736393065820238, 40.885722195306464 ], [ -96.736396472723797, 40.885723021375853 ], [ -96.736400185800619, 40.885723941862231 ], [ -96.736403571375746, 40.885724805758514 ], [ -96.736406958138076, 40.885725670554635 ], [ -96.736410361514075, 40.885726539845862 ], [ -96.736413697249972, 40.885727392057127 ], [ -96.736417100626156, 40.885728261348142 ], [ -96.736420452975182, 40.885729117153971 ], [ -96.736423856351522, 40.885729986444787 ], [ -96.736427209887836, 40.88573084315037 ], [ -96.736430613263707, 40.885731711540565 ], [ -96.736433966800178, 40.885732568245921 ], [ -96.736437542259551, 40.885733502295288 ], [ -96.736440934975349, 40.885734395001329 ], [ -96.736444318200284, 40.88573528861167 ], [ -96.736447752455163, 40.885736199308703 ], [ -96.736451111952562, 40.885737094729656 ], [ -96.73645449162629, 40.885737999146386 ], [ -96.736457866556236, 40.885738906266297 ], [ -96.736461261662541, 40.885739822381986 ], [ -96.736464679318743, 40.885740748392806 ], [ -96.736468047136839, 40.885741664519735 ], [ -96.736471444625508, 40.885742593240131 ], [ -96.736474801769674, 40.885743514773942 ], [ -96.736478186210846, 40.885744448001795 ], [ -96.736481570654078, 40.88574538393086 ], [ -96.736484946794221, 40.885746322564593 ], [ -96.736488270722703, 40.885747250414958 ], [ -96.736491649241842, 40.885748197151386 ], [ -96.736495026577259, 40.885749147489953 ], [ -96.736498411036081, 40.885750104128462 ], [ -96.736501730228326, 40.885751044586485 ], [ -96.73650512893461, 40.885752014725277 ], [ -96.736508471866571, 40.885752969580039 ], [ -96.736511843283353, 40.885753937929245 ], [ -96.736515214703516, 40.885754910780491 ], [ -96.736518596806434, 40.885755889930202 ], [ -96.736521925510573, 40.885756857396615 ], [ -96.736525248284522, 40.885757827566721 ], [ -96.736528642263437, 40.885758822018488 ], [ -96.736531959109925, 40.885759798493901 ], [ -96.736535344787796, 40.885760798351555 ], [ -96.736538684186925, 40.885761788323791 ], [ -96.736541995108695, 40.885762774706187 ], [ -96.736545332140381, 40.885763771882687 ], [ -96.736548708336912, 40.885764785250402 ], [ -96.736552038254686, 40.885765788732733 ], [ -96.736555383602337, 40.885766800312368 ], [ -96.736558705218457, 40.885767808300173 ], [ -96.736562032771502, 40.885768822588375 ], [ -96.736565374568656, 40.885769845874826 ], [ -96.736568690260711, 40.885770864669986 ], [ -96.73657202494266, 40.88577189246142 ], [ -96.73657536200156, 40.885772925654322 ], [ -96.736578662275278, 40.885773951659147 ], [ -96.736581995779616, 40.885774991156374 ], [ -96.736585334034487, 40.885776036954553 ], [ -96.736588659239146, 40.885777083658553 ], [ -96.736591946468877, 40.885778118672803 ], [ -96.73659527049189, 40.885779171680163 ], [ -96.736598560103317, 40.885780218398864 ], [ -96.736601901933184, 40.885781284904979 ], [ -96.736605182055811, 40.885782335229202 ], [ -96.7366085262654, 40.885783410738441 ], [ -96.736611804020598, 40.885784468266927 ], [ -96.736615087712778, 40.885785532095873 ], [ -96.736618420064076, 40.885786615713712 ], [ -96.736621697828127, 40.885787684947537 ], [ -96.736624991023433, 40.885788764079507 ], [ -96.736628269980741, 40.885789842316974 ], [ -96.736631560807965, 40.885790927752801 ], [ -96.73663484926503, 40.885792016791243 ], [ -96.736638142471946, 40.885793111230207 ], [ -96.736641428561569, 40.885794207472941 ], [ -96.736644715841066, 40.885795308217212 ], [ -96.736648014991104, 40.885796417060298 ], [ -96.736651301089623, 40.885797525008364 ], [ -96.736654597872246, 40.885798641055707 ], [ -96.736657879230449, 40.885799756209018 ], [ -96.736661119055015, 40.885800860574584 ], [ -96.736664421780119, 40.885801990125643 ], [ -96.736667698400751, 40.885803116085853 ], [ -96.736670921620572, 40.885804227661588 ], [ -96.736674223167469, 40.885805368018048 ], [ -96.736677478435581, 40.885806498489131 ], [ -96.736680769308578, 40.885807644252495 ], [ -96.736683998473623, 40.885808772933558 ], [ -96.736687254937749, 40.885809916009947 ], [ -96.736690531578915, 40.885811068982477 ], [ -96.736693786862091, 40.88581221926264 ], [ -96.736697029093065, 40.885813367747332 ], [ -96.73670028319593, 40.885814526131682 ], [ -96.736703520686618, 40.885815681821668 ], [ -96.736706767674278, 40.885816844710995 ], [ -96.736710005170437, 40.885818007604264 ], [ -96.736713247417811, 40.885819177698863 ], [ -96.736716521710733, 40.88582036308722 ], [ -96.736719760403588, 40.885821539486152 ], [ -96.736722965869944, 40.885822707795143 ], [ -96.736726196261827, 40.885823889600026 ], [ -96.736729449204987, 40.885825083100912 ], [ -96.736732695030881, 40.885826278405546 ], [ -96.736735894575972, 40.88582746112359 ], [ -96.736739141594484, 40.885828664531452 ], [ -96.736742358947168, 40.885829861648723 ], [ -96.736745552567598, 40.885831054273744 ], [ -96.736748798409266, 40.885832270287878 ], [ -96.736751990848759, 40.885833470116708 ], [ -96.736755196345285, 40.885834678043786 ], [ -96.736758442195878, 40.885835905763265 ], [ -96.736761653633494, 40.885837125393294 ], [ -96.736764856766058, 40.885838345026755 ], [ -96.736768061089165, 40.885839570062188 ], [ -96.736771255920743, 40.885840795101565 ], [ -96.736774481611462, 40.885842035435147 ], [ -96.736777678823458, 40.885843270378103 ], [ -96.736780867730403, 40.885844505324449 ], [ -96.736784064947912, 40.885845747470661 ], [ -96.736787271663786, 40.88584699861709 ], [ -96.736790464140356, 40.885848247068161 ], [ -96.736793626950416, 40.885849488328226 ], [ -96.736796830114557, 40.885850749380673 ], [ -96.736799994117931, 40.885851999644352 ], [ -96.736803193728221, 40.88585326790156 ], [ -96.736806374352753, 40.885854532564963 ], [ -96.736809573969254, 40.885855808925875 ], [ -96.736812743919231, 40.885857078095796 ], [ -96.736815896069245, 40.885858342770973 ], [ -96.736819070772555, 40.885859621843473 ], [ -96.736822277522819, 40.885860918010536 ], [ -96.736825424935944, 40.885862194393084 ], [ -96.736828599649556, 40.885863486971772 ], [ -96.736831764870985, 40.885864778653961 ], [ -96.736834887369625, 40.885866055947233 ], [ -96.736838050223682, 40.885867354833714 ], [ -96.736841203586238, 40.885868653724096 ], [ -96.736844386623488, 40.885869970610528 ], [ -96.736847487772394, 40.885871256016365 ], [ -96.736850682683695, 40.885872585503627 ], [ -96.736853862169241, 40.885873912296034 ], [ -96.736856979943425, 40.8858752175041 ], [ -96.736860151127999, 40.885876549702445 ], [ -96.73686327246908, 40.885877864813565 ], [ -96.736866802102597, 40.885879386851244 ], [ -96.73686985467063, 40.885880757818107 ], [ -96.736872974888485, 40.885882158470487 ], [ -96.737358230124585, 40.886099745009268 ], [ -96.737361325363864, 40.886101033105042 ], [ -96.737364477569969, 40.88610234368722 ], [ -96.73736755619106, 40.886103620984741 ], [ -96.737370706017799, 40.886104922563426 ], [ -96.737373805995389, 40.886106199851667 ], [ -96.737376940389055, 40.886107488830731 ], [ -96.737380081900938, 40.886108776906234 ], [ -96.737383171190061, 40.886110039791873 ], [ -96.737386317443992, 40.886111322462583 ], [ -96.737389462508247, 40.886112600631549 ], [ -96.737392606384162, 40.886113876099635 ], [ -96.737395708718111, 40.886115129975039 ], [ -96.737398834786688, 40.886116391043679 ], [ -96.737401986962155, 40.886117658404061 ], [ -96.73740511183847, 40.886118911369138 ], [ -96.737408269943799, 40.8861201751251 ], [ -96.737411396002145, 40.88612142178647 ], [ -96.737414532738754, 40.886122668443186 ], [ -96.737417692023513, 40.886123922293621 ], [ -96.737420871480865, 40.886125179737071 ], [ -96.737424009397586, 40.886126417388716 ], [ -96.737427150871781, 40.88612765233745 ], [ -96.737430297091919, 40.886128887284052 ], [ -96.737433480099781, 40.886130132119582 ], [ -96.737436601391138, 40.886131349068044 ], [ -96.737439748790081, 40.886132573208698 ], [ -96.737442940098106, 40.886133810836952 ], [ -96.737446069690364, 40.886135021478587 ], [ -96.737449264554016, 40.886136253702553 ], [ -96.737452392953998, 40.886137456240625 ], [ -96.737455593746816, 40.886138683959729 ], [ -96.737458773174794, 40.886139899982247 ], [ -96.737461907501398, 40.886141094413638 ], [ -96.737465094045675, 40.886142306831218 ], [ -96.737468271093036, 40.886143512049308 ], [ -96.737471457631528, 40.886144716362836 ], [ -96.737474596696387, 40.886145899986644 ], [ -96.737477783229735, 40.88614709709654 ], [ -96.73748097450904, 40.886148294204311 ], [ -96.737484159850808, 40.88614948411108 ], [ -96.737487335696343, 40.886150667718795 ], [ -96.737490528154396, 40.886151854020611 ], [ -96.737493703994787, 40.88615303042468 ], [ -96.737496898821988, 40.886154211322705 ], [ -96.737500120942528, 40.886155398511974 ], [ -96.73750329677523, 40.8861565641106 ], [ -96.737506473793132, 40.886157727907786 ], [ -96.737509651995609, 40.886158889003063 ], [ -96.737512877666617, 40.886160063584406 ], [ -96.737516067731889, 40.886161221973119 ], [ -96.737519247113781, 40.88616237316289 ], [ -96.737522465656312, 40.886163534240524 ], [ -96.737525647406628, 40.886164679126075 ], [ -96.737528882559815, 40.886165840196391 ], [ -96.737532063117882, 40.886166976978366 ], [ -96.737535294706547, 40.886168130846599 ], [ -96.737538465766448, 40.886169258628151 ], [ -96.73754171040369, 40.886170408888866 ], [ -96.737544939610373, 40.886171550151793 ], [ -96.737548110663226, 40.886172668028337 ], [ -96.737551337491851, 40.886173802088628 ], [ -96.73755458330659, 40.886174939742432 ], [ -96.737557803009977, 40.88617606480129 ], [ -96.737561000161335, 40.886177177263662 ], [ -96.7375642032451, 40.886178289723425 ], [ -96.737567441929471, 40.886179411172144 ], [ -96.737570666370388, 40.886180524522992 ], [ -96.737573912169694, 40.886181640565873 ], [ -96.737577117618073, 40.886182741318642 ], [ -96.737580368160081, 40.886183852857137 ], [ -96.737583623446696, 40.886184962592644 ], [ -96.737586845501809, 40.886186057935419 ], [ -96.737590090103112, 40.886187157770586 ], [ -96.737593312153066, 40.886188245909707 ], [ -96.737596538947628, 40.886189332245884 ], [ -96.737599814397868, 40.886190432967929 ], [ -96.737603040001488, 40.886191513001378 ], [ -96.737606271536151, 40.886192591231328 ], [ -96.737609542231482, 40.886193679349113 ], [ -96.737612760707222, 40.886194746779296 ], [ -96.737616034958123, 40.886195829492777 ], [ -96.737619277163972, 40.886196897813001 ], [ -96.737622537169472, 40.886197969727242 ], [ -96.737625768689995, 40.886199028147118 ], [ -96.737629040556968, 40.88620009555391 ], [ -96.737632259019236, 40.886201144074491 ], [ -96.7376355332553, 40.886202206077471 ], [ -96.737638837156993, 40.886203273470194 ], [ -96.737642049679209, 40.886204311187868 ], [ -96.737645310854447, 40.886205359689711 ], [ -96.737648593388073, 40.886206410883567 ], [ -96.737651862865377, 40.886207454879489 ], [ -96.737655121659927, 40.886208492576905 ], [ -96.737658403000012, 40.886209533866243 ], [ -96.737661680777464, 40.886210570654875 ], [ -96.737664945497897, 40.886211599345131 ], [ -96.73766823039162, 40.886212632528775 ], [ -96.737671339642972, 40.886213603658042 ], [ -96.737674645882407, 40.886214622425413 ], [ -96.737677972295813, 40.886215646586614 ], [ -96.737681277348315, 40.886216664453848 ], [ -96.737684583588063, 40.886217683220927 ], [ -96.73768789101436, 40.88621870198741 ], [ -96.737691243536332, 40.886219734240854 ], [ -96.737694550962843, 40.886220753007137 ], [ -96.737697857203003, 40.886221771773833 ], [ -96.73770114326804, 40.886222783345652 ], [ -96.737707308613551, 40.886225035373926 ], [ -96.737710437054687, 40.886226281125708 ], [ -96.73771363195722, 40.88622755296133 ], [ -96.737716760398598, 40.886228798712949 ], [ -96.737719955301387, 40.886230070548372 ], [ -96.737723083743006, 40.886231316299835 ], [ -96.737726256097233, 40.886232580040925 ], [ -96.737729383351919, 40.886233824892244 ], [ -96.737732555705719, 40.88623508773275 ], [ -96.737735682961357, 40.886236333484341 ], [ -96.737738854128921, 40.886237596325174 ], [ -96.737742026483062, 40.88623885916541 ], [ -96.737746740622626, 40.886240887609091 ], [ -96.737749708986712, 40.886242258588844 ], [ -96.737752743815605, 40.886243660154577 ], [ -96.737755752534412, 40.886245050926306 ], [ -96.73775878736356, 40.886246452491854 ], [ -96.737761797269101, 40.886247843262922 ], [ -96.737764805987609, 40.886249233133981 ], [ -96.73776781470626, 40.886250623004948 ], [ -96.737770849536602, 40.88625202547064 ], [ -96.737773859441944, 40.886253415340931 ], [ -96.737776510901512, 40.88625462527925 ], [ -96.737779485156679, 40.886255939528468 ], [ -96.737782484328292, 40.886257254667278 ], [ -96.73778549536128, 40.886258565298775 ], [ -96.737788517068495, 40.88625987052297 ], [ -96.737791519778952, 40.886261157746659 ], [ -96.737794599626341, 40.886262467447786 ], [ -96.737797622498775, 40.886263743857427 ], [ -96.737800654858304, 40.88626501395985 ], [ -96.737803712134294, 40.886266284951873 ], [ -96.737806780081826, 40.886267546934931 ], [ -96.737809880070643, 40.886268817908373 ], [ -96.737812963435644, 40.886270070880258 ], [ -96.737816034924677, 40.886271308549858 ], [ -96.737819113527209, 40.886272539012836 ], [ -96.737822239595033, 40.886273778459589 ], [ -96.737825314622896, 40.886274988213998 ], [ -96.737828434742454, 40.886276206052763 ], [ -96.737831575029261, 40.886277420281004 ], [ -96.737834670211114, 40.886278608416148 ], [ -96.737837821165499, 40.886279808232679 ], [ -96.737840953123793, 40.886280990949146 ], [ -96.737844112371519, 40.886282174554168 ], [ -96.737847287039287, 40.886283352749857 ], [ -96.737850464073986, 40.886284522840548 ], [ -96.73785359006871, 40.886285663238944 ], [ -96.737856812186479, 40.886286829708254 ], [ -96.737859997508536, 40.886287975483448 ], [ -96.737863202997175, 40.886289116747662 ], [ -96.737866416785749, 40.886290250804763 ], [ -96.737869617512544, 40.886291370460519 ], [ -96.737872798057452, 40.886292473917067 ], [ -96.737876013011217, 40.886293579159556 ], [ -96.737879252880091, 40.886294683490775 ], [ -96.737882480874333, 40.886295774320544 ], [ -96.737885714794871, 40.886296857043767 ], [ -96.737888935653004, 40.886297924465211 ], [ -96.737892241950632, 40.886299010758705 ], [ -96.73789551501055, 40.886300074555663 ], [ -96.737898746530931, 40.88630112036185 ], [ -96.737902011270961, 40.886302164352699 ], [ -96.737905285497391, 40.886303201135902 ], [ -96.73790856446368, 40.886304229813085 ], [ -96.73791187902529, 40.886305260275655 ], [ -96.737915169845593, 40.886306274540608 ], [ -96.73791844641697, 40.886307273504293 ], [ -96.737921749089907, 40.886308271556153 ], [ -96.737925086170364, 40.886309269593056 ], [ -96.737928381708514, 40.886310246037432 ], [ -96.737931730642273, 40.886311228761656 ], [ -96.737935032096715, 40.886312183592928 ], [ -96.737938338296416, 40.886313137521611 ], [ -96.737941705008467, 40.88631409502576 ], [ -96.737945028992442, 40.886315031838357 ], [ -96.737948405184198, 40.886315973130422 ], [ -96.737951737460065, 40.886316891930591 ], [ -96.737955106517688, 40.886317812515614 ], [ -96.737958499301257, 40.886318728588101 ], [ -96.737961829182836, 40.8863196185752 ], [ -96.737965213645793, 40.886320513941151 ], [ -96.737968570807368, 40.886321392210633 ], [ -96.737971963560184, 40.886322266862855 ], [ -96.737975365804118, 40.88632314061045 ], [ -96.737978766852194, 40.886324001752413 ], [ -96.737982125172181, 40.886324842202832 ], [ -96.737985542820056, 40.886325688930498 ], [ -96.737988952152662, 40.886326522155173 ], [ -96.737992356732036, 40.886327345477049 ], [ -96.737995782664441, 40.886328164287406 ], [ -96.737999159936422, 40.886328962408818 ], [ -96.738002577547505, 40.88632975961221 ], [ -96.73800601170889, 40.886330476669897 ], [ -96.738009496803571, 40.886331081151368 ], [ -96.738012980711858, 40.886331685633287 ], [ -96.738016465807348, 40.88633229101498 ], [ -96.738019949715749, 40.886332895496651 ], [ -96.738023434811367, 40.886333500878173 ], [ -96.73802691871991, 40.886334105359644 ], [ -96.73803040262851, 40.886334709841002 ], [ -96.738033886537181, 40.886335314322267 ], [ -96.738037464195386, 40.886335943974892 ], [ -96.738040945837625, 40.886336689824795 ], [ -96.738044389507067, 40.886337427587137 ], [ -96.738047817750527, 40.886338162654781 ], [ -96.738051262606589, 40.886338900416391 ], [ -96.738054690850191, 40.886339635483822 ], [ -96.738058172492828, 40.88634038133317 ], [ -96.738061600735918, 40.886341115499974 ], [ -96.738065028979776, 40.886341850567099 ], [ -96.738068450101537, 40.886342581135047 ], [ -96.738071936476743, 40.886343308973288 ], [ -96.738075371824692, 40.886344024227512 ], [ -96.738078807169316, 40.886344734979467 ], [ -96.738082284043571, 40.886345450215494 ], [ -96.738085722942969, 40.886346154662668 ], [ -96.738089200999099, 40.88634686359493 ], [ -96.738092642266153, 40.886347560837429 ], [ -96.738096123877042, 40.886348263464917 ], [ -96.738099554459311, 40.886348951707504 ], [ -96.738103052677445, 40.886349649825434 ], [ -96.738106484441545, 40.886350331764291 ], [ -96.738109970787761, 40.886351019982378 ], [ -96.738113406106635, 40.886351695616483 ], [ -96.738116880581572, 40.886352374835205 ], [ -96.73812031826742, 40.886353042364149 ], [ -96.738123810536706, 40.886353717973208 ], [ -96.738127303991163, 40.886354391780792 ], [ -96.73813073099025, 40.886355047608454 ], [ -96.738134226811667, 40.886355713310913 ], [ -96.73813771076378, 40.886356372715383 ], [ -96.738141141315651, 40.886357019536888 ], [ -96.738144627636075, 40.886357672637075 ], [ -96.738148127006312, 40.886358323930644 ], [ -96.738151615695031, 40.88635897072659 ], [ -96.738155052169304, 40.886359604038638 ], [ -96.738158530173223, 40.886360241834673 ], [ -96.738162022413405, 40.886360877823563 ], [ -96.738165517024541, 40.886361511110046 ], [ -96.738169010446541, 40.886362140795192 ], [ -96.738172493185715, 40.886362764181854 ], [ -96.738175990162489, 40.886363387562206 ], [ -96.738179475269973, 40.886364004644605 ], [ -96.738182909350755, 40.886364610043444 ], [ -96.738186408692513, 40.886365222617265 ], [ -96.738189897352086, 40.88636582979305 ], [ -96.738193388382598, 40.886366434266407 ], [ -96.738196879410452, 40.886367035137916 ], [ -96.738200371622142, 40.886367632407079 ], [ -96.738203865017624, 40.886368226073898 ], [ -96.738207347730921, 40.886368814342674 ], [ -96.738210898079458, 40.88636941158623 ], [ -96.738214393840565, 40.886369995346932 ], [ -96.738217880105964, 40.886370573709073 ], [ -96.73822137942183, 40.886371151165015 ], [ -96.738224868055511, 40.886371723222894 ], [ -96.73822835668652, 40.886372291678938 ], [ -96.738231847688482, 40.886372857432534 ], [ -96.738235406323653, 40.886373429459638 ], [ -96.738238898506751, 40.886373988009069 ], [ -96.738242381194809, 40.886374542060366 ], [ -96.738245876931984, 40.88637509340456 ], [ -96.73824937266717, 40.88637564204739 ], [ -96.73825292417024, 40.886376196068412 ], [ -96.738256410407715, 40.886376736611254 ], [ -96.738259910880771, 40.886377274446502 ], [ -96.738263452883473, 40.886377816765723 ], [ -96.738266955724782, 40.886378348296709 ], [ -96.738270446698138, 40.88637887533055 ], [ -96.738273993438682, 40.886379406842217 ], [ -96.738277498645616, 40.886379928467072 ], [ -96.738280991984567, 40.886380445594824 ], [ -96.738284542277185, 40.886380967199862 ], [ -96.738288028490658, 40.886381475326182 ], [ -96.738291525381669, 40.886381982547341 ], [ -96.738295079225665, 40.886382493345309 ], [ -96.738298578484262, 40.886382993361764 ], [ -96.738302122831229, 40.886383496960171 ], [ -96.738305624457411, 40.886383989771943 ], [ -96.738309172357049, 40.886384484364271 ], [ -96.738312662113927, 40.886384970877941 ], [ -96.738316223062057, 40.886385461862652 ], [ -96.738319717558767, 40.886385940270166 ], [ -96.738323272568536, 40.88638642315334 ], [ -96.738326769433485, 40.886386895256599 ], [ -96.738330323251461, 40.886387370936625 ], [ -96.738333875880286, 40.886387843015335 ], [ -96.738337367990681, 40.886388303414691 ], [ -96.738340921800628, 40.88638876828923 ], [ -96.738344424585875, 40.886389224181556 ], [ -96.738347972457476, 40.886389680954572 ], [ -96.738351529820122, 40.886390136822897 ], [ -96.738355026664337, 40.886390581011888 ], [ -96.73835857690149, 40.886391027878787 ], [ -96.738362128322422, 40.886391471143327 ], [ -96.738365634651686, 40.886391906323546 ], [ -96.738369190814481, 40.886392344183207 ], [ -96.738372733921437, 40.886392775745435 ], [ -96.73837629126534, 40.886393206400896 ], [ -96.738379791650843, 40.886393626275925 ], [ -96.738383348989387, 40.886394049727734 ], [ -96.738386899205764, 40.886394468680358 ], [ -96.738390458911852, 40.886394884927448 ], [ -96.738393954540783, 40.886395290397203 ], [ -96.738397513055702, 40.886395700341559 ], [ -96.738401068008571, 40.886396106685652 ], [ -96.738404620584447, 40.886396507628071 ], [ -96.738408176718394, 40.886396906767956 ], [ -96.738411677080421, 40.886397295126898 ], [ -96.738415233208997, 40.886397687063116 ], [ -96.738418790521337, 40.886398075396983 ], [ -96.738422349017455, 40.88639846012849 ], [ -96.738425908698034, 40.88639884215808 ], [ -96.738429458882848, 40.886399218789116 ], [ -96.73843302093097, 40.886399593613966 ], [ -96.738436572297545, 40.886399963941244 ], [ -96.738440136713209, 40.886400331561404 ], [ -96.738443634679456, 40.886400689305738 ], [ -96.73844718959802, 40.886401049726366 ], [ -96.738450748073291, 40.886401406543612 ], [ -96.738454304172933, 40.886401759760055 ], [ -96.738457863829268, 40.886402109373101 ], [ -96.738461422297135, 40.886402456285268 ], [ -96.738464981948084, 40.88640279869464 ], [ -96.73846854278348, 40.886403138402095 ], [ -96.738472103616189, 40.886403474507709 ], [ -96.738475658513877, 40.886403807014077 ], [ -96.738479222901248, 40.886404136814882 ], [ -96.738482781352246, 40.886404461215598 ], [ -96.738486331495992, 40.886404782918511 ], [ -96.738489894688797, 40.886405101914342 ], [ -96.738493459065396, 40.88640541730782 ], [ -96.738497017506944, 40.886405729102009 ], [ -96.738500632899459, 40.886406041771686 ], [ -96.738504194895697, 40.886406347261079 ], [ -96.738507749769767, 40.886406648251359 ], [ -96.738511311759908, 40.886406945636679 ], [ -96.738514876120945, 40.886407240319535 ], [ -96.738518432173365, 40.886407530503774 ], [ -96.738521996529002, 40.886407817982978 ], [ -96.738525553763182, 40.886408101863445 ], [ -96.73852912167348, 40.886408383037839 ], [ -96.738532680088682, 40.886408659714107 ], [ -96.738536295455532, 40.886408938166241 ], [ -96.738539859797626, 40.886409207636227 ], [ -96.738543420578324, 40.886409474406399 ], [ -96.738546983729222, 40.886409737573665 ], [ -96.73855054687742, 40.886409997139111 ], [ -96.738554108837135, 40.886410254003664 ], [ -96.738557727746439, 40.88641050994277 ], [ -96.738561290886508, 40.886410758702674 ], [ -96.738564850465167, 40.88641100476277 ], [ -96.738568418346333, 40.886411247217389 ], [ -96.738571977919563, 40.886411486073776 ], [ -96.738575596815991, 40.8864117249041 ], [ -96.738579163503246, 40.886411957454143 ], [ -96.738582726628422, 40.886412186403895 ], [ -96.73858629212377, 40.886412411750783 ], [ -96.73858985761575, 40.886412632595395 ], [ -96.738593487177454, 40.886412854312283 ], [ -96.738597049105962, 40.886413069755676 ], [ -96.738600616963396, 40.88641328069415 ], [ -96.738604181258722, 40.886413488032375 ], [ -96.738607801318537, 40.886413696246471 ], [ -96.73861137035496, 40.886413897279368 ], [ -96.738614934642811, 40.886414094712492 ], [ -96.738618496554324, 40.886414287644413 ], [ -96.73862212134911, 40.886414481449066 ], [ -96.738625682069411, 40.886414668078253 ], [ -96.73862925583947, 40.886414852900728 ], [ -96.738632872320153, 40.886415035003097 ], [ -96.738636441338201, 40.886415211723545 ], [ -96.738640009167085, 40.886415384842699 ], [ -96.738643576993226, 40.886415554359992 ], [ -96.738647197023113, 40.886415722953849 ], [ -96.738650773149729, 40.886415886164279 ], [ -96.738654326729474, 40.886416043981875 ], [ -96.738657959803632, 40.886416203565346 ], [ -96.738661525243913, 40.886416355974951 ], [ -96.738665093055062, 40.886416505682078 ], [ -96.738668717814448, 40.88641665266281 ], [ -96.738672283247226, 40.8864167951673 ], [ -96.738675853423118, 40.886416934067903 ], [ -96.738679479362133, 40.886417072043457 ], [ -96.7386830495319, 40.886417202839915 ], [ -96.738686620886071, 40.886417330934471 ], [ -96.738690242071044, 40.886417458106592 ], [ -96.738693813419772, 40.886417578997481 ], [ -96.738697382393511, 40.886417697187944 ], [ -96.738701007129677, 40.88641781355301 ], [ -96.738704578470873, 40.886417924538783 ], [ -96.738708148622877, 40.886418031923249 ], [ -96.738711775723772, 40.886418137481741 ], [ -96.738715344684522, 40.886418238563479 ], [ -96.738718914829008, 40.886418336042858 ], [ -96.7387225442953, 40.886418431695205 ], [ -96.738726115620082, 40.886418521069956 ], [ -96.738729685757036, 40.88641860864427 ], [ -96.738733316400896, 40.886418692590141 ], [ -96.738736885345233, 40.88641877206085 ], [ -96.738740455473973, 40.886418848829635 ], [ -96.73874408848323, 40.886418922869353 ], [ -96.738747657420021, 40.886418992434997 ], [ -96.738990342263889, 40.886419972339844 ], [ -96.739361110480985, 40.886689570271827 ], [ -96.739812120638149, 40.886400400288906 ], [ -96.7398244838473, 40.886158654814565 ], [ -96.739327114569022, 40.886154578318909 ], [ -96.739355103916495, 40.884041411404255 ], [ -96.740007687450117, 40.884043788192251 ], [ -96.740008067359113, 40.884016803859225 ], [ -96.740405869845489, 40.884017106623489 ], [ -96.740434399262654, 40.883074500115789 ], [ -96.743837744329923, 40.883074138861673 ], [ -96.743946127542401, 40.883118379576537 ], [ -96.743931857193317, 40.884342502949927 ], [ -96.743927654084558, 40.884697074570816 ], [ -96.744111981635541, 40.884783925483269 ], [ -96.74412410653909, 40.884769322680164 ], [ -96.74450781772498, 40.884955567337556 ], [ -96.744378907676918, 40.885245226510939 ], [ -96.744923161095102, 40.885249349961377 ], [ -96.744922801363472, 40.885276790813734 ], [ -96.745139749917001, 40.885278434085279 ], [ -96.745139930331646, 40.885264714108764 ], [ -96.745633453670834, 40.885268449607217 ], [ -96.74563500292922, 40.88515045257985 ], [ -96.746860998923211, 40.885159725275315 ], [ -96.747067521343851, 40.885210184473515 ], [ -96.747093215542932, 40.885165470262073 ], [ -96.747115263306, 40.885118894016848 ], [ -96.747149142657079, 40.885059474241828 ], [ -96.747180283960745, 40.884991074947507 ], [ -96.747200676745805, 40.884932753392675 ], [ -96.747217418622398, 40.884866204654926 ], [ -96.74722811029352, 40.884804378184171 ], [ -96.747691557171066, 40.884964744211622 ], [ -96.748168708033887, 40.885129849210259 ], [ -96.748718704649633, 40.885320157559001 ], [ -96.748725914758239, 40.884623907952559 ], [ -96.748728433307861, 40.884380706131104 ], [ -96.74874646922548, 40.882638916054439 ], [ -96.748773587206585, 40.879994995686815 ], [ -96.748776860522639, 40.879673238580061 ], [ -96.748777818835137, 40.879615841762607 ], [ -96.749638841079232, 40.879687287554376 ], [ -96.750500897114463, 40.879748444311403 ], [ -96.751364397851958, 40.879796451109208 ], [ -96.752239272799883, 40.879831617542401 ], [ -96.753568418351591, 40.879859196091616 ], [ -96.755841574039209, 40.879866291718265 ], [ -96.756797371925245, 40.880101065042858 ], [ -96.756800808471681, 40.880101909401802 ], [ -96.756804247390917, 40.880102753759225 ], [ -96.756807685123874, 40.880103598117252 ], [ -96.756811124043281, 40.880104442474483 ], [ -96.756814564150048, 40.880105287731347 ], [ -96.75681799951056, 40.880106132090482 ], [ -96.756821437243872, 40.880106976448133 ], [ -96.75682487616362, 40.880107820804923 ], [ -96.756828313897103, 40.880108665162346 ], [ -96.756831751630671, 40.880109509519649 ], [ -96.756835189364324, 40.880110353876873 ], [ -96.756838625911726, 40.880111198234694 ], [ -96.756842064831901, 40.880112042590994 ], [ -96.756845501379473, 40.880112886948595 ], [ -96.756848940300756, 40.880113732205132 ], [ -96.756852375661225, 40.880114575662823 ], [ -96.756855814581755, 40.880115420018718 ], [ -96.756859251128745, 40.880116263475479 ], [ -96.756862687676744, 40.880117107832575 ], [ -96.756866125412117, 40.880117953089304 ], [ -96.756869560773012, 40.880118796546498 ], [ -96.75692243915195, 40.880131698807766 ], [ -96.756989079881549, 40.880142938725015 ], [ -96.756992608709197, 40.880143533603139 ], [ -96.756996137536902, 40.880144128481128 ], [ -96.756999665179265, 40.88014472426017 ], [ -96.757003194007098, 40.880145319137952 ], [ -96.757006725208626, 40.88014591491465 ], [ -96.757010252850236, 40.88014650979293 ], [ -96.757013782864618, 40.880147104669675 ], [ -96.757017310507294, 40.88014770044817 ], [ -96.757020839335439, 40.880148295325426 ], [ -96.757024369350006, 40.880148890201824 ], [ -96.757027898179217, 40.880149485979324 ], [ -96.757031428193898, 40.880150080855508 ], [ -96.757034957023237, 40.880150676632759 ], [ -96.757038485851709, 40.880151271509462 ], [ -96.757042015866588, 40.880151866385354 ], [ -96.757045544696126, 40.880152462162258 ], [ -96.757049074711119, 40.88015305703793 ], [ -96.757052603540785, 40.880153652814634 ], [ -96.757056134742257, 40.880154247689376 ], [ -96.7570596623857, 40.880154843466578 ], [ -96.7570631935873, 40.880155438341113 ], [ -96.757066721230856, 40.880156034118087 ], [ -96.757070252432584, 40.880156628992403 ], [ -96.757073781262619, 40.880157224768446 ], [ -96.757077312464489, 40.880157819642562 ], [ -96.757080840108301, 40.880158415419118 ], [ -96.757084371310285, 40.880159010292978 ], [ -96.757087900140561, 40.880159606068595 ], [ -96.757091431342687, 40.880160200942264 ], [ -96.757094958986741, 40.880160796718378 ], [ -96.757098490188994, 40.880161391591827 ], [ -96.757102019019513, 40.880161987367018 ], [ -96.757105550221894, 40.880162582240239 ], [ -96.757109079052555, 40.880163178015202 ], [ -96.757112610255035, 40.880163772888231 ], [ -96.757116139085824, 40.880164368662975 ], [ -96.757119669102096, 40.880164963536508 ], [ -96.757123197933012, 40.880165559311024 ], [ -96.757126729135763, 40.880166154183605 ], [ -96.757130259153158, 40.880166749957219 ], [ -96.757133787984259, 40.880167345731437 ], [ -96.757137319187194, 40.880167940603691 ], [ -96.757140848018437, 40.880168536377695 ], [ -96.757144379221486, 40.880169131249751 ], [ -96.757147908052858, 40.880169727023528 ], [ -96.757151439256035, 40.880170321895335 ], [ -96.757154968087534, 40.880170917668906 ], [ -96.757158498104474, 40.880171512541231 ], [ -96.757162026936101, 40.880172108314582 ], [ -96.757165558139548, 40.880172703185991 ], [ -96.757169086971274, 40.880173298959122 ], [ -96.757172618174849, 40.880173893830282 ], [ -96.757176148193054, 40.880174489602489 ], [ -96.757179677024979, 40.880175085375321 ], [ -96.757183208229662, 40.880175681146596 ], [ -96.757186735874441, 40.880176276019448 ], [ -96.7571902670783, 40.880176870890089 ], [ -96.757193795910496, 40.880177466662488 ], [ -96.757197327115435, 40.880178062433316 ], [ -96.757200854760455, 40.880178657305777 ], [ -96.757204385964599, 40.880179252175971 ], [ -96.757207914797021, 40.880179847947907 ], [ -96.757211446002231, 40.880180443718331 ], [ -96.757214973647493, 40.880181038590337 ], [ -96.757218503665527, 40.880181633460815 ], [ -96.757222033683618, 40.880182228331179 ], [ -96.757225562516368, 40.880182824102583 ], [ -96.757229093721875, 40.880183419872488 ], [ -96.75723262136745, 40.880184014743939 ], [ -96.7572361525731, 40.880184610513609 ], [ -96.757239680218802, 40.880185205384834 ], [ -96.757243211424566, 40.880185801154305 ], [ -96.757246739070396, 40.88018639602533 ], [ -96.757250267902663, 40.880186990895552 ], [ -96.757253799108625, 40.88018758666469 ], [ -96.75725732675464, 40.880188181535374 ], [ -96.757260856774366, 40.880188777304973 ], [ -96.757264384420537, 40.880189372175487 ], [ -96.757267913253088, 40.880189967045169 ], [ -96.757271444459363, 40.880190562813752 ], [ -96.757274972105705, 40.88019115768391 ], [ -96.757278500938455, 40.880191752553273 ], [ -96.757282030958564, 40.880192348322232 ], [ -96.757285558605091, 40.880192943192078 ], [ -96.757289087438039, 40.880193538061114 ], [ -96.757292616271982, 40.880194133830464 ], [ -96.757296143918708, 40.88019472869999 ], [ -96.757299672751827, 40.880195323568685 ], [ -96.757303201585046, 40.880195918437295 ], [ -96.757306730419216, 40.880196514206197 ], [ -96.757310258066198, 40.880197109075297 ], [ -96.757313785713237, 40.88019770394429 ], [ -96.757317314546682, 40.880198298812452 ], [ -96.757320842193849, 40.880198893681218 ], [ -96.757324372214711, 40.880199489448898 ], [ -96.757327898675655, 40.88020008431814 ], [ -96.757331426322992, 40.880200679186601 ], [ -96.7573349539704, 40.88020127405494 ], [ -96.757338481617865, 40.880201868923159 ], [ -96.757342009265429, 40.880202463791285 ], [ -96.757345536913022, 40.880203058659305 ], [ -96.757349065747022, 40.880203653526486 ], [ -96.757352593395694, 40.880204249294721 ], [ -96.757407344852979, 40.880213420614311 ], [ -96.757474968054083, 40.880218989632816 ], [ -96.757478558268062, 40.880219285515324 ], [ -96.757482147295747, 40.880219581398421 ], [ -96.757485738695237, 40.88021987637957 ], [ -96.757489328909344, 40.880220172261737 ], [ -96.757492920309815, 40.880220468143072 ], [ -96.757496510523978, 40.880220764025026 ], [ -96.757500101924521, 40.880221059906148 ], [ -96.757503690952404, 40.880221355788564 ], [ -96.757507283538416, 40.880221650768306 ], [ -96.757510874939072, 40.880221946649101 ], [ -96.757514466339742, 40.880222242529761 ], [ -96.757518057740455, 40.880222538410344 ], [ -96.757521649141196, 40.880222834290791 ], [ -96.757525240541966, 40.88022313017111 ], [ -96.757528831942764, 40.880223426051337 ], [ -96.757532424529956, 40.88022372193074 ], [ -96.75753601593081, 40.88022401781074 ], [ -96.757539607331708, 40.88022431369064 ], [ -96.757543199918061, 40.880224608669231 ], [ -96.757546792505366, 40.880224904548193 ], [ -96.757550385092713, 40.880225200427034 ], [ -96.757553976493739, 40.880225496306487 ], [ -96.757557569081129, 40.88022579218508 ], [ -96.75756116166859, 40.880226088063608 ], [ -96.757564754256052, 40.880226383941974 ], [ -96.75756834684357, 40.880226679820268 ], [ -96.757571939431102, 40.88022697569842 ], [ -96.757575533205014, 40.880227271575777 ], [ -96.757579125792603, 40.880227567453701 ], [ -96.757582718380249, 40.880227863331548 ], [ -96.757586313341562, 40.880228160108267 ], [ -96.7575899047429, 40.880228455986568 ], [ -96.757593497330632, 40.880228751864088 ], [ -96.757597091104742, 40.880229047740734 ], [ -96.757600684878895, 40.88022934361728 ], [ -96.757604277466726, 40.880229639494445 ], [ -96.757607871240921, 40.880229935370771 ], [ -96.757611465015145, 40.880230231246998 ], [ -96.757615058789426, 40.880230527123103 ], [ -96.757618652563735, 40.880230822999117 ], [ -96.757622246338059, 40.880231118874988 ], [ -96.757625840112439, 40.880231414750774 ], [ -96.757629435074122, 40.880231711526129 ], [ -96.757633026475858, 40.880232007403102 ], [ -96.757636621436674, 40.880232303277829 ], [ -96.757640214024804, 40.880232599153857 ], [ -96.757643808985705, 40.880232895028378 ], [ -96.757647403946592, 40.880233190902743 ], [ -96.757650997721186, 40.88023348677774 ], [ -96.75765459268311, 40.88023378355232 ], [ -96.75765818527141, 40.880234079427808 ], [ -96.757661779046089, 40.880234375302457 ], [ -96.757665374007161, 40.880234671176289 ], [ -96.75766896778191, 40.880234967050697 ], [ -96.757672562743053, 40.880235262924316 ], [ -96.75767615651786, 40.880235558798496 ], [ -96.757679753852713, 40.880235855570881 ], [ -96.757683345254875, 40.880236151446312 ], [ -96.757686940216146, 40.880236447319433 ], [ -96.757690536363782, 40.880236743191773 ], [ -96.757694128952409, 40.880237039066117 ], [ -96.757697726287418, 40.880237335837926 ], [ -96.757701318876087, 40.880237631712063 ], [ -96.757704913837514, 40.880237927584645 ], [ -96.757708507612634, 40.880238223457845 ], [ -96.757712102574089, 40.880238519330213 ], [ -96.757715699909269, 40.880238816101475 ], [ -96.757719292498109, 40.880239111975051 ], [ -96.757722888646043, 40.880239407846354 ], [ -96.75772648123494, 40.880239703719724 ], [ -96.757730076196594, 40.880239999591502 ], [ -96.757733673531916, 40.880240296362196 ], [ -96.757737266120927, 40.880240592235232 ], [ -96.757740861082652, 40.880240888106677 ], [ -96.757744456044421, 40.880241183978043 ], [ -96.757748051006217, 40.880241479849289 ], [ -96.757751648341724, 40.880241776619421 ], [ -96.757755240930877, 40.880242072491889 ], [ -96.757758835892773, 40.880242368362779 ], [ -96.757762430854712, 40.880242664233599 ], [ -96.757766025816665, 40.880242960104269 ], [ -96.757769623152313, 40.880243256873833 ], [ -96.757773216927987, 40.880243552745021 ], [ -96.757776810703703, 40.880243848616075 ], [ -96.757780405665784, 40.880244144486355 ], [ -96.757784000627908, 40.880244440356442 ], [ -96.757787596777362, 40.880244737126169 ], [ -96.757791189366841, 40.880245032997514 ], [ -96.75779478432905, 40.880245328867282 ], [ -96.757798379291302, 40.880245624736951 ], [ -96.757801976627249, 40.880245921505526 ], [ -96.757805570403193, 40.880246217375692 ], [ -96.757862203498547, 40.880250856362167 ], [ -96.757931698703928, 40.880252909589615 ], [ -96.75793531007632, 40.88025301545369 ], [ -96.757938920263314, 40.880253122218825 ], [ -96.757942530450336, 40.880253228983833 ], [ -96.757946141823709, 40.88025333574803 ], [ -96.757949752010745, 40.880253442512796 ], [ -96.757953362197796, 40.880253549277477 ], [ -96.757956973571197, 40.880253656041312 ], [ -96.757960583758276, 40.880253762805779 ], [ -96.757964195130754, 40.880253868668959 ], [ -96.757967806504197, 40.880253975432446 ], [ -96.757971417877656, 40.880254082195833 ], [ -96.757975029251128, 40.880254188959135 ], [ -96.7579786406246, 40.880254295722295 ], [ -96.757982251998101, 40.880254402485335 ], [ -96.757985863371587, 40.880254509248267 ], [ -96.757989474745102, 40.880254616011101 ], [ -96.757993086118631, 40.880254722773785 ], [ -96.757996696305824, 40.880254829537115 ], [ -96.758000310051102, 40.880254935397737 ], [ -96.758003921424688, 40.880255042160101 ], [ -96.758007532798246, 40.880255148922359 ], [ -96.758011145358182, 40.880255255683764 ], [ -96.75801590871761, 40.880255396863966 ], [ -96.759012287573356, 40.880287040823369 ], [ -96.758857595966091, 40.879117560555365 ], [ -96.76144826817027, 40.879109774137632 ], [ -96.764850319365323, 40.879088677155949 ], [ -96.76744168410427, 40.879049458403387 ], [ -96.770429371646799, 40.879045475190175 ], [ -96.772890173251696, 40.879047181602928 ], [ -96.777416211514392, 40.87905018309494 ], [ -96.777446647215399, 40.8770397871684 ], [ -96.779705179223185, 40.877659427245852 ], [ -96.779735733786509, 40.87761215632225 ], [ -96.78219824214213, 40.878290721157846 ], [ -96.782263907085323, 40.871792669852567 ], [ -96.786821123390709, 40.871797419105143 ], [ -96.78682168185135, 40.871666342404481 ], [ -96.79590839483977, 40.871693625267199 ], [ -96.795983376709813, 40.8616502816148 ], [ -96.795995513611373, 40.86002422695293 ], [ -96.796022160241378, 40.85645443187591 ], [ -96.796959642985001, 40.856455848549437 ], [ -96.797719977367876, 40.855265463997654 ], [ -96.797320861083676, 40.855050242127767 ], [ -96.797092195521529, 40.854965880455531 ], [ -96.796975314449284, 40.854963158999801 ], [ -96.796992554574331, 40.852678637523006 ], [ -96.797140918372151, 40.852295825885079 ], [ -96.797267549076011, 40.852293891689499 ], [ -96.797453318727108, 40.852189809703816 ], [ -96.797538529017743, 40.852055596117644 ], [ -96.797779360999073, 40.85163146479416 ], [ -96.797377588983139, 40.851497923283254 ], [ -96.796986241757338, 40.851427891886026 ], [ -96.796992964036207, 40.850464053613194 ], [ -96.79692344402514, 40.85029886642976 ], [ -96.79692478965849, 40.850024115521727 ], [ -96.796073853412835, 40.850018620484974 ], [ -96.796119536883552, 40.844185632256711 ], [ -96.796968699894293, 40.844189981501486 ], [ -96.797212167351915, 40.842854946488117 ], [ -96.797332754836361, 40.842855428416179 ], [ -96.797344724217638, 40.841340224219969 ], [ -96.7974079349287, 40.841337842988935 ], [ -96.802612026214504, 40.841364342307863 ], [ -96.804116689063562, 40.841371768024615 ], [ -96.80224653778582, 40.838592280228283 ], [ -96.801240478129017, 40.837125495756155 ], [ -96.800128914180419, 40.835500526233943 ], [ -96.800140683690856, 40.834002855197582 ], [ -96.800081545573761, 40.83398713242353 ], [ -96.800085622940699, 40.833468266905463 ], [ -96.800108550256539, 40.833465781935352 ], [ -96.800120765674535, 40.831889931894352 ], [ -96.799701199250876, 40.831885835576621 ], [ -96.796434186094558, 40.831869819209267 ], [ -96.796448772572248, 40.830373249771633 ], [ -96.796449873485429, 40.830245620264748 ], [ -96.79646586679533, 40.828391872939719 ], [ -96.796465525898228, 40.828243693976866 ], [ -96.796468698824839, 40.82808182410318 ], [ -96.795301697487787, 40.828079964966186 ], [ -96.794726869899876, 40.828070101381826 ], [ -96.794273233207676, 40.828067044212737 ], [ -96.794034437954508, 40.827609077934753 ], [ -96.794056627215198, 40.825140855880363 ], [ -96.794093897029853, 40.821235389095143 ], [ -96.794242022875153, 40.821187017975404 ], [ -96.794400649503189, 40.821146335767565 ], [ -96.79459206204325, 40.821111295857975 ], [ -96.794768905794285, 40.821091736002266 ], [ -96.794973553943578, 40.82108384235481 ], [ -96.796196082038989, 40.821083274753761 ], [ -96.796196892666529, 40.820992706616359 ], [ -96.79618986254772, 40.820902129618425 ], [ -96.794973401748351, 40.820902696032419 ], [ -96.79472034538405, 40.82091348074087 ], [ -96.794532065639501, 40.820935557908179 ], [ -96.794309327115712, 40.820977869729809 ], [ -96.794084554638658, 40.821039723486933 ], [ -96.793913704837578, 40.821101008689205 ], [ -96.793741961409367, 40.821176736648951 ], [ -96.793477635073458, 40.821326718406958 ], [ -96.793272894942277, 40.821479512239279 ], [ -96.793151531264513, 40.82159126867451 ], [ -96.793057610012511, 40.821692844822095 ], [ -96.792997259939597, 40.821760508525728 ], [ -96.79292034739818, 40.821835710445512 ], [ -96.792795574282493, 40.82174752373006 ], [ -96.792633112973121, 40.821880175658031 ], [ -96.792757886122956, 40.821968362547089 ], [ -96.792628862836239, 40.822053252581455 ], [ -96.792492246286159, 40.822131475267476 ], [ -96.792285129651944, 40.822225244602535 ], [ -96.792046706430227, 40.822305035410473 ], [ -96.791771790709561, 40.822365414390418 ], [ -96.791526804513495, 40.822393398588666 ], [ -96.79130490651832, 40.822408835558505 ], [ -96.790791231078671, 40.822444570719291 ], [ -96.790730948961567, 40.822444477609523 ], [ -96.790679540233413, 40.822437502601588 ], [ -96.790636391283954, 40.822426196304683 ], [ -96.790599903361766, 40.822412256581757 ], [ -96.790568339699291, 40.822396277473118 ], [ -96.790542859912833, 40.822380040827916 ], [ -96.790530716119918, 40.82237145869631 ], [ -96.790500977400939, 40.822346688733631 ], [ -96.790478262902354, 40.822320369170065 ], [ -96.790460018630739, 40.822291975518112 ], [ -96.790433980703355, 40.8222295376628 ], [ -96.790415638045388, 40.82217798201976 ], [ -96.79040476544796, 40.822141182494526 ], [ -96.790392616698625, 40.822096174769626 ], [ -96.790388406630584, 40.822067755149504 ], [ -96.790379847723344, 40.822017021028778 ], [ -96.790376788631903, 40.821957765648285 ], [ -96.790376263203626, 40.821901242662811 ], [ -96.790374956602236, 40.821865510677299 ], [ -96.790375167187449, 40.821333036730145 ], [ -96.790375301375093, 40.820994584695597 ], [ -96.790138121515099, 40.820994901043484 ], [ -96.790136741554505, 40.821322529964796 ], [ -96.790136528026423, 40.821865151898173 ], [ -96.790138822506037, 40.821913671091032 ], [ -96.790141259368923, 40.821967694559945 ], [ -96.790149379657947, 40.822025475046281 ], [ -96.79015855349229, 40.822079250333204 ], [ -96.790159508761164, 40.822097738264816 ], [ -96.790159950650576, 40.82211845524477 ], [ -96.790154361842738, 40.822143166519886 ], [ -96.790142730703423, 40.822168927653955 ], [ -96.790125598111658, 40.822192894570648 ], [ -96.790103237062453, 40.822214539367053 ], [ -96.790072926626365, 40.822235005306148 ], [ -96.790030356846799, 40.822253434468109 ], [ -96.789991625972448, 40.822262362359986 ], [ -96.789774916112094, 40.822294809257748 ], [ -96.789589631382185, 40.822315670924006 ], [ -96.789434731938869, 40.822321542051753 ], [ -96.789387208116565, 40.822318710490073 ], [ -96.789240661315461, 40.822304112376187 ], [ -96.789143767444557, 40.822294847121952 ], [ -96.78905038226705, 40.822291911523891 ], [ -96.787993729221625, 40.822291628643924 ], [ -96.787994401268989, 40.822271866960641 ], [ -96.787942702040581, 40.822271658706939 ], [ -96.787589451842891, 40.822274860716995 ], [ -96.787205127432713, 40.82227419934452 ], [ -96.787205851359445, 40.822960910906794 ], [ -96.787115885018437, 40.823594520193971 ], [ -96.787228570389658, 40.82413291639957 ], [ -96.787244793619891, 40.825474649662915 ], [ -96.787227898327814, 40.828078958466811 ], [ -96.784181974956297, 40.828089273984148 ], [ -96.784124148551967, 40.827886208734888 ], [ -96.783907505847196, 40.82788696610907 ], [ -96.783858934569807, 40.828023780765285 ], [ -96.78369797538457, 40.828091324938093 ], [ -96.782764784150729, 40.828094046026557 ], [ -96.782763797131437, 40.828149345629299 ], [ -96.780649534014856, 40.828159459355774 ], [ -96.780649423072703, 40.828176002349693 ], [ -96.779547630156458, 40.828179800581545 ], [ -96.77954733120967, 40.828163253411468 ], [ -96.777998573771526, 40.828166046074784 ], [ -96.777763976027657, 40.828224272064055 ], [ -96.777765016523787, 40.828331358019327 ], [ -96.777854204192451, 40.828333718926139 ], [ -96.77785412665088, 40.828369385459865 ], [ -96.777840218738703, 40.834722113019907 ], [ -96.777838470005946, 40.835545490290819 ], [ -96.777828646319989, 40.840455385407971 ], [ -96.770684973593177, 40.840501335701717 ], [ -96.76830688028852, 40.838709694860469 ], [ -96.768383787851477, 40.821125489728601 ], [ -96.76123869261167, 40.821133264088935 ], [ -96.761258430745116, 40.816058709385622 ], [ -96.761235024419932, 40.816057974164394 ], [ -96.759816374516674, 40.81626882064208 ], [ -96.758902539110679, 40.816463379546555 ], [ -96.757973032122862, 40.816749378893647 ], [ -96.757078993429019, 40.817107484013206 ], [ -96.756409998652927, 40.817422874338114 ], [ -96.756147986994478, 40.816693461555332 ], [ -96.7559197296234, 40.816058005684447 ], [ -96.755463226786901, 40.814787092367773 ], [ -96.755110440415208, 40.813785257495056 ], [ -96.754926399963992, 40.81321837752423 ], [ -96.754744696571819, 40.81266369506335 ], [ -96.754533467328471, 40.812137556235967 ], [ -96.754227678333706, 40.811501311843564 ], [ -96.753662803625943, 40.810516061623801 ], [ -96.753038539937492, 40.80958492980885 ], [ -96.751951895772748, 40.807948797311212 ], [ -96.750640673333606, 40.805981117140988 ], [ -96.750183255165041, 40.805327908865337 ], [ -96.749553443920789, 40.804788821254469 ], [ -96.749418442450619, 40.804663478259052 ], [ -96.74932775702537, 40.804579280822118 ], [ -96.749231841665292, 40.804512342212746 ], [ -96.749058785652821, 40.804391567107672 ], [ -96.748916244506589, 40.80429208738132 ], [ -96.748801148038027, 40.80421176080479 ], [ -96.74869668328715, 40.804138854495314 ], [ -96.748541582708697, 40.804055523179535 ], [ -96.748368742817988, 40.803962661613042 ], [ -96.748160115872182, 40.803850570519458 ], [ -96.747996589138864, 40.803781903001799 ], [ -96.747830741658376, 40.803712261271734 ], [ -96.747700042651317, 40.803657379244001 ], [ -96.747507131053595, 40.803585508925472 ], [ -96.747239830078755, 40.803504408181759 ], [ -96.747008170628504, 40.803434120067784 ], [ -96.746818835206085, 40.803376673700306 ], [ -96.746560446977256, 40.803298274478742 ], [ -96.746384475357075, 40.803244881628046 ], [ -96.746206278035814, 40.803190813395808 ], [ -96.745936754246799, 40.803109033612721 ], [ -96.745631590678414, 40.803016438632248 ], [ -96.745313063870228, 40.802919788467037 ], [ -96.745079183707276, 40.802848822240463 ], [ -96.744800751751796, 40.802764335661301 ], [ -96.744642777833306, 40.802716400601057 ], [ -96.744551101306911, 40.802688488499847 ], [ -96.74454391257629, 40.802693262578281 ], [ -96.743895229299625, 40.803176695993479 ], [ -96.743243687945395, 40.803578643110633 ], [ -96.742627233161016, 40.803806528308748 ], [ -96.741904988545869, 40.803940744905084 ], [ -96.741147385439731, 40.803927708165411 ], [ -96.740054971231686, 40.803834490917197 ], [ -96.739508760101131, 40.803781185407367 ], [ -96.738733540823034, 40.803768140672247 ], [ -96.737623663574979, 40.80387572443567 ], [ -96.737024736438116, 40.804009858344067 ], [ -96.734918913853036, 40.804554608823203 ], [ -96.734162746182193, 40.804733486103039 ], [ -96.732642980347123, 40.805039714199893 ], [ -96.730769353966977, 40.805335010745324 ], [ -96.729444844791871, 40.805482786423546 ], [ -96.72653743603334, 40.805925674282541 ], [ -96.72421146108077, 40.806245562201561 ], [ -96.723601744524871, 40.806335427836345 ], [ -96.723744670093026, 40.805728365085422 ], [ -96.723830208532064, 40.805321794051274 ], [ -96.723995072827336, 40.804717275940646 ], [ -96.724188580744936, 40.804275350933004 ], [ -96.724423877959495, 40.803919454435139 ], [ -96.724619102088312, 40.803537232120242 ], [ -96.724829737071147, 40.803099293093162 ], [ -96.724940369190605, 40.802838343866583 ], [ -96.724993710714358, 40.8026928211494 ], [ -96.72500688915585, 40.802353759649314 ], [ -96.724973411714942, 40.802080401456195 ], [ -96.724839723836268, 40.801583520738795 ], [ -96.724668260723234, 40.801121043432509 ], [ -96.724496210957042, 40.800630174969172 ], [ -96.724234819536434, 40.800089930400809 ], [ -96.724044708283031, 40.799748735330084 ], [ -96.723950200008289, 40.799585432910987 ], [ -96.723732020394849, 40.799198613228839 ], [ -96.720582854928438, 40.799258914824364 ], [ -96.707059889744897, 40.799236792189994 ], [ -96.701426342931669, 40.799192625942325 ], [ -96.701246609758982, 40.799191821820642 ], [ -96.701211364246504, 40.804747207639451 ], [ -96.690671498718743, 40.804708098587824 ], [ -96.690679201851992, 40.80360951938988 ], [ -96.690637269408455, 40.802496922969667 ], [ -96.69175983981556, 40.802498728400344 ], [ -96.691765535999323, 40.801456674239553 ], [ -96.691771579043561, 40.800263244153626 ], [ -96.691772908125131, 40.800001045123508 ], [ -96.691759931879247, 40.798975367520029 ], [ -96.689297476020016, 40.798967858353478 ], [ -96.682422403068998, 40.798946542744417 ], [ -96.682402413237, 40.802499728111599 ], [ -96.682448642089213, 40.802545783644248 ], [ -96.682401947631689, 40.802582488920343 ], [ -96.682381548922592, 40.806207667979599 ], [ -96.682356970045973, 40.809838119345763 ], [ -96.682335093154279, 40.81352208821653 ], [ -96.682321408711303, 40.815758281203628 ], [ -96.683729562586478, 40.815764297224703 ], [ -96.685173761150239, 40.815770449140729 ], [ -96.686766645074869, 40.815777213245951 ], [ -96.688063181910607, 40.815782702343547 ], [ -96.689507599350748, 40.815788800913538 ], [ -96.690952492321799, 40.815794883190016 ], [ -96.692411820205749, 40.815801528514349 ], [ -96.693853900968278, 40.815804655325628 ], [ -96.693849253972985, 40.8168831370634 ], [ -96.693832773419118, 40.820803906200304 ], [ -96.69075406014845, 40.820786008633142 ], [ -96.690011294483782, 40.82078169248625 ], [ -96.689993844314543, 40.824436708319375 ], [ -96.693561045404181, 40.824481578421462 ], [ -96.694132405313894, 40.824481549742266 ], [ -96.694152441613241, 40.828133388714249 ], [ -96.694172227072471, 40.829031413044511 ], [ -96.689476457986345, 40.832556983517534 ], [ -96.682162207441934, 40.836405040109902 ], [ -96.682162185862012, 40.836407745931126 ], [ -96.682161381510554, 40.836842112744399 ], [ -96.682108423070829, 40.847571000714332 ], [ -96.682085327567776, 40.850057540406709 ], [ -96.68205391548851, 40.857046951402992 ], [ -96.68205368052223, 40.857180015238782 ], [ -96.682003827867661, 40.860689673726903 ], [ -96.681972985344331, 40.865660023038231 ], [ -96.681917305612771, 40.874648657714559 ], [ -96.681896707571553, 40.876235123041489 ], [ -96.681892666565304, 40.876547827267608 ], [ -96.681863303899618, 40.878810345132713 ], [ -96.68186314495702, 40.881114160231853 ], [ -96.681863022035714, 40.882433033343929 ], [ -96.681870689655881, 40.882611856110444 ], [ -96.681882981257203, 40.882899774651634 ], [ -96.68197285110584, 40.885025413529235 ], [ -96.682011605667782, 40.885721795552541 ], [ -96.682030165913815, 40.886055470616576 ], [ -96.682054148005122, 40.886486383613821 ], [ -96.678656294886096, 40.888644847993703 ], [ -96.678636759705583, 40.888657317381238 ], [ -96.679593674207538, 40.889447621300476 ], [ -96.680089045533947, 40.88972467889716 ], [ -96.680262205599021, 40.88974431923787 ], [ -96.680443816497615, 40.889730205394152 ], [ -96.680627758284331, 40.889710420495774 ], [ -96.680793324827718, 40.889761660199767 ], [ -96.681030837340288, 40.88983909492601 ], [ -96.681205748413106, 40.889844264019558 ], [ -96.681416230074362, 40.89011340454168 ], [ -96.681590840949212, 40.890382375181844 ], [ -96.68162815473697, 40.890655859042397 ], [ -96.68161488389994, 40.890931004961992 ], [ -96.681523684542071, 40.891236186673943 ], [ -96.681451034546214, 40.891485822648299 ], [ -96.681495574547981, 40.891759070999782 ], [ -96.681561797074778, 40.892031618207469 ], [ -96.68166679678329, 40.892222420963812 ], [ -96.681820282789104, 40.892223381119592 ], [ -96.681813886786045, 40.893161994780463 ], [ -96.682200857859613, 40.893164751483539 ], [ -96.682206836332526, 40.893442487066146 ], [ -96.687787556606153, 40.893478720728105 ], [ -96.687788132290265, 40.893432065792325 ], [ -96.688330637395154, 40.893435916017722 ], [ -96.68833006209212, 40.893482570956181 ], [ -96.691400282391797, 40.893504318619193 ], [ -96.691424652406283, 40.888658535180369 ], [ -96.691417958511323, 40.888665666795994 ], [ -96.691417929787548, 40.888098211013819 ], [ -96.691427522073369, 40.888087993532544 ], [ -96.691424652406283, 40.888658535180369 ], [ -96.6918766697042, 40.888176988124201 ] ], [ [ -96.738957122109142, 40.881355887717028 ], [ -96.738901194657672, 40.886011946612996 ], [ -96.738745771226277, 40.886030641365352 ], [ -96.738742200107126, 40.886030794207365 ], [ -96.738738709664275, 40.886030943412102 ], [ -96.738735183629757, 40.886031095333685 ], [ -96.738731671831331, 40.886031245448017 ], [ -96.738728200371042, 40.88603139374365 ], [ -96.738724633997634, 40.886031546583048 ], [ -96.738721164910928, 40.886031695777859 ], [ -96.738717597350345, 40.886031847717142 ], [ -96.738714129450059, 40.886031996911207 ], [ -96.738710561889434, 40.886032148850269 ], [ -96.73870709398912, 40.886032298044142 ], [ -96.738703529988527, 40.886032450881842 ], [ -96.738700062087474, 40.886032599175074 ], [ -96.738696519442399, 40.886032751102753 ], [ -96.738693007643803, 40.886032901215913 ], [ -96.738689540929855, 40.886033050408734 ], [ -96.738685999470476, 40.88603320143514 ], [ -96.738682492417652, 40.886033351545898 ], [ -96.738678971128024, 40.886033502563215 ], [ -96.738675484244254, 40.886033651764464 ], [ -96.738671940412601, 40.886033803691923 ], [ -96.738668438105535, 40.886033953800165 ], [ -96.738664970205022, 40.886034102992774 ], [ -96.738661428745544, 40.886034254018405 ], [ -96.738657944234603, 40.886034403218105 ], [ -96.738654406335158, 40.886034555142395 ], [ -96.738650921824188, 40.886034704341867 ], [ -96.738647377992422, 40.886034856268552 ], [ -96.738643895853627, 40.886035004566345 ], [ -96.738640411343297, 40.886035154665933 ], [ -96.738636875815999, 40.886035305688225 ], [ -96.738633392491408, 40.886035454886652 ], [ -96.738629909166775, 40.886035604084952 ], [ -96.738626373640116, 40.886035756007352 ], [ -96.738622890315469, 40.886035905205468 ], [ -96.738619353601635, 40.886036056227745 ], [ -96.738615875022788, 40.886036205423572 ], [ -96.738612391698098, 40.886036354621346 ], [ -96.738608854984875, 40.886036506543725 ], [ -96.738605376405985, 40.886036655739211 ], [ -96.738603459153495, 40.886036737618369 ], [ -96.738603284734083, 40.886036724188337 ], [ -96.738599793969286, 40.886036451086284 ], [ -96.738596243878263, 40.88603617350801 ], [ -96.738592754299972, 40.886035900405226 ], [ -96.73858925878875, 40.886035626404507 ], [ -96.738585763278238, 40.886035353304131 ], [ -96.738582212000878, 40.886035075725893 ], [ -96.738578716489741, 40.886034801724882 ], [ -96.738575220979328, 40.886034528624165 ], [ -96.73857172665538, 40.886034255522851 ], [ -96.738568175378134, 40.886033977944173 ], [ -96.738565054810039, 40.88603373349283 ], [ -96.738561620982466, 40.886033443256458 ], [ -96.738558178847683, 40.886033150322355 ], [ -96.738554724843567, 40.886032851090327 ], [ -96.738551286262734, 40.886032550951001 ], [ -96.738547863103818, 40.886032248103547 ], [ -96.738544439942871, 40.886031942554666 ], [ -96.738541020338616, 40.886031633402403 ], [ -96.738537527166528, 40.886031314377497 ], [ -96.738534125355059, 40.886030999814658 ], [ -96.738530710489172, 40.886030680755269 ], [ -96.738527264770681, 40.886030355406241 ], [ -96.738523849900091, 40.886030030043649 ], [ -96.738520427907346, 40.886029700181894 ], [ -96.738517011844891, 40.886029367616104 ], [ -96.738513592220357, 40.886029031450093 ], [ -96.738510114451969, 40.886028685404632 ], [ -96.738506696008486, 40.886028342034429 ], [ -96.738503258577637, 40.886027993269828 ], [ -96.7384998413159, 40.886027643595888 ], [ -96.738496433543801, 40.886027291216401 ], [ -96.738492999664913, 40.886026932545185 ], [ -96.73848958358154, 40.886026572065227 ], [ -96.738486161563188, 40.886026207986021 ], [ -96.738482746660893, 40.886025840301897 ], [ -96.738479308026044, 40.886025468125887 ], [ -96.738475908544331, 40.886025095932645 ], [ -96.738472468716978, 40.886024715653058 ], [ -96.7384690478723, 40.886024334464608 ], [ -96.738465631771419, 40.886023950572714 ], [ -96.738462215667852, 40.886023563078979 ], [ -96.738458801934513, 40.886023171982416 ], [ -96.738455432100764, 40.886022781766954 ], [ -96.738452015989125, 40.886022383467747 ], [ -96.738448576144279, 40.88602197977621 ], [ -96.738445156467876, 40.886021574274885 ], [ -96.738441764080036, 40.886021168761552 ], [ -96.738438325412915, 40.886020753363582 ], [ -96.738434886743761, 40.886020335264206 ], [ -96.738431546557393, 40.886019926126032 ], [ -96.738428125681764, 40.886019503516543 ], [ -96.738424685818103, 40.886019074612179 ], [ -96.738421287481842, 40.886018647490474 ], [ -96.738417910501155, 40.886018219458904 ], [ -96.738414487241869, 40.886017782443105 ], [ -96.738411079405893, 40.886017344520056 ], [ -96.738407653767638, 40.88601689940122 ], [ -96.738404274403976, 40.886016457863803 ], [ -96.738400871306453, 40.886016010033636 ], [ -96.73839743616783, 40.886015553213014 ], [ -96.738394072222093, 40.886015103564652 ], [ -96.738390696407734, 40.886014648518817 ], [ -96.738387204305013, 40.886014172813688 ], [ -96.73838387594968, 40.886013718647369 ], [ -96.73838044079902, 40.886013245618464 ], [ -96.738377093452314, 40.886012780655065 ], [ -96.738373664228561, 40.886012300419914 ], [ -96.738370296705369, 40.886011826460766 ], [ -96.738366878156398, 40.886011341718593 ], [ -96.738363515373678, 40.886010860553739 ], [ -96.738360098005828, 40.886010368607401 ], [ -96.738356715045938, 40.886009877546378 ], [ -96.738353319031674, 40.886009381988821 ], [ -96.738349941999388, 40.886008884621994 ], [ -96.738346518688545, 40.886008378270922 ], [ -96.738343094187897, 40.886007867418122 ], [ -96.738339650699231, 40.886007350270475 ], [ -96.73833628315063, 40.88600684209392 ], [ -96.738332936956922, 40.886006332107115 ], [ -96.738329499393203, 40.886005805051816 ], [ -96.738326133023037, 40.886005286069278 ], [ -96.738322770210246, 40.886004764383799 ], [ -96.738319409767016, 40.886004238195 ], [ -96.738315994738684, 40.886003701224752 ], [ -96.738312605812425, 40.886003164242979 ], [ -96.738309263160758, 40.886002630842718 ], [ -96.738305875416302, 40.886002087557216 ], [ -96.738302465123795, 40.886001537077995 ], [ -96.738299098732952, 40.886000990181287 ], [ -96.738295714540556, 40.886000436989185 ], [ -96.738292363569656, 40.885999884682967 ], [ -96.738288985304877, 40.885999325185054 ], [ -96.73828561890403, 40.885998764781483 ], [ -96.738282257246354, 40.885998200773983 ], [ -96.738278896773139, 40.885997634064601 ], [ -96.738275513751873, 40.885997060161479 ], [ -96.7382721663257, 40.88599648804361 ], [ -96.73826878567202, 40.88599590693579 ], [ -96.738265420442332, 40.885995325821149 ], [ -96.738262049276344, 40.885994739306405 ], [ -96.738258663868834, 40.885994147395181 ], [ -96.738255317616492, 40.885993558168103 ], [ -96.738251934576596, 40.885992959052189 ], [ -96.738248566960664, 40.885992359929453 ], [ -96.738245207647978, 40.885991758101703 ], [ -96.738241900543457, 40.885991161653756 ], [ -96.738238517493585, 40.885990549030957 ], [ -96.738235145120541, 40.885989934602549 ], [ -96.73823179173084, 40.885989320165812 ], [ -96.738228471564, 40.885988708415795 ], [ -96.73822510274303, 40.8859880840808 ], [ -96.73822171611981, 40.885987452550005 ], [ -96.738218420863987, 40.885986834485827 ], [ -96.738215036609063, 40.885986196650769 ], [ -96.738211654725063, 40.88598555611329 ], [ -96.738208361835532, 40.885984929043481 ], [ -96.738205000118043, 40.885984283994873 ], [ -96.738201660943943, 40.885983639836802 ], [ -96.738198295662443, 40.885982988486511 ], [ -96.738194981402671, 40.885982342516549 ], [ -96.738191605435745, 40.885981681265967 ], [ -96.738188306597991, 40.8859810325878 ], [ -96.738184914012635, 40.885980360539051 ], [ -96.738181604489455, 40.885979701960586 ], [ -96.738178219018906, 40.885979024505964 ], [ -96.73817492017055, 40.885978361420499 ], [ -96.738171594026326, 40.885977688442054 ], [ -96.738168216855058, 40.885977002879642 ], [ -96.73816490850507, 40.885976326291541 ], [ -96.73816158116712, 40.885975643408564 ], [ -96.738158260945923, 40.885974957821134 ], [ -96.738154940722069, 40.885974268631848 ], [ -96.738151569470517, 40.885973565958153 ], [ -96.738148265855159, 40.885972874060194 ], [ -96.738144930196754, 40.885972170470396 ], [ -96.738141633696188, 40.885971473166563 ], [ -96.738138286166574, 40.885970760577401 ], [ -96.738134935074243, 40.885970043487575 ], [ -96.738131557873871, 40.885969318305079 ], [ -96.738128256615568, 40.885968604795131 ], [ -96.73812493399501, 40.88596788319046 ], [ -96.738121605438863, 40.885967157086128 ], [ -96.73811830417327, 40.885966433671129 ], [ -96.7381149767983, 40.885965700362647 ], [ -96.738111645860627, 40.88596496255343 ], [ -96.738108325601132, 40.885964224739475 ], [ -96.738105061111227, 40.88596349500515 ], [ -96.738101726606274, 40.885962746391996 ], [ -96.738098430070679, 40.885962001364021 ], [ -96.7380950825074, 40.885961242851593 ], [ -96.738091821566982, 40.885960499608849 ], [ -96.738088482304988, 40.885959735690015 ], [ -96.73808516677353, 40.885958973561706 ], [ -96.738081899892919, 40.88595821951607 ], [ -96.738078577235399, 40.885957447485879 ], [ -96.738075306788787, 40.885956684437275 ], [ -96.738071984126705, 40.885955906103888 ], [ -96.73806870536896, 40.885955134954798 ], [ -96.73806538270091, 40.885954348517323 ], [ -96.738062105124342, 40.885953570164098 ], [ -96.738058788385345, 40.885952779221718 ], [ -96.73805550961707, 40.885951993665351 ], [ -96.738052248645701, 40.885951208101147 ], [ -96.738048902231995, 40.885950399162702 ], [ -96.738045666175651, 40.885949612687114 ], [ -96.738042357729356, 40.885948804632434 ], [ -96.738039101494635, 40.885948006459792 ], [ -96.738035762189824, 40.885947184011386 ], [ -96.738032490523892, 40.885946375940492 ], [ -96.738029228347628, 40.885945565164079 ], [ -96.738025942435584, 40.885944745393545 ], [ -96.738022658894508, 40.885943922920603 ], [ -96.738019393150324, 40.885943100439846 ], [ -96.738016117910519, 40.885942272560527 ], [ -96.738012839108052, 40.885941440180495 ], [ -96.738009560302956, 40.885940604198623 ], [ -96.738006283868131, 40.885939764613923 ], [ -96.738002996751248, 40.885938919631144 ], [ -96.73799973929853, 40.885938078237167 ], [ -96.737996448615661, 40.88593722425145 ], [ -96.737993210145035, 40.885936381048197 ], [ -96.737989963364569, 40.885935531545435 ], [ -96.73798665962012, 40.885934663158146 ], [ -96.737983442502539, 40.885933815443238 ], [ -96.737980164860289, 40.885932947044481 ], [ -96.737976875348835, 40.885932072347714 ], [ -96.737973674836468, 40.885931217421891 ], [ -96.73797037226538, 40.885930331025001 ], [ -96.737967150387504, 40.885929463502166 ], [ -96.737963872732152, 40.885928577094298 ], [ -96.737960629488128, 40.885927696074042 ], [ -96.737957360134061, 40.885926804259825 ], [ -96.737954138245726, 40.885925922329704 ], [ -96.737950849899093, 40.885925017917458 ], [ -96.737947633939143, 40.885924130582005 ], [ -96.73794438237482, 40.885923228854971 ], [ -96.737941168783209, 40.885922335215298 ], [ -96.737937880425434, 40.885921415495339 ], [ -96.737934659708529, 40.885920512854241 ], [ -96.737931405760136, 40.885919595820489 ], [ -96.737928180290808, 40.885918684176943 ], [ -96.737924893109721, 40.885917750949631 ], [ -96.737921652207206, 40.885916826706513 ], [ -96.73791841604924, 40.8859159006604 ], [ -96.737915191755931, 40.885914974609051 ], [ -96.737911948472671, 40.885914039561534 ], [ -96.737908717053358, 40.885913103608324 ], [ -96.737905495124451, 40.88591216585008 ], [ -96.737902249459765, 40.885911219097707 ], [ -96.73789907855533, 40.885910290321526 ], [ -96.737895828137567, 40.885909333666241 ], [ -96.737892583651515, 40.885908376107885 ], [ -96.737889351030091, 40.885907418544285 ], [ -96.737886176555165, 40.885906474461983 ], [ -96.73788294748789, 40.885905509693217 ], [ -96.737879759953373, 40.885904553910748 ], [ -96.73787651308001, 40.885903576543427 ], [ -96.737873273324809, 40.885902598272537 ], [ -96.737870104769783, 40.885901637079016 ], [ -96.737866912478353, 40.885900665990867 ], [ -96.737863679834717, 40.885899677811899 ], [ -96.737860500591069, 40.885898702215805 ], [ -96.737857289303818, 40.885897714027408 ], [ -96.737854067333174, 40.885896718640076 ], [ -96.737850875028016, 40.885895728642438 ], [ -96.737847705267612, 40.88589474133628 ], [ -96.737844479729119, 40.885893734244597 ], [ -96.73784128978906, 40.885892733440492 ], [ -96.737838084419138, 40.88589172453905 ], [ -96.737834871925841, 40.885890709337595 ], [ -96.737831685538694, 40.885889699527368 ], [ -96.737828490841068, 40.885888682517169 ], [ -96.73782530444872, 40.885887665503304 ], [ -96.737822165522729, 40.885886659274057 ], [ -96.737818981497398, 40.885885634155116 ], [ -96.737815791536548, 40.885884604536471 ], [ -96.73781259682525, 40.885883568616784 ], [ -96.737809416352832, 40.885882534491692 ], [ -96.73780624418437, 40.885881498562092 ], [ -96.737803061333182, 40.885880456333986 ], [ -96.737799887973054, 40.885879413201259 ], [ -96.737796726477569, 40.885878370063317 ], [ -96.737793534123583, 40.885877312531704 ], [ -96.737790404665262, 40.88587627298152 ], [ -96.737787179077301, 40.885875197455405 ], [ -96.737784054360247, 40.885874151599992 ], [ -96.737780901158317, 40.885873092250243 ], [ -96.737777695736995, 40.885872012213021 ], [ -96.737774553211324, 40.885870950157233 ], [ -96.737771426110328, 40.885869888995146 ], [ -96.737768272897313, 40.885868814337734 ], [ -96.737765066278513, 40.88586771899331 ], [ -96.737761937982597, 40.885866646125848 ], [ -96.737758775267508, 40.885865557065344 ], [ -96.737755627978444, 40.885864470699431 ], [ -96.737752481873216, 40.885863380731173 ], [ -96.737749338138329, 40.885862287160094 ], [ -96.737746195587974, 40.885861190887113 ], [ -96.737743101691748, 40.88586010719915 ], [ -96.73773994845476, 40.885858999224972 ], [ -96.737736782160823, 40.885857883152454 ], [ -96.73773363129223, 40.885856768874071 ], [ -96.737730537385659, 40.885855670778838 ], [ -96.737727404313404, 40.885854555592196 ], [ -96.737724238007772, 40.885853423311566 ], [ -96.737721119171169, 40.885852305417302 ], [ -96.737717984903369, 40.885851177624836 ], [ -96.737714881489495, 40.885850057922937 ], [ -96.737711715172864, 40.885848910334609 ], [ -96.737708623621074, 40.885847787025682 ], [ -96.737705475100753, 40.885846638529081 ], [ -96.737702313523542, 40.885845481934126 ], [ -96.737699183986706, 40.885844333429183 ], [ -96.737696112598982, 40.885843202007344 ], [ -96.737692987803456, 40.88584204719718 ], [ -96.737689845203207, 40.885840881589395 ], [ -96.737686723963236, 40.885839721374929 ], [ -96.737683637135902, 40.885838568349023 ], [ -96.737680520637241, 40.885837401829335 ], [ -96.737677423123984, 40.885836238002689 ], [ -96.737674345783887, 40.885835078669423 ], [ -96.737671250638357, 40.88583390763813 ], [ -96.737668125820861, 40.885832722212591 ], [ -96.737665041350937, 40.885831547574817 ], [ -96.73766191296825, 40.885830354046739 ], [ -96.73765887715119, 40.88582919019305 ], [ -96.737655758256992, 40.885827992158575 ], [ -96.737652702259027, 40.885826813006041 ], [ -96.737649588106137, 40.885825608666345 ], [ -96.737646529729446, 40.885824421410803 ], [ -96.737643395395665, 40.885823201772261 ], [ -96.737640356002416, 40.885822014508392 ], [ -96.737637252518653, 40.885820797557713 ], [ -96.737634173955897, 40.885819587799702 ], [ -96.737631123872816, 40.885818384332403 ], [ -96.737628050051384, 40.885817168269156 ], [ -96.737624984535231, 40.88581595220225 ], [ -96.737621881037924, 40.88581471634209 ], [ -96.73761881432884, 40.885813491271236 ], [ -96.737615748803634, 40.885812262598058 ], [ -96.737612673781541, 40.885811026725392 ], [ -96.737609666404808, 40.885809814234861 ], [ -96.737606587816202, 40.885808568458813 ], [ -96.737603540082858, 40.885807332574203 ], [ -96.737600472169873, 40.885806083191696 ], [ -96.737597399507806, 40.885804829308988 ], [ -96.737594377875425, 40.885803591612074 ], [ -96.737591320635474, 40.88580233502126 ], [ -96.737106557368122, 40.885585500203 ], [ -96.737103462083326, 40.885584111251873 ], [ -96.737100384601405, 40.885582730396962 ], [ -96.737097290503328, 40.885581341445146 ], [ -96.73709419640538, 40.885579952493252 ], [ -96.737091117736711, 40.885578570738168 ], [ -96.737088022452582, 40.885577181786608 ], [ -96.737084928355017, 40.885575792834459 ], [ -96.737080820730839, 40.885573998218071 ], [ -96.737077632940697, 40.885572658829332 ], [ -96.73707444396689, 40.885571323042733 ], [ -96.737071276358577, 40.885569999853026 ], [ -96.737068077896751, 40.885568668572432 ], [ -96.737064893678436, 40.885567345389589 ], [ -96.73706172014424, 40.885566030306038 ], [ -96.737058518129444, 40.885564707130577 ], [ -96.73705535053503, 40.885563401949057 ], [ -96.737052117669521, 40.88556207428438 ], [ -96.737048942960001, 40.885560773607878 ], [ -96.737045736209879, 40.885559463940552 ], [ -96.737042518780513, 40.885558152476825 ], [ -96.737039351200025, 40.885556865303521 ], [ -96.737036108854156, 40.885555552049318 ], [ -96.737032929411427, 40.885554267582158 ], [ -96.73702969893894, 40.885552966028364 ], [ -96.737026485084158, 40.885551674372181 ], [ -96.737023284287062, 40.885550391714688 ], [ -96.73702007162494, 40.885549108161726 ], [ -96.737016829295115, 40.88554781561691 ], [ -96.737013602397184, 40.885546533870674 ], [ -96.737010383809846, 40.885545259324239 ], [ -96.737007203202225, 40.88554400277026 ], [ -96.737003981059772, 40.885542733627773 ], [ -96.7370007517994, 40.885541465388656 ], [ -96.736997526101149, 40.885540200749666 ], [ -96.736994238693796, 40.885538917227677 ], [ -96.736991036737365, 40.885537669686641 ], [ -96.736987790873172, 40.885536409558092 ], [ -96.736984585362279, 40.88553516832139 ], [ -96.736981340690107, 40.885533915395619 ], [ -96.736978082966459, 40.885532661574821 ], [ -96.73697486203541, 40.88553142484659 ], [ -96.736971577020398, 40.885530166535048 ], [ -96.736968341854222, 40.885528932513921 ], [ -96.736965074646776, 40.88552768860157 ], [ -96.736961857286829, 40.885526467178799 ], [ -96.7369585948327, 40.885525233168984 ], [ -96.73695536917117, 40.885524016251686 ], [ -96.73695209010701, 40.885522782248735 ], [ -96.736948826474759, 40.885521559044356 ], [ -96.736945599634439, 40.885520352032032 ], [ -96.73694233363284, 40.885519133330625 ], [ -96.736939079502463, 40.885517923628406 ], [ -96.736935781464368, 40.885516701338638 ], [ -96.73693252021819, 40.88551549524098 ], [ -96.736929256601229, 40.885514291845531 ], [ -96.736925973999902, 40.885513086657191 ], [ -96.736922712762023, 40.88551189136443 ], [ -96.736919432539125, 40.885510693378336 ], [ -96.736916178428132, 40.885509508887552 ], [ -96.736912905330769, 40.885508319902577 ], [ -96.736909607314175, 40.885507125525464 ], [ -96.736906321168107, 40.885505939247125 ], [ -96.73690306944107, 40.885504769161884 ], [ -96.736899750070734, 40.885503577494823 ], [ -96.736896462746543, 40.885502402021885 ], [ -96.736893201533547, 40.885501239143856 ], [ -96.736889886918632, 40.885500060080552 ], [ -96.736886622150521, 40.885498902606429 ], [ -96.736883293301105, 40.885497727150714 ], [ -96.736880009549395, 40.885496568783978 ], [ -96.736876729361768, 40.885495416718683 ], [ -96.736873358983772, 40.885494236778101 ], [ -96.736870064561003, 40.885493087419924 ], [ -96.736866773700314, 40.885491941661911 ], [ -96.736863486403081, 40.885490801304883 ], [ -96.736860163504588, 40.885489650157638 ], [ -96.736856846544413, 40.885488507111695 ], [ -96.736853547387668, 40.885487373062396 ], [ -96.736850223311663, 40.885486233620981 ], [ -96.736846921786878, 40.885485105875539 ], [ -96.736843598902851, 40.885483973636887 ], [ -96.736840278395135, 40.885482845899276 ], [ -96.736836967383738, 40.885481724460597 ], [ -96.736833659936423, 40.885480609323338 ], [ -96.736830350116975, 40.885479495087431 ], [ -96.736827023686743, 40.885478379958016 ], [ -96.736823673524356, 40.885477260336359 ], [ -96.736820357779635, 40.885476155106979 ], [ -96.73681705865188, 40.885475058874803 ], [ -96.736813687135779, 40.885473941963205 ], [ -96.736810377333526, 40.885472850237512 ], [ -96.736807065159809, 40.8854717603136 ], [ -96.736803693651964, 40.885470654206841 ], [ -96.73680039572443, 40.885469575982356 ], [ -96.736797031342775, 40.885468479777195 ], [ -96.736793659843201, 40.885467384475341 ], [ -96.736790361923227, 40.885466316155309 ], [ -96.73678699636271, 40.885465229855093 ], [ -96.736783646232723, 40.885464152552579 ], [ -96.736780321026131, 40.885463086044631 ], [ -96.736776967340305, 40.885462013245593 ], [ -96.736773606537241, 40.885460942250333 ], [ -96.736770258790472, 40.885459878452927 ], [ -96.736766894432904, 40.885458813761993 ], [ -96.736763533638083, 40.885457753571622 ], [ -96.7367601597918, 40.885456692486223 ], [ -96.736756810869579, 40.885455643095817 ], [ -96.736753464322987, 40.885454597306044 ], [ -96.736750096418504, 40.885453548823911 ], [ -96.73674674275675, 40.885452507539121 ], [ -96.736743379604178, 40.88545146715866 ], [ -96.736740025947924, 40.885450433077125 ], [ -96.736736667547319, 40.885449400798372 ], [ -96.736733311522968, 40.885448373020665 ], [ -96.736729893792344, 40.885447329961536 ], [ -96.736726533026371, 40.885446307588225 ], [ -96.736723187690288, 40.885445293312195 ], [ -96.736719764033666, 40.885444258359186 ], [ -96.736716425823033, 40.885443253084276 ], [ -96.736713003358346, 40.88544222533401 ], [ -96.736709639045458, 40.885441219169465 ], [ -96.736706247441106, 40.885440208514204 ], [ -96.736702887880128, 40.885439210451366 ], [ -96.736699479667053, 40.885438201603776 ], [ -96.73669612604445, 40.885437211642127 ], [ -96.736692708342659, 40.885436206400065 ], [ -96.736689296577794, 40.885435207458393 ], [ -96.736685954829838, 40.885434230997937 ], [ -96.736682543069804, 40.885433238359106 ], [ -96.736679133685385, 40.885432249320928 ], [ -96.736675724304376, 40.885431264784764 ], [ -96.736672371886726, 40.885430299133589 ], [ -96.736668961323417, 40.885429320000341 ], [ -96.73666556856351, 40.885428349863815 ], [ -96.736662146138571, 40.885427374337098 ], [ -96.736658749824116, 40.885426410504884 ], [ -96.73665533333822, 40.885425443979784 ], [ -96.736651933467911, 40.885424484651047 ], [ -96.736648524107466, 40.885423527127045 ], [ -96.736645120682624, 40.885422574102634 ], [ -96.736641697087009, 40.885421619285744 ], [ -96.73663825213346, 40.885420661776429 ], [ -96.736634854649722, 40.88541972045482 ], [ -96.736631439368736, 40.885418778240179 ], [ -96.736628039517555, 40.88541784412282 ], [ -96.736624619494251, 40.885416906412146 ], [ -96.736621172180818, 40.885415966011522 ], [ -96.736617767590076, 40.885415039999749 ], [ -96.736614360628508, 40.885414116690185 ], [ -96.736610897895531, 40.885413181698375 ], [ -96.736607493312292, 40.885412265591043 ], [ -96.736604031771222, 40.885411337801962 ], [ -96.736600624820568, 40.885410428898908 ], [ -96.736597185831357, 40.885409513706186 ], [ -96.736593761084833, 40.885408605710836 ], [ -96.73659029362112, 40.885407690529874 ], [ -96.736586904480674, 40.885406799627553 ], [ -96.736583438208214, 40.885405890748942 ], [ -96.736579987366184, 40.885404990868032 ], [ -96.736576594672599, 40.885404108070787 ], [ -96.736573123661202, 40.885403208198191 ], [ -96.73656967519959, 40.885402318220727 ], [ -96.736566256407116, 40.885401439035896 ], [ -96.736562806763843, 40.885400555361748 ], [ -96.736559341696875, 40.885399671694024 ], [ -96.736555892058391, 40.885398794322718 ], [ -96.736552428182648, 40.885397916957253 ], [ -96.736548976176721, 40.885397046790203 ], [ -96.736545504, 40.885396174830646 ], [ -96.736542053185289, 40.885395310965905 ], [ -96.736538608306844, 40.885394452501146 ], [ -96.736535153936927, 40.885393594040274 ], [ -96.736531675836858, 40.8853927337884 ], [ -96.736528229779481, 40.8853918852286 ], [ -96.736524769484816, 40.885391036674662 ], [ -96.736521305632223, 40.885390189922987 ], [ -96.736517856022331, 40.885389350368683 ], [ -96.736514404040946, 40.885388512616125 ], [ -96.736510937822942, 40.885387675769891 ], [ -96.736507431261302, 40.885386832637479 ], [ -96.736503961488111, 40.885386001195101 ], [ -96.736500515451098, 40.885385179647422 ], [ -96.736497059922613, 40.885384358103629 ], [ -96.736493545064093, 40.885383525779439 ], [ -96.736490088354614, 40.885382711439405 ], [ -96.736486620967852, 40.885381898004169 ], [ -96.736483123916756, 40.8853810800791 ], [ -96.736479654161883, 40.885380272947693 ], [ -96.73647614050337, 40.885379458631128 ], [ -96.736472695672532, 40.885378663194629 ], [ -96.736469225924452, 40.88537786506722 ], [ -96.736465707527643, 40.885377060657071 ], [ -96.736462223544365, 40.885376265236722 ], [ -96.736458734818669, 40.885375474320405 ], [ -96.73645524016149, 40.885374684306903 ], [ -96.736451772799853, 40.885373904186586 ], [ -96.736448272214545, 40.88537311957797 ], [ -96.736444743152674, 40.885372332279893 ], [ -96.736441303090004, 40.885371566554731 ], [ -96.736437766914236, 40.885370785562436 ], [ -96.73643428057774, 40.885370016254747 ], [ -96.736430802551695, 40.885369254146944 ], [ -96.736427248583425, 40.885368478564395 ], [ -96.736423731402894, 40.885367713771473 ], [ -96.736420222531493, 40.885366954377581 ], [ -96.736416702982822, 40.885366195888487 ], [ -96.736413242768265, 40.885365453582175 ], [ -96.736409724411445, 40.88536470229581 ], [ -96.736406216736626, 40.88536395640746 ], [ -96.736402714997396, 40.885363215018685 ], [ -96.736399190715133, 40.885362472738798 ], [ -96.736395681861325, 40.885361736755385 ], [ -96.736392156396704, 40.885360999878415 ], [ -96.736388643988306, 40.885360270199293 ], [ -96.73638513039549, 40.885359543221867 ], [ -96.736381629858229, 40.885358822541889 ], [ -96.736378080671599, 40.885358094678708 ], [ -96.736374597939019, 40.885357384796258 ], [ -96.736371072489277, 40.885356667728118 ], [ -96.736367555349304, 40.88535595695943 ], [ -96.736364026345612, 40.885355247096015 ], [ -96.736360468865371, 40.885354534543147 ], [ -96.736356957665706, 40.885353834576819 ], [ -96.736353441721647, 40.885353136413237 ], [ -96.736349929340918, 40.885352443650639 ], [ -96.736346396789386, 40.885351749095562 ], [ -96.735901745148041, 40.885288386395459 ], [ -96.735900550302219, 40.885288251826267 ], [ -96.735899355457008, 40.885288118157483 ], [ -96.735898160611185, 40.885287983588249 ], [ -96.735896909998615, 40.885287843639553 ], [ -96.735895667691182, 40.885287703687396 ], [ -96.735894362497703, 40.885287557458284 ], [ -96.735893120190255, 40.885287417506106 ], [ -96.735891760415853, 40.88528726499657 ], [ -96.735890463528136, 40.885287119664419 ], [ -96.735889110873046, 40.885286968052327 ], [ -96.735887758217316, 40.8852868155398 ], [ -96.735886349794868, 40.885286657647768 ], [ -96.735884942558855, 40.88528649975526 ], [ -96.73588353413642, 40.8852863418632 ], [ -96.735882071133034, 40.885286177690737 ], [ -96.735880616435438, 40.885286014415243 ], [ -96.73587915343208, 40.885285850242738 ], [ -96.735876509671229, 40.885285344395513 ], [ -96.735874614587971, 40.885284882358988 ], [ -96.735872718318276, 40.885284420322925 ], [ -96.73587077220958, 40.885283946601874 ], [ -96.735868824913808, 40.88528347198087 ], [ -96.735866878804515, 40.885282997359319 ], [ -96.735864897096121, 40.885282514648594 ], [ -96.73586289877494, 40.885282028343035 ], [ -96.735860918253053, 40.885281545631763 ], [ -96.735858867718704, 40.885281045841261 ], [ -96.73585683498429, 40.885280550545495 ], [ -96.735854751223783, 40.885280042664803 ], [ -96.735852682890282, 40.88527953927985 ], [ -96.735850599129833, 40.885279031399072 ], [ -96.735848515369412, 40.885278523518259 ], [ -96.735846397196326, 40.88527800754779 ], [ -96.735844279023297, 40.885277491577277 ], [ -96.735842108637058, 40.885276962121857 ], [ -96.735827738134589, 40.885271598796805 ], [ -96.73582530982307, 40.885270419335747 ], [ -96.735822920678473, 40.885269259667943 ], [ -96.735820518477908, 40.88526809280205 ], [ -96.735808488738016, 40.885260948350457 ], [ -96.735806243971183, 40.885259275376086 ], [ -96.735803969527879, 40.885257580803597 ], [ -96.73580169508466, 40.88525588623105 ], [ -96.735799392151421, 40.885254170059874 ], [ -96.735785722379077, 40.885239901163629 ], [ -96.735784146335007, 40.885237626423297 ], [ -96.735782592858044, 40.88523538589002 ], [ -96.73578102750318, 40.885233126452576 ], [ -96.735779484715394, 40.885230901222187 ], [ -96.735777919361382, 40.885228642685092 ], [ -96.735776364696463, 40.885226399450943 ], [ -96.735774810031629, 40.885224156216758 ], [ -96.735773231613479, 40.885221878775958 ], [ -96.73577168763849, 40.885219651745061 ], [ -96.735770121097275, 40.885217391407522 ], [ -96.735763892621947, 40.885204659169304 ], [ -96.735763086503312, 40.885202276958736 ], [ -96.735762294651806, 40.885199936162145 ], [ -96.735761501613254, 40.88519759446563 ], [ -96.735760719274083, 40.885195282478939 ], [ -96.735759926235644, 40.885192940782382 ], [ -96.735759140329492, 40.885190617991988 ], [ -96.735758357990477, 40.885188306005269 ], [ -96.735757572085745, 40.885185985015696 ], [ -96.735756799259704, 40.885183702739297 ], [ -96.735756013353779, 40.885181379948847 ], [ -96.73575523814786, 40.88517908776867 ], [ -96.735754461755548, 40.885176795588997 ], [ -96.735753686550382, 40.885174504309241 ], [ -96.73575292442456, 40.885172252643081 ], [ -96.735752144465337, 40.885169949659684 ], [ -96.735751378772534, 40.885167687189806 ], [ -96.735750609513374, 40.885165414816633 ], [ -96.735749858087075, 40.885163192860318 ], [ -96.735749088827987, 40.885160920487131 ], [ -96.735747906618556, 40.885156899645068 ], [ -96.73574735216107, 40.885154704620263 ], [ -96.735746795324246, 40.885152500592099 ], [ -96.735746250382263, 40.885150338879335 ], [ -96.735745693546818, 40.885148136652028 ], [ -96.735745146225568, 40.885145965935905 ], [ -96.735744608426245, 40.885143837536191 ], [ -96.735744061105706, 40.88514166772049 ], [ -96.735743520927755, 40.885139531217852 ], [ -96.735742981936298, 40.885137394714711 ], [ -96.735742442944854, 40.885135258211548 ], [ -96.735741903954093, 40.885133122608842 ], [ -96.735741372105281, 40.885131019418729 ], [ -96.735740843821645, 40.885128924331028 ], [ -96.73574031078131, 40.885126813937944 ], [ -96.735739789640306, 40.8851247521633 ], [ -96.735739257786463, 40.88512264176974 ], [ -96.735738736645501, 40.885120579995082 ], [ -96.735738211933636, 40.885118502014095 ], [ -96.735737700308846, 40.885116474451934 ], [ -96.73573728704811, 40.885114292875166 ], [ -96.735736951062407, 40.885112329171072 ], [ -96.735736616263836, 40.885110366366916 ], [ -96.735736280278189, 40.885108402662823 ], [ -96.73573595143769, 40.885106475873521 ], [ -96.735735622597218, 40.88510454908419 ], [ -96.735735300906441, 40.885102665512683 ], [ -96.735734970879562, 40.885100738723835 ], [ -96.735734647997191, 40.88509884794933 ], [ -96.735734325115502, 40.885096958075273 ], [ -96.735734009382838, 40.885095110518584 ], [ -96.735733692459235, 40.885093256659346 ], [ -96.735733377913675, 40.88509141000258 ], [ -96.7357330609901, 40.885089556143356 ], [ -96.735732751216176, 40.88508774550192 ], [ -96.735732434292643, 40.885085891642653 ], [ -96.735732131663909, 40.885084117915994 ], [ -96.735731820699101, 40.885082300972002 ], [ -96.735731518070395, 40.885080527245336 ], [ -96.735731214253974, 40.885078751718268 ], [ -96.735730911625311, 40.885076977991609 ], [ -96.735730614954704, 40.885075240279768 ], [ -96.735730318284112, 40.88507350256792 ], [ -96.73573002161352, 40.885071764856086 ], [ -96.735729723756521, 40.885070027144707 ], [ -96.735729434231757, 40.885068327248064 ], [ -96.735729143519919, 40.885066626451476 ], [ -96.735728859956438, 40.885064967071827 ], [ -96.735728767025179, 40.885064425049954 ], [ -96.735763461738031, 40.88472855842447 ], [ -96.735764146687515, 40.8847257794067 ], [ -96.735764780702439, 40.884723114764881 ], [ -96.735765415903089, 40.884720449222179 ], [ -96.73576604873665, 40.884717791784297 ], [ -96.735766682752072, 40.884715128042956 ], [ -96.73576732623367, 40.884712429180773 ], [ -96.73576795906709, 40.884709771742898 ], [ -96.735768591901063, 40.884707115205444 ], [ -96.735769224734383, 40.884704457767576 ], [ -96.735769857567647, 40.884701800329701 ], [ -96.735770488033154, 40.884699150096253 ], [ -96.735771136165766, 40.88469631976897 ], [ -96.735771719155096, 40.884693643442617 ], [ -96.735772293837428, 40.884690964418397 ], [ -96.735772870858938, 40.884688238570725 ], [ -96.735773428931097, 40.884685559553368 ], [ -96.735773978700792, 40.884682884141149 ], [ -96.735774529620656, 40.884680158304242 ], [ -96.735775062780178, 40.884677482898915 ], [ -96.735775598273747, 40.884674753466669 ], [ -96.735776114819259, 40.884672072665609 ], [ -96.735776631334986, 40.884669350444653 ], [ -96.735777131271661, 40.884666671451313 ], [ -96.735777631177896, 40.884663950137671 ], [ -96.735778114503162, 40.884661269350332 ], [ -96.735778597799253, 40.884658548043539 ], [ -96.735779064516322, 40.884655869964369 ], [ -96.735779531198418, 40.884653143261872 ], [ -96.735779988394199, 40.884650423766743 ], [ -96.735780431379908, 40.884647742095638 ], [ -96.735780871961694, 40.884645017204782 ], [ -96.735781304241641, 40.884642296819536 ], [ -96.73578172231089, 40.884639613357869 ], [ -96.73578213798136, 40.884636893879907 ], [ -96.735782546528696, 40.884634168101869 ], [ -96.735782938498275, 40.884631487352294 ], [ -96.735783329250367, 40.88462876338248 ], [ -96.735783710515491, 40.884626045719614 ], [ -96.735784085840663, 40.884623317253997 ], [ -96.735784444593264, 40.884620641020334 ], [ -96.735784802124513, 40.884617916163819 ], [ -96.735785151350683, 40.884615191310729 ], [ -96.735785492273749, 40.884612469162391 ], [ -96.735785823705342, 40.884609747017954 ], [ -96.735786148017027, 40.884607023075596 ], [ -96.735786462836586, 40.884604298236759 ], [ -96.735786765824145, 40.884601618424405 ], [ -96.735787064035563, 40.884598896293731 ], [ -96.735787355127059, 40.884596172365136 ], [ -96.735787637913546, 40.884593448439944 ], [ -96.735787911205946, 40.884590720916989 ], [ -96.735788176200444, 40.884588003302191 ], [ -96.735788434071125, 40.884585278486888 ], [ -96.735788682451656, 40.884582555476371 ], [ -96.735788922527149, 40.884579832469306 ], [ -96.735789155483403, 40.884577108564756 ], [ -96.735789378948823, 40.884574385564541 ], [ -96.735789595294989, 40.884571661666854 ], [ -96.735789802148417, 40.884568935972226 ], [ -96.735790001885817, 40.884566213882266 ], [ -96.73579019213112, 40.884563490895786 ], [ -96.735790374071385, 40.884560767912767 ], [ -96.735790547706642, 40.884558044933186 ], [ -96.735790714223924, 40.884555322856968 ], [ -96.735790872432943, 40.884552596282028 ], [ -96.735791022338248, 40.88454987151141 ], [ -96.735791165095193, 40.884547105323833 ], [ -96.735791297205964, 40.88454438326184 ], [ -96.735791421010418, 40.884541659402437 ], [ -96.735791537698859, 40.884538939147696 ], [ -96.735791646077118, 40.884536211692946 ], [ -96.735791744966505, 40.884533487843846 ], [ -96.73579183555087, 40.884530763998164 ], [ -96.735791919019235, 40.884528043757193 ], [ -96.735791994177418, 40.884525316316171 ], [ -96.735792059847398, 40.884522593381234 ], [ -96.735792118367087, 40.884519826328088 ], [ -96.735792168614765, 40.884517105200409 ], [ -96.735792210553541, 40.884514378673572 ], [ -96.735792243003473, 40.884511655752384 ], [ -96.735792268333512, 40.884508931033288 ], [ -96.735792285361796, 40.884506210819765 ], [ -96.735792294079886, 40.884503483406249 ], [ -96.735792293309146, 40.884500759598374 ], [ -96.735792285422406, 40.884498039395169 ], [ -96.735792269195059, 40.884495269671653 ], [ -96.735792243508655, 40.884492544973661 ], [ -96.735792210706904, 40.884489824780779 ], [ -96.735792169594973, 40.884487097387868 ], [ -96.735792120180633, 40.884484373600102 ], [ -96.735792062463887, 40.884481653417531 ], [ -96.735791996436959, 40.884478926034916 ], [ -96.73579192210957, 40.884476204958773 ], [ -96.735791839473293, 40.884473478483493 ], [ -96.735791746129394, 40.884470710592751 ], [ -96.735791646887037, 40.884467989526904 ], [ -96.735791539335779, 40.884465263061912 ], [ -96.735791423482766, 40.884462541102515 ], [ -96.735791299321534, 40.884459814644394 ], [ -96.735791168046902, 40.884457095392676 ], [ -96.735791026087313, 40.884454366240632 ], [ -96.735790878202721, 40.884451646995778 ], [ -96.735790720820233, 40.884448918750536 ], [ -96.735790555138578, 40.884446198612636 ], [ -96.735790381146757, 40.884443471274693 ], [ -96.735790198853209, 40.884440748442358 ], [ -96.735790008252749, 40.884438022912164 ], [ -96.735789809350493, 40.884435301887549 ], [ -96.735789602140699, 40.88443257726464 ], [ -96.735789386624631, 40.884429850844327 ], [ -96.735789162806824, 40.884427128929573 ], [ -96.735788931869166, 40.884424405216919 ], [ -96.73578869025107, 40.884421677906978 ], [ -96.735788441518338, 40.884418956002563 ], [ -96.735788185666394, 40.884416233200611 ], [ -96.735787919132747, 40.884413505000545 ], [ -96.735787645485729, 40.884410784006853 ], [ -96.735787363530491, 40.884408058514445 ], [ -96.735787073272249, 40.884405335726768 ], [ -96.735786774708373, 40.884402612042088 ], [ -96.735786467837599, 40.884399885659526 ], [ -96.735786152665071, 40.884397163782594 ], [ -96.735785829184351, 40.884394437406911 ], [ -96.735785502176739, 40.884391756054335 ], [ -96.735785162087382, 40.884389031486371 ], [ -96.73578481250793, 40.884386308723244 ], [ -96.735784455808655, 40.88438358416218 ], [ -96.735784089616686, 40.88438085780416 ], [ -96.735783721086193, 40.884378179170035 ], [ -96.735783339473315, 40.884375456420123 ], [ -96.735782948365838, 40.884372729171986 ], [ -96.735782548955328, 40.884370004628579 ], [ -96.735782149578512, 40.884367326907629 ], [ -96.735781733556792, 40.884364600570237 ], [ -96.735781309232721, 40.88436187783801 ], [ -96.735780883753307, 40.88435919832699 ], [ -96.735780441627725, 40.884356468398643 ], [ -96.735779992390079, 40.884353747477533 ], [ -96.735779541993864, 40.884351065275546 ], [ -96.735779076145036, 40.884348342560472 ], [ -96.735778600802234, 40.884345616247593 ], [ -96.735778125491819, 40.884342934956337 ], [ -96.735777632352708, 40.884340208650777 ], [ -96.735777142810434, 40.884337534568864 ], [ -96.735776634246562, 40.884334806468857 ], [ -96.735776124529281, 40.884332124291348 ], [ -96.735775599359414, 40.884329401600816 ], [ -96.735775073031604, 40.884326718529749 ], [ -96.735774539585293, 40.88432403546166 ], [ -96.735773988314179, 40.884321312781871 ], [ -96.73577343825734, 40.884318628820189 ], [ -96.735772881087797, 40.884315952965366 ], [ -96.73577230371221, 40.884313225794216 ], [ -96.735771727554123, 40.88431054184332 ], [ -96.735771145469784, 40.884307865998764 ], [ -96.735770543181346, 40.884305141539222 ], [ -96.735769942107794, 40.884302456698187 ], [ -96.735769331544219, 40.88429977366193 ], [ -96.735768715050497, 40.884297093329444 ], [ -96.735768089064749, 40.884294412100445 ], [ -96.735767454772144, 40.884291728173565 ], [ -96.735766802659285, 40.884289010938062 ], [ -96.735766150568466, 40.884286324317245 ], [ -96.735765491366251, 40.884283647604107 ], [ -96.735764825042963, 40.884280967292192 ], [ -96.735764146851594, 40.884278281582596 ], [ -96.735763462733317, 40.884275603078905 ], [ -96.735762769119802, 40.884272919176524 ], [ -96.735762076723177, 40.884270277593977 ], [ -96.735761367690159, 40.884267599100568 ], [ -96.735760647974814, 40.884264914308545 ], [ -96.735759919955854, 40.884262231320804 ], [ -96.735759184821006, 40.884259551937745 ], [ -96.735758440190907, 40.884256867156019 ], [ -96.735757700342148, 40.884254231896065 ], [ -96.735756939106125, 40.884251552523807 ], [ -96.735756168374877, 40.884248867752845 ], [ -96.735755403611364, 40.884246232503187 ], [ -96.735754615085156, 40.884243549540443 ], [ -96.735753832523471, 40.88424091159682 ], [ -96.735753029761582, 40.884238230440808 ], [ -96.735752217509656, 40.884235551089589 ], [ -96.735751410034524, 40.884232914957138 ], [ -96.735750590688113, 40.884230268924831 ], [ -96.735749752333746, 40.884227587783528 ], [ -96.735748919943902, 40.884224951661345 ], [ -96.735748064981692, 40.884222273228168 ], [ -96.73574721360724, 40.884219634412545 ], [ -96.735746356302684, 40.884216998300658 ], [ -96.735745484752698, 40.884214350489032 ], [ -96.735744597760515, 40.884211676571226 ], [ -96.735743710791041, 40.884209034168556 ], [ -96.73574281670308, 40.884206391768807 ], [ -96.73574191787921, 40.884203762877505 ], [ -96.735741007182099, 40.884201121385054 ], [ -96.735740085805318, 40.884198477195703 ], [ -96.735739159688734, 40.884195841112209 ], [ -96.735738225270467, 40.884193209534288 ], [ -96.735738029114373, 40.88419265765026 ], [ -96.735736382633732, 40.884188083233333 ], [ -96.736161029279373, 40.883938111615123 ], [ -96.73635334752872, 40.883997966735045 ], [ -96.736540259979876, 40.883996565580091 ], [ -96.736898356191688, 40.884012737534974 ], [ -96.737247282455144, 40.884050974687071 ], [ -96.738075622360896, 40.884165009378741 ], [ -96.738192116069087, 40.88367757627308 ], [ -96.737789796859218, 40.883622191060887 ], [ -96.737805062997467, 40.882472651594455 ], [ -96.737886962308295, 40.882442854235642 ], [ -96.737971047319178, 40.882416798971711 ], [ -96.737902637811345, 40.882277987222579 ], [ -96.737868903102537, 40.882287871440752 ], [ -96.73764436925687, 40.881974722920383 ], [ -96.738157727603195, 40.881762625614023 ], [ -96.738155656770203, 40.881395239980492 ], [ -96.738365234560774, 40.881396842471709 ], [ -96.738354570157284, 40.881351283414986 ], [ -96.738957122109142, 40.881355887717028 ] ] ], [ [ [ -96.768410411162179, 40.81598968458858 ], [ -96.768406009582804, 40.816838645158732 ], [ -96.768383800081821, 40.821122855025905 ], [ -96.770772358149642, 40.821140333232997 ], [ -96.770774047168032, 40.820644167589244 ], [ -96.770785059923753, 40.817408301180372 ], [ -96.770814121641052, 40.815280343442311 ], [ -96.769585600145888, 40.815233979934547 ], [ -96.768414733523073, 40.815155692916498 ], [ -96.768410411162179, 40.81598968458858 ] ] ] ] } },
{ "type": "Feature", "properties": { "OBJECTID": 1622, "CCDIST10_": 6, "CCDIST10_I": 4, "CCDIST": 3, "GlobalID": "{863BD4CD-502C-494A-A370-6E1698004364}", "Councilor": "Justin P. Carlson", "AtLarge1": "Sandra Washington", "AtLarge2": "Tom Beckius", "AtLarge3": "Bennie Shobe", "CreatedBy": "NCSRNA", "CreatedDate": "2022-02-16T21:13:35Z", "EditedBy": "NCSSER", "EditedDate": "2024-07-23T13:47:58Z", "ShapeSTArea": 592873325.84990382, "ShapeSTLength": 250755.55995990947 }, "geometry": { "type": "Polygon", "coordinates": [ [ [ -96.687993356888143, 40.739443968056428 ], [ -96.688005357549315, 40.739462327443661 ], [ -96.687695600755575, 40.739519920008526 ], [ -96.687094240857888, 40.739571206494858 ], [ -96.682525858831355, 40.739575630741989 ], [ -96.682525849661445, 40.739600589558613 ], [ -96.682524216099665, 40.744014762309945 ], [ -96.682523854552798, 40.74499186699957 ], [ -96.682522838594267, 40.747736457452234 ], [ -96.682522832377373, 40.747754326059457 ], [ -96.682520156253844, 40.755039661632637 ], [ -96.682519240314249, 40.755432437274969 ], [ -96.675063460400779, 40.7553697489911 ], [ -96.671472780233714, 40.755345960008164 ], [ -96.663369372918368, 40.755323841343561 ], [ -96.66336937487813, 40.755318543080186 ], [ -96.663373861543121, 40.755318555745617 ], [ -96.663369375494639, 40.755316876342327 ], [ -96.661621495417791, 40.755315874241731 ], [ -96.659538186346822, 40.75531877029281 ], [ -96.656843718726819, 40.755314681069265 ], [ -96.653794077904934, 40.755305253652722 ], [ -96.652202521609127, 40.755296922771457 ], [ -96.65219966396684, 40.755284325450738 ], [ -96.652195326681252, 40.755286191642135 ], [ -96.65079010765929, 40.755272177553373 ], [ -96.64959901374192, 40.755265001912058 ], [ -96.64851498547786, 40.755257850708375 ], [ -96.647306046371341, 40.755254038194117 ], [ -96.646783197932692, 40.755247933731908 ], [ -96.646311251826972, 40.755226543930242 ], [ -96.645811658914951, 40.755158515740639 ], [ -96.645393732187202, 40.755046759904026 ], [ -96.644995456033314, 40.754900397381604 ], [ -96.644702833449031, 40.754754222690941 ], [ -96.64435059261011, 40.754581529770789 ], [ -96.644350550518254, 40.754645807677782 ], [ -96.644342336370258, 40.755734033186684 ], [ -96.644328510110569, 40.756244098322199 ], [ -96.644319936682848, 40.75979669533794 ], [ -96.644309925131893, 40.762936450624721 ], [ -96.644301389890032, 40.766118729455819 ], [ -96.644295243829831, 40.768822483701669 ], [ -96.644298536109204, 40.769727479131681 ], [ -96.644298845957238, 40.773933140434963 ], [ -96.644299071383415, 40.776990832140704 ], [ -96.644269011442404, 40.779127557718098 ], [ -96.64428758072647, 40.779457471245102 ], [ -96.644339901499393, 40.779851379834845 ], [ -96.644456202720733, 40.780495497753222 ], [ -96.64448790430292, 40.780847330350518 ], [ -96.644496480651497, 40.781190104682061 ], [ -96.644199111594162, 40.78342025703693 ], [ -96.644171134417647, 40.783752897203698 ], [ -96.644152677524119, 40.784194080090067 ], [ -96.644152633970364, 40.784344774575473 ], [ -96.644158082972481, 40.788152353703524 ], [ -96.644163070914956, 40.791629810063561 ], [ -96.644164290134285, 40.791631479055624 ], [ -96.644163066328431, 40.791636775019413 ], [ -96.644143875884112, 40.798926035602449 ], [ -96.644144673581337, 40.806193208443887 ], [ -96.647729517081146, 40.80619434591916 ], [ -96.647730814716013, 40.809831703433964 ], [ -96.653706274108245, 40.809837797099505 ], [ -96.653689163650512, 40.804384349232784 ], [ -96.653695254559864, 40.8043843501463 ], [ -96.653689167243215, 40.80437738429157 ], [ -96.653687165218315, 40.803774309705581 ], [ -96.653782226402527, 40.803774277651037 ], [ -96.65395460048353, 40.803773219374342 ], [ -96.654052660263105, 40.803769749183239 ], [ -96.654219675979832, 40.803754334935647 ], [ -96.654504736750496, 40.803699037197354 ], [ -96.654774057578123, 40.803609056271867 ], [ -96.654898559236074, 40.803554901525047 ], [ -96.655148591371699, 40.803444851359735 ], [ -96.655398622681574, 40.803334800650198 ], [ -96.655648653165713, 40.803224749396442 ], [ -96.655898682824102, 40.803114697598488 ], [ -96.656051999528913, 40.803046998828705 ], [ -96.656242618517339, 40.80297285665376 ], [ -96.656480390054682, 40.802897810422401 ], [ -96.656711446502001, 40.802833883275738 ], [ -96.656847000427121, 40.802795998666078 ], [ -96.656982954416208, 40.802758763225675 ], [ -96.657278381599042, 40.80268098540099 ], [ -96.657481685482693, 40.80264078414146 ], [ -96.657639848195856, 40.802617626868233 ], [ -96.657806429578656, 40.802600643237568 ], [ -96.658064278563216, 40.802583391380374 ], [ -96.658351401592967, 40.802564591417543 ], [ -96.658595277818193, 40.802564564796945 ], [ -96.658739750497674, 40.802564549366984 ], [ -96.65931763766217, 40.802564483136095 ], [ -96.660039996322354, 40.802564396052333 ], [ -96.660762354983177, 40.802564304446392 ], [ -96.661484713644072, 40.802564209218673 ], [ -96.662061925377657, 40.802564129088175 ], [ -96.662689876325032, 40.802564039226539 ], [ -96.663267733866761, 40.802563954106525 ], [ -96.663253179756907, 40.806190389825318 ], [ -96.663246305151247, 40.806197353287558 ], [ -96.663253177163853, 40.80619735476494 ], [ -96.672839005502084, 40.806206136006239 ], [ -96.672848081678183, 40.806206144406374 ], [ -96.672839007092946, 40.80619917106619 ], [ -96.672844684743694, 40.802586041524634 ], [ -96.673422605331979, 40.802585683147392 ], [ -96.674052607749772, 40.802585149919686 ], [ -96.674631317541397, 40.802584656820663 ], [ -96.675242533425248, 40.802584133818229 ], [ -96.675964243021937, 40.802583511156143 ], [ -96.676439009582111, 40.802583098901785 ], [ -96.677018913790818, 40.802582593047859 ], [ -96.677445222173532, 40.80258221973186 ], [ -96.677628407878387, 40.80258205814296 ], [ -96.678416223524209, 40.802580199692827 ], [ -96.678635999465982, 40.802557999354789 ], [ -96.678831878768051, 40.802521620979348 ], [ -96.679108677951632, 40.802477873026049 ], [ -96.679279388867485, 40.802471294876398 ], [ -96.679423836716524, 40.802469285173082 ], [ -96.679712731203466, 40.802465266124365 ], [ -96.679876894553871, 40.802462981741442 ], [ -96.68014799994063, 40.802191998998062 ], [ -96.680214891181834, 40.802130876826922 ], [ -96.680317331893491, 40.802165154694308 ], [ -96.680448289339068, 40.802205501555164 ], [ -96.68058092877807, 40.802242541040201 ], [ -96.680742113832068, 40.802282563559949 ], [ -96.680932622177494, 40.80232307931135 ], [ -96.681153090505347, 40.802361130224135 ], [ -96.68134793895014, 40.802387125867348 ], [ -96.681730273716326, 40.802430611056636 ], [ -96.682015488577235, 40.802465768019836 ], [ -96.682258000275056, 40.802495999405437 ], [ -96.682341200175344, 40.802513112917758 ], [ -96.682402413237, 40.802499728111599 ], [ -96.682422403068998, 40.798946542744417 ], [ -96.689297476020016, 40.798967858353478 ], [ -96.691759931879247, 40.798975367520029 ], [ -96.691772908125131, 40.800001045123508 ], [ -96.691771579043561, 40.800263244153626 ], [ -96.691765535999323, 40.801456674239553 ], [ -96.69175983981556, 40.802498728400344 ], [ -96.690637269408455, 40.802496922969667 ], [ -96.690679201851992, 40.80360951938988 ], [ -96.690669697333149, 40.803616430522275 ], [ -96.690679202126276, 40.803616484333268 ], [ -96.690671498992216, 40.804715063529862 ], [ -96.701211365621859, 40.804754172581298 ], [ -96.701246611137734, 40.799198786769196 ], [ -96.701426344329207, 40.799199590890886 ], [ -96.707059891731276, 40.799243757138292 ], [ -96.720582858328271, 40.799265879771923 ], [ -96.720582990007372, 40.799258912985394 ], [ -96.723732020394849, 40.799198613228839 ], [ -96.723950200008289, 40.799585432910987 ], [ -96.724044708283031, 40.799748735330084 ], [ -96.724234819536434, 40.800089930400809 ], [ -96.724496210957042, 40.800630174969172 ], [ -96.724668260723234, 40.801121043432509 ], [ -96.724839723836268, 40.801583520738795 ], [ -96.724973411714942, 40.802080401456195 ], [ -96.72500688915585, 40.802353759649314 ], [ -96.724993710714358, 40.8026928211494 ], [ -96.724940369190605, 40.802838343866583 ], [ -96.724829737071147, 40.803099293093162 ], [ -96.724619102088312, 40.803537232120242 ], [ -96.724423877959495, 40.803919454435139 ], [ -96.724188580744936, 40.804275350933004 ], [ -96.723995072827336, 40.804717275940646 ], [ -96.723830208532064, 40.805321794051274 ], [ -96.723744670093026, 40.805728365085422 ], [ -96.723601744524871, 40.806335427836345 ], [ -96.72421146108077, 40.806245562201561 ], [ -96.72653743603334, 40.805925674282541 ], [ -96.729444844791871, 40.805482786423546 ], [ -96.730769353966977, 40.805335010745324 ], [ -96.732642980347123, 40.805039714199893 ], [ -96.734162746182193, 40.804733486103039 ], [ -96.734918913853036, 40.804554608823203 ], [ -96.737024736438116, 40.804009858344067 ], [ -96.737623663574979, 40.80387572443567 ], [ -96.738733540823034, 40.803768140672247 ], [ -96.739508760101131, 40.803781185407367 ], [ -96.740054971231686, 40.803834490917197 ], [ -96.741147385439731, 40.803927708165411 ], [ -96.741904988545869, 40.803940744905084 ], [ -96.742627233161016, 40.803806528308748 ], [ -96.743243687945395, 40.803578643110633 ], [ -96.743895229299625, 40.803176695993479 ], [ -96.74454391257629, 40.802693262578281 ], [ -96.74464278374866, 40.802723365542121 ], [ -96.744800757683677, 40.802771300602302 ], [ -96.745079189668289, 40.802855787181315 ], [ -96.745313069855712, 40.802926753407796 ], [ -96.745631596697208, 40.803023403572851 ], [ -96.745936760297496, 40.803115998553167 ], [ -96.74620628411472, 40.803197778336099 ], [ -96.746384481454626, 40.803251846568273 ], [ -96.74656045309321, 40.803305239418883 ], [ -96.746818841349068, 40.803383638640334 ], [ -96.747008176791269, 40.803441085007712 ], [ -96.747239836265763, 40.803511373121587 ], [ -96.74750713726857, 40.803592473865137 ], [ -96.747700048886472, 40.803664344183574 ], [ -96.747830747907201, 40.803719226211236 ], [ -96.747996595405056, 40.803788867941165 ], [ -96.748160122155483, 40.803857535458725 ], [ -96.748368749123102, 40.803969626552146 ], [ -96.748541589031902, 40.804062488118532 ], [ -96.748696689626584, 40.804145819434147 ], [ -96.748801154388417, 40.804218725743532 ], [ -96.74891625086903, 40.804299052319948 ], [ -96.749058792030183, 40.804398532046164 ], [ -96.749231848060774, 40.804519307151075 ], [ -96.749327763430884, 40.804586245760348 ], [ -96.749418448865626, 40.804670443197175 ], [ -96.74955345034995, 40.804795786192429 ], [ -96.749559355862914, 40.804793882205551 ], [ -96.750183255165041, 40.805327908865337 ], [ -96.750640673333606, 40.805981117140988 ], [ -96.751951895772748, 40.807948797311212 ], [ -96.753038539937492, 40.80958492980885 ], [ -96.753662803625943, 40.810516061623801 ], [ -96.754227678333706, 40.811501311843564 ], [ -96.754533467328471, 40.812137556235967 ], [ -96.754744696571819, 40.81266369506335 ], [ -96.754926399963992, 40.81321837752423 ], [ -96.755110440415208, 40.813785257495056 ], [ -96.755463226786901, 40.814787092367773 ], [ -96.7559197296234, 40.816058005684447 ], [ -96.756147986994478, 40.816693461555332 ], [ -96.756409998652927, 40.817422874338114 ], [ -96.757078993429019, 40.817107484013206 ], [ -96.757973032122862, 40.816749378893647 ], [ -96.758902539110679, 40.816463379546555 ], [ -96.759816374516674, 40.81626882064208 ], [ -96.761235024419932, 40.816057974164394 ], [ -96.761258430745116, 40.816058709385622 ], [ -96.76125979279152, 40.81570850457291 ], [ -96.761405860682373, 40.815706247140014 ], [ -96.761406605304515, 40.815541893274791 ], [ -96.761468675321211, 40.81552889281852 ], [ -96.761531174929814, 40.815518560968869 ], [ -96.761611584575462, 40.815505465914441 ], [ -96.761683111739657, 40.815494003573356 ], [ -96.761754684103039, 40.815482709541925 ], [ -96.761821825932472, 40.815472272819385 ], [ -96.761889005831861, 40.815461984606522 ], [ -96.761960706662705, 40.815451173002593 ], [ -96.762032452695749, 40.815440530608441 ], [ -96.762104240372921, 40.815430054724928 ], [ -96.762176070883953, 40.815419748952976 ], [ -96.762247943041174, 40.815409610591963 ], [ -96.762319855661929, 40.815399641443442 ], [ -96.762396305892892, 40.815389233512022 ], [ -96.7624683018214, 40.81537961178833 ], [ -96.762540335844662, 40.815370159278466 ], [ -96.76261240796218, 40.815360875081893 ], [ -96.762684516991328, 40.815351761000173 ], [ -96.762756661745428, 40.81534281523313 ], [ -96.762828843412223, 40.815334039580819 ], [ -96.762901060805007, 40.815325432243021 ], [ -96.762973312741195, 40.815316995021384 ], [ -96.763045598036101, 40.815308727916587 ], [ -96.763117915503045, 40.815300629128416 ], [ -96.763190267514972, 40.815292700456212 ], [ -96.763262650516864, 40.815284941902199 ], [ -96.763335065693425, 40.815277352565097 ], [ -96.76340751067481, 40.815269932446398 ], [ -96.763479985463619, 40.815262683346944 ], [ -96.763552487688969, 40.815255604367756 ], [ -96.763647691277342, 40.81524657091753 ], [ -96.763768142626205, 40.815237167850029 ], [ -96.763840783879971, 40.815231498692555 ], [ -96.763913434600795, 40.815225827682248 ], [ -96.763986094790738, 40.815220156619944 ], [ -96.764058763264586, 40.815214485506424 ], [ -96.764131437649908, 40.815208812542345 ], [ -96.764204117948722, 40.815203139528613 ], [ -96.764276804161085, 40.815197466465165 ], [ -96.764349495100703, 40.815191792452367 ], [ -96.76442218958347, 40.815186118391424 ], [ -96.764494886424146, 40.815180444283087 ], [ -96.764567584437557, 40.815174770128188 ], [ -96.764640284807868, 40.815169095025468 ], [ -96.764712983981582, 40.815163420778198 ], [ -96.764785683141767, 40.815157745584649 ], [ -96.764858379920156, 40.815152071247347 ], [ -96.764931074315697, 40.815146396865813 ], [ -96.765003766328405, 40.815140722440042 ], [ -96.765076452402681, 40.815135047972483 ], [ -96.76514913490999, 40.815129374361916 ], [ -96.765221810294733, 40.815123701610787 ], [ -96.765294479741044, 40.815118028817871 ], [ -96.765367140879633, 40.815112356885159 ], [ -96.765494718871793, 40.815102422281164 ], [ -96.765722449978256, 40.815101345355842 ], [ -96.767841363723221, 40.815090979779413 ], [ -96.768415049913855, 40.815094747996433 ], [ -96.768414733523073, 40.815155692916498 ], [ -96.769585600145888, 40.815233979934547 ], [ -96.770814121641052, 40.815280343442311 ], [ -96.770959083651604, 40.815311401011996 ], [ -96.771946950626131, 40.815359423460251 ], [ -96.772724000671317, 40.815447457665933 ], [ -96.778028029062185, 40.815873316867041 ], [ -96.780851896677319, 40.816092089512026 ], [ -96.782548719533324, 40.816255224166603 ], [ -96.782616218250425, 40.81625915602838 ], [ -96.782651755828965, 40.816260932285758 ], [ -96.782712226674946, 40.81626349937887 ], [ -96.782754934352468, 40.81626496267085 ], [ -96.782790534835016, 40.816265962652004 ], [ -96.782822580479106, 40.816266691807321 ], [ -96.782858194643879, 40.816267310868909 ], [ -96.782890250467673, 40.8162676969283 ], [ -96.782925873573944, 40.816267935974743 ], [ -96.782961496395586, 40.816267975112055 ], [ -96.782993553847447, 40.816267839784892 ], [ -96.78303630268195, 40.816267406605895 ], [ -96.783064794564297, 40.81626695723812 ], [ -96.783096838232723, 40.816266299636659 ], [ -96.783143126151188, 40.81626506390937 ], [ -96.783168038179355, 40.816264258189577 ], [ -96.783200060949412, 40.8162630774193 ], [ -96.78323562823455, 40.816261577660676 ], [ -96.783271182193644, 40.816259877103306 ], [ -96.783303163919399, 40.81625817678264 ], [ -96.783338680589694, 40.81625609624831 ], [ -96.783374178010817, 40.816253817621465 ], [ -96.783406104464817, 40.816251595961454 ], [ -96.783441558670617, 40.816248938263087 ], [ -96.783469899782091, 40.816246668224174 ], [ -96.783494676030273, 40.816244578514436 ], [ -96.783544199657229, 40.816240106458828 ], [ -96.783579560288942, 40.816236670812756 ], [ -96.783611335901455, 40.816233411010039 ], [ -96.783646604727167, 40.816229600835136 ], [ -96.783681835338925, 40.816225593484113 ], [ -96.783713507085338, 40.81622181688504 ], [ -96.783748660109353, 40.816217433192755 ], [ -96.783783770177678, 40.816212852328391 ], [ -96.783815327392659, 40.816208561643421 ], [ -96.783850350392498, 40.816203606246752 ], [ -96.783874831714911, 40.816200021964804 ], [ -96.783916754154973, 40.816193649823759 ], [ -96.783951624614289, 40.816188126343526 ], [ -96.783989923946649, 40.816181822919489 ], [ -96.78401772930394, 40.816177091380247 ], [ -96.784052441294193, 40.816170999821786 ], [ -96.78410785780278, 40.816160847128785 ], [ -96.786380487384463, 40.815737073430512 ], [ -96.788509154753328, 40.815371775911828 ], [ -96.788784777413198, 40.815375906366448 ], [ -96.788835350750517, 40.815377331726744 ], [ -96.788864221897768, 40.815378727404479 ], [ -96.788889454747533, 40.815380292836679 ], [ -96.788914653717342, 40.815382181552003 ], [ -96.788943387946418, 40.815384729896834 ], [ -96.788968478921078, 40.815387304832534 ], [ -96.78899707330207, 40.815390635771358 ], [ -96.789022023093622, 40.815393894255237 ], [ -96.789046899887467, 40.815397470654048 ], [ -96.789075222225577, 40.815401941772606 ], [ -96.789099910417136, 40.815406192757003 ], [ -96.789124504275776, 40.81541075987429 ], [ -96.78915247514891, 40.815416359536968 ], [ -96.789176836545678, 40.81542159497554 ], [ -96.789204525318652, 40.815427953946383 ], [ -96.789228618685414, 40.815433848733349 ], [ -96.789252580968892, 40.815440052482238 ], [ -96.789279784306402, 40.815447507700007 ], [ -96.789300070773805, 40.815453366192337 ], [ -96.789326935024818, 40.815461515037725 ], [ -96.789353585350582, 40.815470051255183 ], [ -96.789376726354817, 40.815477838678277 ], [ -96.789399693592571, 40.815485923395563 ], [ -96.789425712645411, 40.815495513669212 ], [ -96.789448281428051, 40.81550421913218 ], [ -96.789473829857116, 40.815514513054602 ], [ -96.789495970535114, 40.815523825783153 ], [ -96.789517901869942, 40.815533421430679 ], [ -96.789542699253914, 40.815544722693595 ], [ -96.789564160976013, 40.815554907635125 ], [ -96.789585394379941, 40.815565367408702 ], [ -96.789609373116463, 40.8155776445575 ], [ -96.789630096580368, 40.815588672951208 ], [ -96.789650575121414, 40.815599968087994 ], [ -96.789673666416917, 40.815613186067331 ], [ -96.789693594687634, 40.81562502734959 ], [ -96.789713259056128, 40.815637124586736 ], [ -96.789735401230544, 40.815651250136028 ], [ -96.789757182405239, 40.815665688452995 ], [ -96.78977327654664, 40.815676734407916 ], [ -96.789794405529747, 40.815691721662596 ], [ -96.789812582076564, 40.815705088918861 ], [ -96.789830456762004, 40.815718690553652 ], [ -96.789852998093806, 40.8157364913367 ], [ -96.789867741531381, 40.815748571278178 ], [ -96.789884647800136, 40.815762864398842 ], [ -96.789903568929063, 40.815779486085084 ], [ -96.789944642652898, 40.815817749265904 ], [ -96.791154496025896, 40.816991106062304 ], [ -96.791939122262349, 40.817308400865521 ], [ -96.792275987976709, 40.817378313598709 ], [ -96.792828773682928, 40.817492958869188 ], [ -96.796198467885603, 40.817930352580817 ], [ -96.796203106793641, 40.817814961002632 ], [ -96.799393899265411, 40.818251862525869 ], [ -96.799431637478179, 40.813892692542389 ], [ -96.800050632277859, 40.813895663627065 ], [ -96.800047409235958, 40.813705732643704 ], [ -96.801053262921968, 40.813695783530918 ], [ -96.801031718752853, 40.812422654150105 ], [ -96.800987333310843, 40.809799687881238 ], [ -96.800886330541033, 40.809760255404129 ], [ -96.800861700973286, 40.809750640233808 ], [ -96.800545245739627, 40.809628563546156 ], [ -96.800226095383636, 40.809510592831415 ], [ -96.799904123745463, 40.809397138792271 ], [ -96.799875370793771, 40.809387088891476 ], [ -96.799579418590938, 40.809288273356081 ], [ -96.799252330029177, 40.809183623378836 ], [ -96.799105205187757, 40.809137508360465 ], [ -96.798922952866818, 40.809083219364474 ], [ -96.798591374790504, 40.808987087322528 ], [ -96.798257690599982, 40.808895255957943 ], [ -96.798128638355379, 40.80886131534276 ], [ -96.797921991528867, 40.808807748577316 ], [ -96.797584328717832, 40.808724710986716 ], [ -96.797453694341712, 40.808694658334538 ], [ -96.797244571564946, 40.808646754694244 ], [ -96.796903126561787, 40.808573203965068 ], [ -96.796703177498316, 40.808532117855457 ], [ -96.796389573265998, 40.808470847557295 ], [ -96.796142922322502, 40.808426877871419 ], [ -96.795883790009867, 40.808383326323373 ], [ -96.795647593257385, 40.808345968574685 ], [ -96.795437627342324, 40.808314617108636 ], [ -96.795164488812844, 40.808265432093343 ], [ -96.794800709935231, 40.80822765070554 ], [ -96.794273659803821, 40.808172079937783 ], [ -96.793972636812228, 40.808143722529572 ], [ -96.793698546426981, 40.808120908027171 ], [ -96.793307198012059, 40.808093271763099 ], [ -96.792943771879905, 40.808072785333103 ], [ -96.792655773448601, 40.808067609892845 ], [ -96.79229201196884, 40.80803934997941 ], [ -96.791840501017717, 40.808039756986162 ], [ -96.791413993278212, 40.808036020298957 ], [ -96.790925174304391, 40.808034273560295 ], [ -96.790510977836504, 40.808033313935631 ], [ -96.79005952512361, 40.808032266907539 ], [ -96.789559386159311, 40.808031104275649 ], [ -96.789771425625474, 40.808270312358374 ], [ -96.790046421949143, 40.808474302062869 ], [ -96.789895212086876, 40.808471010332873 ], [ -96.789188601893272, 40.808469366319031 ], [ -96.78757543396523, 40.808465595923423 ], [ -96.786082170316078, 40.808682131710292 ], [ -96.785172742267122, 40.808827446353909 ], [ -96.785163140324883, 40.809992080695253 ], [ -96.782646045760387, 40.809988244037605 ], [ -96.780361581351215, 40.809984714969815 ], [ -96.778691788257291, 40.809981580622086 ], [ -96.778701049164397, 40.806434793540674 ], [ -96.761245977611296, 40.806435917690166 ], [ -96.758963096268843, 40.806436037530737 ], [ -96.758955571523757, 40.804662459509487 ], [ -96.758955560246633, 40.804659657331854 ], [ -96.758955530181922, 40.804657017245887 ], [ -96.758945711272432, 40.802842853418611 ], [ -96.7637282551959, 40.802859863567683 ], [ -96.763726178301681, 40.804698552969697 ], [ -96.768477360847882, 40.80495754433737 ], [ -96.768491980394614, 40.802881672573442 ], [ -96.766120803891667, 40.802869569373989 ], [ -96.766120158859181, 40.799339435590852 ], [ -96.766603297449549, 40.799338581858962 ], [ -96.768516451387484, 40.799345205604027 ], [ -96.768514724522959, 40.799380163010895 ], [ -96.768506269139678, 40.800844573471593 ], [ -96.769048415979071, 40.800838243158694 ], [ -96.76962075517109, 40.801050861086786 ], [ -96.770313817566333, 40.80120556176368 ], [ -96.770357190161931, 40.80109335694722 ], [ -96.773293087440294, 40.801066642475945 ], [ -96.773295098742636, 40.800737245438846 ], [ -96.773443744968006, 40.800735890218959 ], [ -96.773440714197491, 40.800543786018409 ], [ -96.773260143109169, 40.80054543134446 ], [ -96.773263992907346, 40.799944014614653 ], [ -96.773267424959883, 40.799348617609773 ], [ -96.773266625501066, 40.799295153336516 ], [ -96.774004461428802, 40.799290555904072 ], [ -96.774013104814003, 40.795966660363035 ], [ -96.773275866218015, 40.795969479021473 ], [ -96.773276436829235, 40.795584571144332 ], [ -96.773494475217461, 40.795582417220672 ], [ -96.773755695282006, 40.795573819644829 ], [ -96.774033283259953, 40.795528898786721 ], [ -96.774264079806201, 40.795462598714536 ], [ -96.77469906873776, 40.795328518819943 ], [ -96.774973858737511, 40.79522083758998 ], [ -96.775027903405345, 40.795189532471056 ], [ -96.776036094756932, 40.795818285480522 ], [ -96.776625271873684, 40.795368123074049 ], [ -96.777173648719739, 40.7951911026259 ], [ -96.776789569977936, 40.794826841201342 ], [ -96.776542411988061, 40.794733357558307 ], [ -96.776412891670631, 40.794511257245581 ], [ -96.776425872821179, 40.794363964881036 ], [ -96.776425879839366, 40.794363896441723 ], [ -96.776419759938634, 40.794360998989418 ], [ -96.776416222864469, 40.794360715355992 ], [ -96.776412685777174, 40.794360421817565 ], [ -96.776409148681594, 40.794360121975892 ], [ -96.776405615128539, 40.79435981312696 ], [ -96.776402080379981, 40.794359496174806 ], [ -96.776398547991519, 40.794359172017138 ], [ -96.776395015592371, 40.794358839755397 ], [ -96.776391487920606, 40.794358498485437 ], [ -96.776387957869701, 40.794358150013615 ], [ -96.77638443136253, 40.794357793434976 ], [ -96.776380907214332, 40.794357428750409 ], [ -96.776377381870603, 40.794357055962614 ], [ -96.776373860070635, 40.794356675067981 ], [ -96.776370337075136, 40.794356286070141 ], [ -96.776366816440969, 40.794355890767257 ], [ -96.776363300534214, 40.794355486456176 ], [ -96.776359783430763, 40.794355073141446 ], [ -96.776356268687437, 40.794354652621223 ], [ -96.776352755118239, 40.794354223995995 ], [ -96.776349243908001, 40.794353787264846 ], [ -96.776345733873086, 40.794353343329092 ], [ -96.776342226195936, 40.794352890386975 ], [ -96.776338719694095, 40.794352430240281 ], [ -96.776335214366412, 40.794351961988554 ], [ -96.776331712582504, 40.794351485629996 ], [ -96.776328211972739, 40.794351001166419 ], [ -96.776324713723128, 40.794350509497342 ], [ -96.776321216646465, 40.794350008822811 ], [ -96.776317720745126, 40.794349500943703 ], [ -96.776314228387577, 40.794348984957779 ], [ -96.776310736019354, 40.794348460867717 ], [ -96.776307249565761, 40.794347929569469 ], [ -96.776303761915486, 40.794347389267543 ], [ -96.776300276625349, 40.794346841760159 ], [ -96.776296796063846, 40.794346286145029 ], [ -96.776293314306855, 40.794345722426677 ], [ -96.776289836094861, 40.794345151501958 ], [ -96.776286361426642, 40.794344572470386 ], [ -96.776282887932581, 40.794343985333803 ], [ -96.776279416797479, 40.794343390091299 ], [ -96.776275946836563, 40.794342786743748 ], [ -96.776272480420616, 40.794342176189851 ], [ -96.776269015178855, 40.794341557530892 ], [ -96.776265554665713, 40.794340930764207 ], [ -96.776262096512738, 40.794340296792065 ], [ -96.776258639533921, 40.794339654714904 ], [ -96.776255184914106, 40.794339004531793 ], [ -96.776251732653265, 40.794338346242768 ], [ -96.776248283937434, 40.794337680747361 ], [ -96.776244837580563, 40.794337007146041 ], [ -96.776241394768732, 40.794336326338325 ], [ -96.776237954314681, 40.794335636524238 ], [ -96.776234515035995, 40.794334939505568 ], [ -96.776231080487165, 40.794334235279621 ], [ -96.776227645926454, 40.794333522049115 ], [ -96.776224217281623, 40.794332802510866 ], [ -96.776220789809756, 40.794332073967162 ], [ -96.77621736469807, 40.794331338217965 ], [ -96.776213943129022, 40.794330593461495 ], [ -96.775758487595979, 40.794230568658769 ], [ -96.776160584099557, 40.793169517383028 ], [ -96.776214585085341, 40.792945632301688 ], [ -96.776197304393889, 40.792722240173887 ], [ -96.77611045471005, 40.792508268490622 ], [ -96.77595892479502, 40.792316064800211 ], [ -96.775751332434865, 40.792156769832395 ], [ -96.77549958865238, 40.792039654266908 ], [ -96.775567637619162, 40.791922203321711 ], [ -96.773285738834474, 40.791920992961721 ], [ -96.768484695708679, 40.791927863568183 ], [ -96.768448470409083, 40.784526181967202 ], [ -96.758835063931215, 40.784507603941449 ], [ -96.758833439561812, 40.786445686696176 ], [ -96.754155793776675, 40.786439697747198 ], [ -96.754162276375581, 40.78826280243365 ], [ -96.753096092854307, 40.788261316555001 ], [ -96.752987765905559, 40.788261165055097 ], [ -96.752879437772464, 40.788261013454189 ], [ -96.751975442015862, 40.788259744756068 ], [ -96.749531956808639, 40.788255100615345 ], [ -96.749531375535682, 40.788132231260619 ], [ -96.749530488103645, 40.7877505914472 ], [ -96.749498679934121, 40.787748025904371 ], [ -96.749493840272379, 40.784714110934871 ], [ -96.750578254261811, 40.784715373509115 ], [ -96.750576894763228, 40.784515028152697 ], [ -96.75058810839208, 40.783708928290935 ], [ -96.74948143999174, 40.783706752893757 ], [ -96.74948813070317, 40.783202652288352 ], [ -96.747151936432417, 40.783201922849003 ], [ -96.747166185775598, 40.784509461775727 ], [ -96.744867708647078, 40.784504422963145 ], [ -96.744869676198775, 40.783799426018163 ], [ -96.74357656298119, 40.784501936742764 ], [ -96.741251463148217, 40.784497614894143 ], [ -96.740122572193656, 40.784495497758144 ], [ -96.739814614857082, 40.784497384066391 ], [ -96.739814296596606, 40.784587943175289 ], [ -96.739813998485658, 40.784678516680898 ], [ -96.739812929766344, 40.784952982733436 ], [ -96.73980824862906, 40.785794670471368 ], [ -96.73952853952531, 40.786043371418266 ], [ -96.738696261247952, 40.786784574089893 ], [ -96.735725823149011, 40.789349293853334 ], [ -96.735826442800402, 40.777526231207993 ], [ -96.734527776011447, 40.777510457954698 ], [ -96.733958507413334, 40.777504605961859 ], [ -96.733977831771796, 40.775863613985251 ], [ -96.73481259784991, 40.775864126109774 ], [ -96.734820058060464, 40.77508745384965 ], [ -96.735108153504441, 40.77508410953449 ], [ -96.735110879152316, 40.775517460578818 ], [ -96.735536785651519, 40.775520586277665 ], [ -96.735556711809664, 40.773898406325891 ], [ -96.734799420213974, 40.773893408297774 ], [ -96.734810248219389, 40.772934907457042 ], [ -96.731336146043944, 40.772910099183179 ], [ -96.731355989585367, 40.771515252291834 ], [ -96.731374510453378, 40.770205989761322 ], [ -96.731122095294566, 40.770205128854421 ], [ -96.730913168696219, 40.770172864255088 ], [ -96.730588315191042, 40.770168661374541 ], [ -96.730565390097311, 40.770107383367829 ], [ -96.730549229313169, 40.768012411888556 ], [ -96.730513131182434, 40.768012164043768 ], [ -96.730504448061879, 40.76666736555854 ], [ -96.730540562042123, 40.766667607997675 ], [ -96.730528703062262, 40.764831100999885 ], [ -96.730564803062606, 40.764831408269245 ], [ -96.730556898464499, 40.763607203513345 ], [ -96.730484698525686, 40.763606464695741 ], [ -96.730474491621479, 40.76200136588286 ], [ -96.730473325838489, 40.76181618572533 ], [ -96.730469261037769, 40.761170834365636 ], [ -96.730505356410035, 40.761170703135733 ], [ -96.730496573008224, 40.759776253064871 ], [ -96.731249486450395, 40.759772957222353 ], [ -96.731465680150535, 40.759716085500315 ], [ -96.731934827781544, 40.759714028842204 ], [ -96.731932928198361, 40.759463522910778 ], [ -96.731929415733333, 40.759000457759321 ], [ -96.732395843048053, 40.758927249236443 ], [ -96.7326055156351, 40.758885172305092 ], [ -96.733225187129918, 40.758786599369465 ], [ -96.733043700046494, 40.758612380536846 ], [ -96.732770370553496, 40.758107247521963 ], [ -96.732715595934593, 40.758119058351824 ], [ -96.732693697466459, 40.75804024843638 ], [ -96.732678143097559, 40.757970907020095 ], [ -96.732665304534137, 40.757896935325988 ], [ -96.73265598922039, 40.757819871015244 ], [ -96.73265096121996, 40.757747225366593 ], [ -96.732649573119403, 40.757693689510525 ], [ -96.732635924546955, 40.755896505129485 ], [ -96.733976842443241, 40.755901013822374 ], [ -96.734627944853926, 40.755903197652614 ], [ -96.738113713057032, 40.755914820199401 ], [ -96.739782909484489, 40.755920355807632 ], [ -96.740021041644127, 40.755920660340699 ], [ -96.740020037422511, 40.755783698351607 ], [ -96.740081393631684, 40.755783792271217 ], [ -96.740082001236956, 40.755029030774359 ], [ -96.740082499118984, 40.754411499139579 ], [ -96.740083383972134, 40.753313665659029 ], [ -96.740083516107276, 40.753148990754205 ], [ -96.740083896306317, 40.752658481387641 ], [ -96.740084330636435, 40.752138681113628 ], [ -96.740022976600343, 40.752138595298106 ], [ -96.740023138185279, 40.751792553761327 ], [ -96.739785059117821, 40.751792860613975 ], [ -96.738416328474955, 40.751792211628562 ], [ -96.73841539965953, 40.752467941814487 ], [ -96.73724244989495, 40.752467341893407 ], [ -96.737242161063392, 40.752788814579958 ], [ -96.736900508069027, 40.752925588121123 ], [ -96.737107381874139, 40.753280925404091 ], [ -96.737180632967977, 40.753436271914666 ], [ -96.737259473232982, 40.753621972962186 ], [ -96.737259341867755, 40.753768231787781 ], [ -96.73725502059888, 40.753844687485497 ], [ -96.737242238446768, 40.753920546186059 ], [ -96.737209847930316, 40.754025987711472 ], [ -96.737172402350907, 40.754107295638548 ], [ -96.737107400598831, 40.754210271158321 ], [ -96.737027239359193, 40.754304796019866 ], [ -96.736919200609236, 40.754401363151274 ], [ -96.73681522268582, 40.754473101179499 ], [ -96.736610134027671, 40.754598571192524 ], [ -96.736545743090915, 40.75463305499013 ], [ -96.736484844196042, 40.754657943862391 ], [ -96.736419095058352, 40.754677866936966 ], [ -96.736346487242926, 40.754692576520995 ], [ -96.736284025330193, 40.754699645980494 ], [ -96.736222604256142, 40.75470180840464 ], [ -96.735064941215796, 40.754697722240522 ], [ -96.735070319110918, 40.754281994491343 ], [ -96.735074814714082, 40.754214095813339 ], [ -96.735087475165003, 40.754146796210492 ], [ -96.73510819308477, 40.754080662108677 ], [ -96.73513679359526, 40.754016250054875 ], [ -96.735173036685111, 40.75395410221391 ], [ -96.735216616023152, 40.753894741866986 ], [ -96.735267166060154, 40.753838668006267 ], [ -96.735324262027888, 40.753786353534529 ], [ -96.735387421118674, 40.753738238061125 ], [ -96.735456113141765, 40.753694726997793 ], [ -96.735529760520251, 40.753656187056684 ], [ -96.735607741839232, 40.753622940846654 ], [ -96.735859644771921, 40.753526817884939 ], [ -96.736047477447372, 40.753453159419053 ], [ -96.736233128711064, 40.753376368881241 ], [ -96.736416507395958, 40.753296483238699 ], [ -96.735932325741686, 40.752653329405796 ], [ -96.737461159243779, 40.751920739137176 ], [ -96.738861834109514, 40.751249527497279 ], [ -96.738867996171692, 40.750786302765626 ], [ -96.738870847571775, 40.750571936871225 ], [ -96.738898731181962, 40.748483304490684 ], [ -96.739787724243556, 40.748501692921096 ], [ -96.739787897275164, 40.748592050674702 ], [ -96.740027135055797, 40.748592162907535 ], [ -96.740088134001823, 40.748367201177849 ], [ -96.740079751920007, 40.747049324987699 ], [ -96.74001798477002, 40.747046395721263 ], [ -96.740003946130983, 40.744937301633328 ], [ -96.740002872028896, 40.744772626131272 ], [ -96.739997333828597, 40.743923817090256 ], [ -96.730495179035103, 40.743851724453918 ], [ -96.730500101835176, 40.741406438005995 ], [ -96.73050807054463, 40.741404559427863 ], [ -96.730979275199445, 40.741323662978985 ], [ -96.731326709659257, 40.741278911209427 ], [ -96.731559481028995, 40.741281019920038 ], [ -96.731765717596758, 40.741304090897643 ], [ -96.731771577812836, 40.741007533758747 ], [ -96.73136068955138, 40.739278388101575 ], [ -96.730295899164858, 40.739317024113184 ], [ -96.730255801445438, 40.736445696236558 ], [ -96.7298093297359, 40.736073230235156 ], [ -96.729806866181491, 40.73607119339502 ], [ -96.729804387244172, 40.736069166465406 ], [ -96.729801923715399, 40.736067170145667 ], [ -96.729799421114421, 40.736065162134068 ], [ -96.729796932738779, 40.736063185633228 ], [ -96.729794405290377, 40.736061196540071 ], [ -96.729791892066714, 40.73605923805723 ], [ -96.729789367011506, 40.736057289483611 ], [ -96.729786801700314, 40.736055329218559 ], [ -96.729784250613875, 40.736053399563801 ], [ -96.729781659270898, 40.736051457317167 ], [ -96.729779056096376, 40.736049524979769 ], [ -96.729776467146038, 40.736047622352181 ], [ -96.729773867548474, 40.736045730533888 ], [ -96.729771225326857, 40.736043826124529 ], [ -96.729768572458013, 40.736041932524458 ], [ -96.729765933812217, 40.736040066833297 ], [ -96.72976328333543, 40.736038211951815 ], [ -96.729760622211458, 40.736036367879571 ], [ -96.729757917279599, 40.736034511216765 ], [ -96.729755200515626, 40.736032663562682 ], [ -96.729752499159602, 40.736030845618004 ], [ -96.729749787156379, 40.736029038482592 ], [ -96.729747063321611, 40.736027241256402 ], [ -96.729744324101688, 40.736025450338893 ], [ -96.729741544628624, 40.73602365223222 ], [ -96.72973878174615, 40.736021882033583 ], [ -96.729736008216491, 40.736020122644213 ], [ -96.729733218117872, 40.736018369563965 ], [ -96.729730420924554, 40.736016629092582 ], [ -96.729727607163412, 40.736014896731184 ], [ -96.729724781570127, 40.736013173378574 ], [ -96.729721945330226, 40.736011461735679 ], [ -96.729719091337046, 40.736009755501811 ], [ -96.729716261039385, 40.736008080775299 ], [ -96.729713384568001, 40.73600639616037 ], [ -96.729710497449418, 40.73600472235465 ], [ -96.729707626920259, 40.736003074656097 ], [ -96.729704681796392, 40.736001400871203 ], [ -96.72970181720892, 40.735999789188597 ], [ -96.729698878027278, 40.735998152320079 ], [ -96.729695930567118, 40.735996528060838 ], [ -96.72969299614337, 40.735994927208694 ], [ -96.729690053441104, 40.735993338965812 ], [ -96.729687089433611, 40.735991755232831 ], [ -96.729684125436378, 40.735990187707984 ], [ -96.729681140134474, 40.735988625593457 ], [ -96.729678145369135, 40.735987074287735 ], [ -96.729675139956584, 40.735985533791272 ], [ -96.729672152316709, 40.735984018501043 ], [ -96.729669113768509, 40.735982494224551 ], [ -96.729666066940652, 40.735980980756445 ], [ -96.729663048543472, 40.735979498793924 ], [ -96.729660007656719, 40.735978020441287 ], [ -96.729656915862194, 40.735976534002795 ], [ -96.729653856049708, 40.735975079068659 ], [ -96.729650811640582, 40.735973646640282 ], [ -96.729647692640697, 40.735972194428683 ], [ -96.72964458786096, 40.735970765623691 ], [ -96.729641475985929, 40.735969348527114 ], [ -96.729638378330478, 40.735967953936729 ], [ -96.729635272395939, 40.735966571055172 ], [ -96.729632114370432, 40.73596518098865 ], [ -96.729628991877149, 40.735963820624264 ], [ -96.729625840975359, 40.735962463871857 ], [ -96.729622655745004, 40.735961108932649 ], [ -96.729619511967471, 40.73595978639483 ], [ -96.729616335044597, 40.735958464769297 ], [ -96.729613173524555, 40.735957164749067 ], [ -96.72960995991464, 40.73595585934477 ], [ -96.729606738025623, 40.735954565649315 ], [ -96.729603552852055, 40.735953300755114 ], [ -96.729600335718601, 40.735952039474149 ], [ -96.729597111490392, 40.735950790802043 ], [ -96.729593836355562, 40.735949535844966 ], [ -96.72959061806668, 40.735948319586946 ], [ -96.729587395050061, 40.735947115036453 ], [ -96.729584115207885, 40.735945904203128 ], [ -96.729580829455855, 40.735944707779133 ], [ -96.729577557921132, 40.735943530259483 ], [ -96.729574279291654, 40.735942365348677 ], [ -96.729570992383046, 40.735941212146699 ], [ -96.729567719691758, 40.735940077849072 ], [ -96.729564392544717, 40.735938940869573 ], [ -96.72956110566389, 40.735937831789592 ], [ -96.72955776314295, 40.73593671912775 ], [ -96.729554434839329, 40.735935625370246 ], [ -96.729551149169467, 40.735934559511435 ], [ -96.729547758130977, 40.735933474780857 ], [ -96.729544429854528, 40.735932424244936 ], [ -96.729541094483849, 40.73593138721828 ], [ -96.729537753201626, 40.735930361899612 ], [ -96.729534355095524, 40.735929332999419 ], [ -96.729531018567656, 40.735928338294329 ], [ -96.729527627584602, 40.735927341807781 ], [ -96.729524230689989, 40.7359263570292 ], [ -96.729520845644529, 40.735925390255368 ], [ -96.729517453504272, 40.735924436090372 ], [ -96.729514056636802, 40.735923494533345 ], [ -96.72951065267452, 40.735922565585149 ], [ -96.729507210833987, 40.735921641152757 ], [ -96.729503812809824, 40.735920742817726 ], [ -96.729500360330491, 40.735919842701222 ], [ -96.729496968243893, 40.735918974078885 ], [ -96.729493520518872, 40.735918104575973 ], [ -96.7294900668834, 40.73591724858192 ], [ -96.729486623911583, 40.735916407891686 ], [ -96.729483176213094, 40.735915580709865 ], [ -96.729479723787918, 40.735914767036498 ], [ -96.729476264267362, 40.735913965071468 ], [ -96.72947276568533, 40.735913168523119 ], [ -96.729469312101742, 40.735912395370356 ], [ -96.729465801698197, 40.735911624939227 ], [ -96.729462354052131, 40.735910881499173 ], [ -96.729458849585527, 40.735910139880303 ], [ -96.729455340391681, 40.735909410869368 ], [ -96.72945182528737, 40.7359086953673 ], [ -96.729448320846657, 40.735907995169079 ], [ -96.729444864956321, 40.735907319265628 ], [ -96.729441310807943, 40.735906637094111 ], [ -96.729437794554158, 40.735905976519824 ], [ -96.729434284228859, 40.735905331251082 ], [ -96.729430784567185, 40.735904701286124 ], [ -96.729427213878992, 40.735904072246989 ], [ -96.729423705947127, 40.735903468398014 ], [ -96.729420193287979, 40.73590287715701 ], [ -96.729416635648946, 40.73590229223521 ], [ -96.729413072098836, 40.735901719921792 ], [ -96.729409561833123, 40.735901170100568 ], [ -96.729405992380947, 40.735900624802717 ], [ -96.729402431224244, 40.735900093909088 ], [ -96.729398866524619, 40.735899576523423 ], [ -96.729395297098264, 40.735899072646212 ], [ -96.729391734783576, 40.735898583173608 ], [ -96.729388170109743, 40.735898107208577 ], [ -96.729384601892392, 40.735897643851096 ], [ -96.729381041970512, 40.735897194897824 ], [ -96.729377476138126, 40.735896759453404 ], [ -96.729373910313569, 40.735896336615241 ], [ -96.729370284120449, 40.735895921002218 ], [ -96.729366719497037, 40.735895526077563 ], [ -96.729363152515006, 40.735895145560882 ], [ -96.729359535818475, 40.735894772265546 ], [ -96.729355966483993, 40.735894416061804 ], [ -96.729352341517739, 40.735894069782873 ], [ -96.729348781671433, 40.735893742390118 ], [ -96.729345155537629, 40.735893422224578 ], [ -96.729341534147906, 40.735893116464553 ], [ -96.729337973142947, 40.735892829592366 ], [ -96.729334347034296, 40.735892549947003 ], [ -96.729330725670252, 40.735892285607576 ], [ -96.729327158770403, 40.735892037456779 ], [ -96.729323537423127, 40.735891800130808 ], [ -96.729319918451225, 40.735891575410243 ], [ -96.729316293568758, 40.73589136419848 ], [ -96.729312725519165, 40.735891170975457 ], [ -96.72930910538858, 40.735890986775473 ], [ -96.729305482898781, 40.735890816083071 ], [ -96.729301860417365, 40.735890658897361 ], [ -96.729298237944278, 40.735890515218401 ], [ -96.72929461547956, 40.735890385046119 ], [ -96.729290993023199, 40.735890268380608 ], [ -96.729287370575179, 40.735890165221761 ], [ -96.729283748136083, 40.735890076470127 ], [ -96.729280125704207, 40.73588999942428 ], [ -96.72927650446502, 40.735889936785199 ], [ -96.729272880866034, 40.73588988675322 ], [ -96.729269258459752, 40.735889851128 ], [ -96.729265634878004, 40.735889829009935 ], [ -96.729262012488405, 40.735889820398128 ], [ -96.729258390106565, 40.735889824392615 ], [ -96.729254767733067, 40.735889841893808 ], [ -96.729251144184644, 40.735889873802591 ], [ -96.729247521827787, 40.735889918317255 ], [ -96.729243900663064, 40.735889976338193 ], [ -96.72924027713907, 40.735890047866683 ], [ -96.729236654807195, 40.735890132901467 ], [ -96.72923303248362, 40.735890231442987 ], [ -96.729229410167832, 40.735890342590771 ], [ -96.729225842314463, 40.73589046722585 ], [ -96.72922222119908, 40.735890605386658 ], [ -96.729218600092565, 40.735890757954628 ], [ -96.729214977810003, 40.735890923129269 ], [ -96.729211351984944, 40.735891102712387 ], [ -96.729207716697914, 40.73589129580558 ], [ -96.729204096808388, 40.735891502400023 ], [ -96.729200475743397, 40.735891722501563 ], [ -96.729196905586676, 40.735891951589437 ], [ -96.729193282170698, 40.735892198705315 ], [ -96.729189658763005, 40.735892459327872 ], [ -96.729186095733866, 40.735892728933379 ], [ -96.729182477077345, 40.735893015667251 ], [ -96.729178854878299, 40.735893316809566 ], [ -96.729175283587551, 40.735893626938172 ], [ -96.729171664956965, 40.735893955993134 ], [ -96.729168097233583, 40.735894292233482 ], [ -96.729164477435233, 40.735894647401814 ], [ -96.72916091446352, 40.735895010653913 ], [ -96.729157291130917, 40.73589539373743 ], [ -96.729153725808743, 40.735895784904265 ], [ -96.729150154575365, 40.735896188679497 ], [ -96.729146539553497, 40.735896611379758 ], [ -96.729142974256121, 40.73589704306675 ], [ -96.729139401864316, 40.735897488263035 ], [ -96.729135842501279, 40.73589794516046 ], [ -96.729132276044908, 40.735898417368055 ], [ -96.729128713147603, 40.735898902180672 ], [ -96.729125143156921, 40.735899402303438 ], [ -96.729121575541527, 40.735899915031652 ], [ -96.729118013853309, 40.735900441264441 ], [ -96.72911445217278, 40.735900980103516 ], [ -96.72911094021562, 40.735901526128444 ], [ -96.729107376184572, 40.735902092882277 ], [ -96.729103815713657, 40.735902674042002 ], [ -96.729100303781777, 40.735903261487557 ], [ -96.729096739776011, 40.735903869661996 ], [ -96.729093232594636, 40.735904482318425 ], [ -96.729089718319898, 40.73590511028501 ], [ -96.72908615433991, 40.735905760780525 ], [ -96.729082647183802, 40.735906414857588 ], [ -96.729079145954842, 40.73590708243924 ], [ -96.729075634081141, 40.73590776533235 ], [ -96.729072128134035, 40.73590846082962 ], [ -96.729068611542189, 40.735909171638291 ], [ -96.729065165977417, 40.73590988242163 ], [ -96.729061660056075, 40.735910620239977 ], [ -96.729058142306201, 40.735911373370193 ], [ -96.729054697950417, 40.735912125573748 ], [ -96.729051190870479, 40.735912904813155 ], [ -96.729047740613296, 40.735913685833182 ], [ -96.729044280895693, 40.735914483064683 ], [ -96.729040788045268, 40.735915301918759 ], [ -96.729037337813253, 40.735916124359449 ], [ -96.729033876937578, 40.735916963912473 ], [ -96.729030438559278, 40.735917812461956 ], [ -96.729027039248578, 40.735918665499739 ], [ -96.729023576031025, 40.735919547374671 ], [ -96.729020137677864, 40.735920437344816 ], [ -96.729016737209079, 40.735921332704145 ], [ -96.729013292955585, 40.735922253291641 ], [ -96.729009887769692, 40.735923178367464 ], [ -96.729006505080051, 40.735924110638869 ], [ -96.729003111746735, 40.735925060022581 ], [ -96.728999704218936, 40.735926027420383 ], [ -96.728996322738737, 40.735927002012453 ], [ -96.728992928248388, 40.735927995518637 ], [ -96.72898954205219, 40.735929001628129 ], [ -96.728986190187314, 40.735930010426728 ], [ -96.728982814659858, 40.735931040844548 ], [ -96.728979477015685, 40.73593207485068 ], [ -96.728976125177539, 40.735933127771304 ], [ -96.728972801752917, 40.735934185184043 ], [ -96.728969461767875, 40.735935263313053 ], [ -96.728966132443972, 40.735936353144091 ], [ -96.728962787742333, 40.735937461890039 ], [ -96.728959497492525, 40.735938567014799 ], [ -96.728956165827739, 40.7359397009687 ], [ -96.728952890982384, 40.735940831300574 ], [ -96.728949600759279, 40.735941980547388 ], [ -96.728946340132936, 40.735943133385412 ], [ -96.728943042826728, 40.735944315050929 ], [ -96.728939776301601, 40.735945501207731 ], [ -96.728936494399264, 40.735946707179899 ], [ -96.728933265763899, 40.735947907730385 ], [ -96.728930000449211, 40.735949138008799 ], [ -96.728926765914508, 40.735950370977598 ], [ -96.728923560976568, 40.735951607537658 ], [ -96.728920318175511, 40.735952873826051 ], [ -96.728917108522566, 40.735954143704468 ], [ -96.728913882309158, 40.735955434299129 ], [ -96.7289107093616, 40.735956717671201 ], [ -96.728907499735826, 40.7359580325721 ], [ -96.728904342192109, 40.735959340250837 ], [ -96.728901170456083, 40.735960669545463 ], [ -96.728898008197916, 40.735962011443043 ], [ -96.728894853048956, 40.735963364143458 ], [ -96.728891726312952, 40.735964720435568 ], [ -96.728888564081927, 40.735966107355644 ], [ -96.728885455116767, 40.735967487053152 ], [ -96.72888231183984, 40.73596889647775 ], [ -96.728879194608851, 40.735970310395295 ], [ -96.728876128276156, 40.73597171709114 ], [ -96.728873031183014, 40.735973153512823 ], [ -96.728869915164026, 40.735974614253415 ], [ -96.72886687844543, 40.735976053354953 ], [ -96.728863822801486, 40.735977517675835 ], [ -96.728860777817587, 40.735978991897909 ], [ -96.728857715091564, 40.735980490438465 ], [ -96.728854664210445, 40.735982000680693 ], [ -96.728851622806076, 40.73598352172494 ], [ -96.728848629931349, 40.735985033747397 ], [ -96.728845620498319, 40.735986570087931 ], [ -96.728842646578187, 40.735988105515396 ], [ -96.728839657283018, 40.735989664360062 ], [ -96.72883665261385, 40.735991248422856 ], [ -96.728833721325074, 40.735992809047772 ], [ -96.728830736793739, 40.735994415614677 ], [ -96.728827799607743, 40.735996012259768 ], [ -96.728824845864509, 40.735997635023821 ], [ -96.728821929999569, 40.735999253272169 ], [ -96.728819034262187, 40.736000876916087 ], [ -96.728816112500567, 40.736002532085031 ], [ -96.728813238083703, 40.736004176431749 ], [ -96.728810345926377, 40.73600584779831 ], [ -96.728807464429579, 40.736007529966514 ], [ -96.728804593593338, 40.736009222936339 ], [ -96.728801771285632, 40.736010905083482 ], [ -96.728798930053685, 40.736012614250932 ], [ -96.728796101849269, 40.736014333318728 ], [ -96.728793283121618, 40.736016063188558 ], [ -96.728790475054495, 40.736017803860022 ], [ -96.728787651615008, 40.736019572450992 ], [ -96.728784900368851, 40.736021312201821 ], [ -96.728782133750329, 40.736023079872162 ], [ -96.728779349391885, 40.736024875462789 ], [ -96.728776605277673, 40.736026663835531 ], [ -96.728773877739641, 40.736028457605066 ], [ -96.7287711277298, 40.736030284699339 ], [ -96.72876842387987, 40.736032099170863 ], [ -96.728765729506648, 40.73603392444447 ], [ -96.728763051711283, 40.736035757816275 ], [ -96.728760353810017, 40.736037621810596 ], [ -96.728757699701646, 40.736039474083462 ], [ -96.728755056253235, 40.736041336257564 ], [ -96.728752398617345, 40.73604322815163 ], [ -96.728749751640876, 40.73604512904641 ], [ -96.728747146090811, 40.736047020021537 ], [ -96.728744553567211, 40.736048919096113 ], [ -96.728741945672851, 40.736050848791528 ], [ -96.728739376836785, 40.736052767667658 ], [ -96.728736792629974, 40.736054717164649 ], [ -96.72873425103117, 40.736056653139705 ], [ -96.728731691695131, 40.736058621537374 ], [ -96.72872917496764, 40.736060577313602 ], [ -96.728726641685626, 40.736062563711087 ], [ -96.72872414746189, 40.736064539289295 ], [ -96.728721641417678, 40.736066543686199 ], [ -96.728719146034521, 40.73606855978521 ], [ -96.728716716922008, 40.736070540743036 ], [ -96.72871424759289, 40.736072574841877 ], [ -96.728711817320956, 40.736074596320535 ], [ -96.728709370495565, 40.736076650221371 ], [ -96.72870696627767, 40.736078689699845 ], [ -96.728704546690082, 40.736080761600093 ], [ -96.728702164976482, 40.736082821781046 ], [ -96.728699772626726, 40.736084911680713 ], [ -96.728697418149821, 40.736086988060165 ], [ -96.728695071967536, 40.73608907794349 ], [ -96.728692717516111, 40.736091196644239 ], [ -96.728690397387282, 40.736093303626959 ], [ -96.728688092652504, 40.736095418708288 ], [ -96.728685802128524, 40.736097542789139 ], [ -96.728683519898595, 40.736099679473412 ], [ -96.728681255427546, 40.736101819753202 ], [ -96.728679001618133, 40.736103972635568 ], [ -96.728676779763759, 40.736106113800709 ], [ -96.728674525980878, 40.736108310805335 ], [ -96.728672333730259, 40.736110467267721 ], [ -96.728670127295942, 40.736112659753324 ], [ -96.728667936255647, 40.736114860337537 ], [ -96.72866575942507, 40.736117068120336 ], [ -96.728663616917132, 40.736119264185128 ], [ -96.728661487435673, 40.736121468349381 ], [ -96.728659347320772, 40.736123706734666 ], [ -96.728657220232876, 40.736125954119885 ], [ -96.728655126282746, 40.736128187986566 ], [ -96.728653047727761, 40.736130431752805 ], [ -96.728650983381399, 40.736132680916732 ], [ -96.728648926148026, 40.736134947186791 ], [ -96.728646864195781, 40.736137240472139 ], [ -96.728644861408256, 40.736139493216164 ], [ -96.72864284680459, 40.736141781982489 ], [ -96.728640839313371, 40.736144086954518 ], [ -96.728638870874519, 40.73614637120226 ], [ -96.728636892987637, 40.736148692371998 ], [ -96.728634955334684, 40.736150989215247 ], [ -96.728633005867252, 40.736153324782229 ], [ -96.728631088354334, 40.73615564773155 ], [ -96.728629160209621, 40.736158007603258 ], [ -96.728627272300514, 40.736160345849861 ], [ -96.728625390320602, 40.736162701202993 ], [ -96.72862354857466, 40.736165032229664 ], [ -96.728621696198005, 40.736167401979628 ], [ -96.728619859214319, 40.736169778027353 ], [ -96.72861805181816, 40.736172142358711 ], [ -96.728616234975604, 40.736174546313407 ], [ -96.728614458365399, 40.736176923240258 ], [ -96.728612673492023, 40.73617933888962 ], [ -96.72861091583971, 40.736181744624332 ], [ -96.728609175946872, 40.736184154855074 ], [ -96.728607450263766, 40.736186572284431 ], [ -96.728605752984393, 40.736188977997877 ], [ -96.728604047442431, 40.73619142333424 ], [ -96.728602379764695, 40.736193840743177 ], [ -96.728600706192481, 40.736196298674628 ], [ -96.728599061024042, 40.736198744890146 ], [ -96.728597428880988, 40.736201197404291 ], [ -96.728595814497965, 40.736203655314881 ], [ -96.72859421550848, 40.736206120423681 ], [ -96.7285926212666, 40.736208606241291 ], [ -96.728591063706304, 40.736211065932793 ], [ -96.728589502617993, 40.736213564345078 ], [ -96.728587955721963, 40.736216041141439 ], [ -96.728586514059202, 40.736218313497396 ], [ -96.728585028612969, 40.736220613782791 ], [ -96.728583519484275, 40.73622290327102 ], [ -96.728581999686057, 40.736225167550266 ], [ -96.728580459758362, 40.73622742373243 ], [ -96.72857888432118, 40.736229687130653 ], [ -96.728577310043107, 40.736231910007973 ], [ -96.728575691978278, 40.736234155412042 ], [ -96.728574062061256, 40.736236377408382 ], [ -96.728572409646048, 40.736238589507593 ], [ -96.728570722906227, 40.736240810623372 ], [ -96.72856903850878, 40.736242990317336 ], [ -96.728567309140217, 40.736245191638027 ], [ -96.728565567919986, 40.736247370451437 ], [ -96.728563805385363, 40.736249539367286 ], [ -96.728562047561226, 40.736251667760961 ], [ -96.728560228203293, 40.736253834895791 ], [ -96.728558396994757, 40.736255981324248 ], [ -96.728556559849096, 40.736258098039741 ], [ -96.728554713219907, 40.736260193147601 ], [ -96.728552819250396, 40.736262307181605 ], [ -96.728550913431349, 40.736264402310148 ], [ -96.728548987480622, 40.736266485739812 ], [ -96.728547022470096, 40.736268578187719 ], [ -96.728545082283063, 40.736270611196773 ], [ -96.728543084107542, 40.736272673040752 ], [ -96.728541084729557, 40.736274704269611 ], [ -96.728539046291232, 40.736276743616209 ], [ -96.728537016115837, 40.736278744240302 ], [ -96.728534944513044, 40.736280753883428 ], [ -96.728532852779111, 40.736282752728158 ], [ -96.728530770491915, 40.736284712849894 ], [ -96.728528618381603, 40.736286707213395 ], [ -96.728526498198079, 40.736288643036055 ], [ -96.728524340136872, 40.736290585175134 ], [ -96.728522159576954, 40.736292516516592 ], [ -96.728519963618865, 40.736294433456131 ], [ -96.728517725048491, 40.736296357614215 ], [ -96.728515521957391, 40.736298225031078 ], [ -96.728513273887515, 40.736300101468252 ], [ -96.728510983205311, 40.736301985123937 ], [ -96.728508698422303, 40.736303836361095 ], [ -96.728506399423864, 40.736305671395037 ], [ -96.728504082660763, 40.73630749382874 ], [ -96.728501720918302, 40.736309324382276 ], [ -96.728499367441543, 40.736311120715548 ], [ -96.728496999750419, 40.736312902646439 ], [ -96.728494584712351, 40.736314692697981 ], [ -96.728492151909109, 40.736316469248898 ], [ -96.728489730922917, 40.736318211578258 ], [ -96.72848729217101, 40.736319939506515 ], [ -96.728484835654413, 40.736321654834569 ], [ -96.728482361373182, 40.736323357562405 ], [ -96.728479872877045, 40.736325044987417 ], [ -96.728477335849078, 40.736326738732572 ], [ -96.728474809455491, 40.736328400057538 ], [ -96.728472293697379, 40.73633003076322 ], [ -96.728469704558137, 40.736331684906411 ], [ -96.728467126052749, 40.736333305728955 ], [ -96.728464530965965, 40.736334913050392 ], [ -96.728461948881716, 40.736336488851272 ], [ -96.728459315898036, 40.736338070973119 ], [ -96.728456669882675, 40.736339636891252 ], [ -96.728454007285947, 40.736341189308291 ], [ -96.728451357691739, 40.736342710204767 ], [ -96.728448684415554, 40.736344221204483 ], [ -96.72844596970593, 40.736345731318153 ], [ -96.728443266816143, 40.736347211712591 ], [ -96.728440540244932, 40.736348683110691 ], [ -96.728437771055937, 40.73635015272275 ], [ -96.728435016054362, 40.73635159261471 ], [ -96.728432271689428, 40.736353003688315 ], [ -96.728429475239594, 40.736354418381907 ], [ -96.728426705995687, 40.736355797948129 ], [ -96.728423908335699, 40.736357169420117 ], [ -96.728421032554479, 40.736358556227131 ], [ -96.728418233683811, 40.736359883577073 ], [ -96.728415382727192, 40.736361212746061 ], [ -96.728412517556237, 40.736362527512682 ], [ -96.728409639353089, 40.736363825175147 ], [ -96.728406733917126, 40.736365113842474 ], [ -96.728403856871438, 40.736366368282496 ], [ -96.728400949042111, 40.736367614629117 ], [ -96.728398030548163, 40.736368843870714 ], [ -96.72839509902262, 40.736370056908598 ], [ -96.72839213671287, 40.736371260952609 ], [ -96.728389161371481, 40.736372448792899 ], [ -96.728386200219759, 40.736373610514924 ], [ -96.728383224852095, 40.73637475513322 ], [ -96.728380240004157, 40.736375883546501 ], [ -96.728377222004454, 40.736377002966748 ], [ -96.728374237131305, 40.73637808995894 ], [ -96.72837119780246, 40.736379175169183 ], [ -96.728368170296775, 40.736380236062899 ], [ -96.728365106088489, 40.736381288865239 ], [ -96.728362078557623, 40.736382308337845 ], [ -96.728358994203433, 40.736383326029298 ], [ -96.728355898000899, 40.736384326616175 ], [ -96.728352814805348, 40.736385302886077 ], [ -96.728349741065898, 40.736386255740783 ], [ -96.728346660213319, 40.736387191489207 ], [ -96.728343518985483, 40.736388124557273 ], [ -96.728340420354613, 40.736389025193972 ], [ -96.728337281469223, 40.736389916840103 ], [ -96.72833415322377, 40.736390785070554 ], [ -96.72833100484614, 40.736391640701569 ], [ -96.728063303351121, 40.736463841388506 ], [ -96.728060173893297, 40.736464673593751 ], [ -96.728056967490247, 40.736465508526926 ], [ -96.728053824993239, 40.736466311921902 ], [ -96.728050690770857, 40.736467095503905 ], [ -96.728047499725108, 40.736467877304619 ], [ -96.728044354831169, 40.736468632075578 ], [ -96.728041151929006, 40.736469383264726 ], [ -96.728037957302547, 40.736470116441808 ], [ -96.728034759116014, 40.736470835212742 ], [ -96.72803156920466, 40.736471535071146 ], [ -96.728028359161172, 40.73647222233005 ], [ -96.728025171597878, 40.736472889771044 ], [ -96.728021913005691, 40.736473555435666 ], [ -96.728018717137374, 40.736474192263877 ], [ -96.728015462076499, 40.736474824610227 ], [ -96.72801226855627, 40.736475429021056 ], [ -96.72800901702675, 40.736476028049132 ], [ -96.728005758385763, 40.736476612672305 ], [ -96.728002511571916, 40.736477179282168 ], [ -96.727999258829882, 40.736477730586245 ], [ -96.727996013180331, 40.736478264779109 ], [ -96.727992749765704, 40.736478785471206 ], [ -96.727989495811713, 40.736479289951724 ], [ -96.727986248950216, 40.736479777321065 ], [ -96.727982997344341, 40.736480249384172 ], [ -96.727979688911361, 40.736480713362781 ], [ -96.727976438469824, 40.736481153008924 ], [ -96.727973131201708, 40.736481585470962 ], [ -96.72796987482333, 40.736481995403928 ], [ -96.727966571087151, 40.736482395448171 ], [ -96.727963261422815, 40.736482780186627 ], [ -96.727959951748744, 40.736483148716786 ], [ -96.727956700067736, 40.73648349561585 ], [ -96.727953390374779, 40.736483832629872 ], [ -96.727950078305042, 40.736484154336878 ], [ -96.72794677332837, 40.736484459833143 ], [ -96.727943463607346, 40.736484750023187 ], [ -96.727940158611787, 40.736485024003322 ], [ -96.72793685005567, 40.736485282676838 ], [ -96.727933540306609, 40.736485526042941 ], [ -96.727930234099759, 40.736485754099952 ], [ -96.727926871062607, 40.736485968669676 ], [ -96.727923558917382, 40.736486164312154 ], [ -96.727920257417708, 40.736486345543568 ], [ -96.727916916843597, 40.736486511480663 ], [ -96.727913575077082, 40.736486663010744 ], [ -96.727910255791926, 40.73648679652387 ], [ -96.72790694715232, 40.736486915625925 ], [ -96.727903580498108, 40.736487020340647 ], [ -96.727900273022939, 40.73648710702571 ], [ -96.727896966722426, 40.73648717840252 ], [ -96.727893603591099, 40.736487235391586 ], [ -96.727890293720932, 40.736487276153959 ], [ -96.727886985025947, 40.736487302508529 ], [ -96.727883620682888, 40.736487312674015 ], [ -96.727880314336176, 40.736487306611174 ], [ -96.727876948789984, 40.736487284360464 ], [ -96.727873640057965, 40.736487248583259 ], [ -96.727870331316282, 40.736487196597722 ], [ -96.727866969293572, 40.736487127521833 ], [ -96.727863660533131, 40.736487044020166 ], [ -96.727860350580286, 40.736486946111533 ], [ -96.727856984978303, 40.736486830212897 ], [ -96.727853677373773, 40.736486699886882 ], [ -96.727850370943912, 40.736486554252572 ], [ -96.727847005314075, 40.736486391529951 ], [ -96.727843697682232, 40.736486215280408 ], [ -96.727840386489333, 40.736486022823769 ], [ -96.727837077655494, 40.736485815958964 ], [ -96.72783377117959, 40.736485592885053 ], [ -96.727830459959407, 40.736485354504929 ], [ -96.727827152281534, 40.736485100815727 ], [ -96.727823845777806, 40.736484830917846 ], [ -96.727820534529286, 40.736484544813266 ], [ -96.727817226823618, 40.736484244300094 ], [ -96.727813914372589, 40.736483926679831 ], [ -96.72781060428008, 40.736483593750904 ], [ -96.727807296546089, 40.736483245513313 ], [ -96.727803991170603, 40.736482881967071 ], [ -96.727800737876279, 40.736482508497801 ], [ -96.727797423010699, 40.736482111637791 ], [ -96.727794121158311, 40.736481700365893 ], [ -96.727790866651915, 40.736481279172601 ], [ -96.727787551758581, 40.736480835488628 ], [ -96.72778429604972, 40.736480382779611 ], [ -96.727781042699391, 40.736479914761951 ], [ -96.7277777396163, 40.736479424249936 ], [ -96.727774483879728, 40.736478924716948 ], [ -96.727771231684969, 40.736478408974463 ], [ -96.727767972377833, 40.736477877026132 ], [ -96.727764716613024, 40.736477329768768 ], [ -96.727761466758167, 40.736476767201495 ], [ -96.727758208606616, 40.736476187528353 ], [ -96.727755008457905, 40.736475602432435 ], [ -96.727751515875823, 40.736474957106452 ], [ -96.727748017380151, 40.736474320786954 ], [ -96.727744554410762, 40.736473705165629 ], [ -96.727741046460949, 40.736473095862841 ], [ -96.727737536151594, 40.736472500067613 ], [ -96.727734032954203, 40.736471919577582 ], [ -96.727730526212966, 40.736471351695009 ], [ -96.727727014745156, 40.736470798221269 ], [ -96.727723502100574, 40.736470256453742 ], [ -96.727719939740879, 40.736469721906836 ], [ -96.72771642948166, 40.736469209853311 ], [ -96.727712925149461, 40.736468711304461 ], [ -96.727709354527988, 40.736468218181045 ], [ -96.727705845476763, 40.736467746647264 ], [ -96.727702286710439, 40.736467282334132 ], [ -96.727698770572587, 40.73646683781628 ], [ -96.727695207086668, 40.736466399617754 ], [ -96.727691693333057, 40.736465983012991 ], [ -96.727688132231947, 40.736465573628003 ], [ -96.727684567587488, 40.736465177750951 ], [ -96.727681001767294, 40.736464795381053 ], [ -96.727677438323283, 40.736464427417488 ], [ -96.727673922241834, 40.736464077446684 ], [ -96.727670355262532, 40.736463736497797 ], [ -96.727666794210805, 40.736463409954062 ], [ -96.727663229615189, 40.736463096017822 ], [ -96.727659663843824, 40.736462795588686 ], [ -96.727656095712902, 40.736462508667088 ], [ -96.727652529958164, 40.736462236151873 ], [ -96.727648908570373, 40.73646197266018 ], [ -96.7276453416479, 40.736461727158783 ], [ -96.72764177473401, 40.736461496064599 ], [ -96.727638205459996, 40.736461277577462 ], [ -96.727634643296796, 40.736461072594629 ], [ -96.727631018398853, 40.736460878438677 ], [ -96.727627451516526, 40.736460700470921 ], [ -96.727623885826546, 40.736460536909902 ], [ -96.727620321327834, 40.736460385954778 ], [ -96.727616697646297, 40.736460246725713 ], [ -96.727613130796044, 40.736460122784834 ], [ -96.727609508314345, 40.736460010568827 ], [ -96.727605940296826, 40.736459914542237 ], [ -96.727602375838202, 40.736459831120698 ], [ -96.727598751014, 40.736459761226584 ], [ -96.727595186571364, 40.7364597048185 ], [ -96.72759161858589, 40.736459662818781 ], [ -96.727587996153275, 40.736459633444028 ], [ -96.727584430550849, 40.736459617556505 ], [ -96.727580806950968, 40.736459616096013 ], [ -96.727577240180736, 40.736459627222331 ], [ -96.727573674602837, 40.736459652755457 ], [ -96.727570051026404, 40.73645969091465 ], [ -96.727566485464465, 40.736459743461197 ], [ -96.727562863088309, 40.736459809533919 ], [ -96.727559295174771, 40.736459889094711 ], [ -96.727555729636236, 40.736459981260957 ], [ -96.727552106100774, 40.736460088754683 ], [ -96.727548540578738, 40.736460208834821 ], [ -96.727544971512756, 40.736460341522466 ], [ -96.727541350369336, 40.736460490435995 ], [ -96.727537783686884, 40.736460650136252 ], [ -96.727534215829152, 40.736460824244098 ], [ -96.727530580505146, 40.736461015483563 ], [ -96.727527013847123, 40.73646121660444 ], [ -96.727523444828932, 40.73646143033239 ], [ -96.727519881738758, 40.736461659365958 ], [ -96.727516312736483, 40.736461900107344 ], [ -96.727512695209199, 40.736462158874353 ], [ -96.727509123856336, 40.73646242843089 ], [ -96.727505561981744, 40.736462711490944 ], [ -96.727501994195606, 40.73646300715928 ], [ -96.727498428785012, 40.736463316333527 ], [ -96.727494859832021, 40.736463640816602 ], [ -96.727491299172485, 40.736463977002678 ], [ -96.727487733786234, 40.736464327597552 ], [ -96.727484218124687, 40.736464687179904 ], [ -96.727480650387264, 40.736465065689465 ], [ -96.727477085025882, 40.736465458605423 ], [ -96.727473522038963, 40.736465863226357 ], [ -96.727470008777274, 40.736466277735246 ], [ -96.727466443439667, 40.736466711171339 ], [ -96.727462880477589, 40.736467158113363 ], [ -96.727459376708424, 40.736467610437828 ], [ -96.727455809028072, 40.736468086195828 ], [ -96.727452302908233, 40.736468567335429 ], [ -96.727448787326466, 40.736469062885448 ], [ -96.727445220854179, 40.736469580063677 ], [ -96.727441712391013, 40.736470102624729 ], [ -96.727438208670407, 40.73647063779044 ], [ -96.727434696672219, 40.736471188266592 ], [ -96.727431187049518, 40.736471752248683 ], [ -96.727427682169903, 40.736472329735889 ], [ -96.727424171379724, 40.736472921632263 ], [ -96.727420662965059, 40.736473527034576 ], [ -96.727417156925867, 40.736474145942836 ], [ -96.727413643792872, 40.736474780161103 ], [ -96.727410188667918, 40.736475417961337 ], [ -96.727406683837273, 40.736476079190254 ], [ -96.727403237014144, 40.736476743100646 ], [ -96.727399727465155, 40.736477433145552 ], [ -96.727396275923667, 40.73647812587194 ], [ -96.727392814921302, 40.736478834809645 ], [ -96.727389372865431, 40.7364795536458 ], [ -96.727385869268019, 40.736480299516479 ], [ -96.72738240710602, 40.736481049875245 ], [ -96.727379017154945, 40.736481799308827 ], [ -96.727375565662882, 40.736482576677403 ], [ -96.727372102342841, 40.73648337115857 ], [ -96.727368661519591, 40.736484173736066 ], [ -96.727365262132309, 40.736484981702084 ], [ -96.727361816591738, 40.736485814896461 ], [ -96.727358425505699, 40.736486648072201 ], [ -96.727355034426992, 40.736487493854241 ], [ -96.727351893092106, 40.736488276519232 ], [ -96.727348799096262, 40.736489037557106 ], [ -96.727345701544181, 40.736489790491994 ], [ -96.727342564926246, 40.736490542539649 ], [ -96.727339408181038, 40.736491290091791 ], [ -96.727336316530781, 40.736492014209844 ], [ -96.72733316924311, 40.736492740147654 ], [ -96.727330018399215, 40.736493457982505 ], [ -96.727326879386325, 40.736494164107299 ], [ -96.727323790080618, 40.736494849504616 ], [ -96.727320628566474, 40.736495540329152 ], [ -96.727317495455438, 40.736496217637097 ], [ -96.727314344583675, 40.736496888647835 ], [ -96.727311135707424, 40.736497562379554 ], [ -96.727307991926139, 40.73649821267724 ], [ -96.727304845772437, 40.736498854871499 ], [ -96.727301696062, 40.736499488062336 ], [ -96.727298490714148, 40.736500123072943 ], [ -96.727295348094188, 40.73650073555072 ], [ -96.727292203102365, 40.736501340825583 ], [ -96.727289003655841, 40.73650194611885 ], [ -96.727285852734326, 40.736502533386442 ], [ -96.727282644991064, 40.736503121573719 ], [ -96.727279447895569, 40.7365036989518 ], [ -96.72727628985578, 40.736504260108333 ], [ -96.727273089198221, 40.736504819478348 ], [ -96.727269895637022, 40.73650536804039 ], [ -96.727266687865992, 40.736505909403533 ], [ -96.727263478906366, 40.736506442662893 ], [ -96.727260279410174, 40.736506964213007 ], [ -96.727257128439561, 40.736507468637903 ], [ -96.727253924198038, 40.736507973080826 ], [ -96.727250672603574, 40.736508475738816 ], [ -96.727247474269319, 40.736508960369505 ], [ -96.727244261725744, 40.736509438701738 ], [ -96.727241057461868, 40.73650990532515 ], [ -96.72723786147921, 40.736510362941097 ], [ -96.727234654837602, 40.736510812456501 ], [ -96.727231399658692, 40.736511259286928 ], [ -96.727228196557306, 40.736511689891358 ], [ -96.727224991083517, 40.736512112392411 ], [ -96.727221732337242, 40.736512532210085 ], [ -96.727218523300905, 40.736512935802594 ], [ -96.72721526691106, 40.736513336709706 ], [ -96.727212066150656, 40.73651372229012 ], [ -96.727208803831203, 40.73651410518999 ], [ -96.727205606611022, 40.736514471859451 ], [ -96.727202343097133, 40.736514836750409 ], [ -96.727199086680201, 40.736515191733851 ], [ -96.727195884709431, 40.736515532291435 ], [ -96.727192622362352, 40.73651586836715 ], [ -96.727189361194817, 40.736516197238693 ], [ -96.727186160391383, 40.736516509881511 ], [ -96.727182902764099, 40.736516819842116 ], [ -96.727179645130974, 40.736517119897613 ], [ -96.72717638394117, 40.736517410949702 ], [ -96.727173120378467, 40.736517692997928 ], [ -96.727169863913247, 40.736517966039081 ], [ -96.727166661894714, 40.736518225554889 ], [ -96.7271634018675, 40.736518480587947 ], [ -96.727160143018779, 40.736518726615977 ], [ -96.727156885348037, 40.736518962738501 ], [ -96.727153621753544, 40.736519190758877 ], [ -96.727150365256549, 40.736519409772164 ], [ -96.72714710520232, 40.73651961888153 ], [ -96.727143848694197, 40.736519818985087 ], [ -96.727140587446129, 40.736520010986048 ], [ -96.727137334478826, 40.736520193079066 ], [ -96.727134060198409, 40.736520367075137 ], [ -96.727130755135065, 40.736520533877915 ], [ -96.72712750925416, 40.736520688054163 ], [ -96.727124232590313, 40.736520835037084 ], [ -96.727120955921166, 40.736520973015367 ], [ -96.727117707657357, 40.736521101078914 ], [ -96.727114446366485, 40.736521220142244 ], [ -96.727111189805527, 40.736521330199317 ], [ -96.727107929687918, 40.736521431252939 ], [ -96.727104613927636, 40.73652152512166 ], [ -96.727101356167054, 40.736521608165184 ], [ -96.727098097217933, 40.736521683104939 ], [ -96.727094837078695, 40.736521747239529 ], [ -96.727091578118504, 40.736521803269504 ], [ -96.727088262331335, 40.736521851214526 ], [ -96.727085003360628, 40.736521889235235 ], [ -96.72708174438516, 40.736521919151727 ], [ -96.727078484220115, 40.736521939163552 ], [ -96.727075168411886, 40.736521951089962 ], [ -96.727071910603385, 40.736521952191225 ], [ -96.727068650423078, 40.736521946089539 ], [ -96.727065391420766, 40.736521930082361 ], [ -96.727062132413224, 40.736521905070518 ], [ -96.72705869583406, 40.736521876516804 ], [ -96.727055247421148, 40.736521855170594 ], [ -96.727051802562784, 40.736521839225816 ], [ -96.727048355341537, 40.736521831385843 ], [ -96.727044909307267, 40.736521828948106 ], [ -96.727041462093396, 40.736521833714278 ], [ -96.727038014883206, 40.736521844783582 ], [ -96.727034568861029, 40.736521863055991 ], [ -96.727031122842504, 40.736521887631497 ], [ -96.727027675643868, 40.736521918510505 ], [ -96.72702422963323, 40.736521956592625 ], [ -96.727020782443006, 40.736522001878711 ], [ -96.727017335256434, 40.736522053467858 ], [ -96.727013889257336, 40.736522111359712 ], [ -96.727010442078637, 40.73652217645548 ], [ -96.727006996087411, 40.736522247853969 ], [ -96.727003548916045, 40.73652232555591 ], [ -96.727000101748885, 40.736522410461426 ], [ -96.726996656952977, 40.736522501669207 ], [ -96.726993208609883, 40.736522600081734 ], [ -96.726989763822345, 40.736522705696601 ], [ -96.726986316670363, 40.736522816714881 ], [ -96.726982925159973, 40.736522933117051 ], [ -96.726979478016361, 40.736523058542438 ], [ -96.726976032059696, 40.73652318937004 ], [ -96.726972586107195, 40.736523327401187 ], [ -96.726969140158886, 40.736523472635881 ], [ -96.726965687111985, 40.736523625076494 ], [ -96.726962241171506, 40.736523783817823 ], [ -96.726958794050901, 40.736523948862626 ], [ -96.726955346934474, 40.736524121110968 ], [ -96.726951963744625, 40.736524296039022 ], [ -96.726948511900304, 40.736524480895135 ], [ -96.726945063612092, 40.736524673854049 ], [ -96.726941620062178, 40.736524872213977 ], [ -96.726938170596938, 40.736525076879019 ], [ -96.726934781507936, 40.736525286025866 ], [ -96.726931335602416, 40.736525505096772 ], [ -96.726927889700036, 40.736525729570324 ], [ -96.726924437883866, 40.736525963050312 ], [ -96.726921052361362, 40.736526198308752 ], [ -96.726917604103363, 40.736526443493283 ], [ -96.72691415703332, 40.736526695880926 ], [ -96.726910765603279, 40.736526950951109 ], [ -96.726907320908651, 40.736527216844593 ], [ -96.726903876218159, 40.736527489941608 ], [ -96.726900488350438, 40.736527763919852 ], [ -96.726897038932577, 40.736528050525081 ], [ -96.726893590702133, 40.736528343433037 ], [ -96.726890200479303, 40.736528639022701 ], [ -96.72688675462372, 40.736528944535991 ], [ -96.726883365591945, 40.736529252731458 ], [ -96.726879922112275, 40.736529572651037 ], [ -96.726876528353088, 40.736529894354717 ], [ -96.726873087248805, 40.73653022778015 ], [ -96.726869697048286, 40.736530562088802 ], [ -96.726866248849021, 40.736530909023244 ], [ -96.726862861024372, 40.736531257738186 ], [ -96.726859409282, 40.7365316190809 ], [ -96.726856021464613, 40.736531980402027 ], [ -96.726852628916191, 40.736532348928293 ], [ -96.726849190206451, 40.736532729175877 ], [ -96.726845797665803, 40.736533111208793 ], [ -96.726842407496378, 40.736533499543974 ], [ -96.72683896524714, 40.736533900502948 ], [ -96.726835569167022, 40.736534303247176 ], [ -96.726832182559832, 40.736534710490453 ], [ -96.726828790038837, 40.736535126740144 ], [ -96.726825343070487, 40.73653555561441 ], [ -96.726821954108118, 40.736535984469093 ], [ -96.726818565149372, 40.736536419626873 ], [ -96.726815177378043, 40.736536861087316 ], [ -96.726811781324784, 40.736537310654562 ], [ -96.726808397113118, 40.736537766520925 ], [ -96.726805005802788, 40.736538229593208 ], [ -96.726801614496068, 40.736538698968594 ], [ -96.726798224376765, 40.736539174646659 ], [ -96.72679483662867, 40.736539656627009 ], [ -96.726791450069001, 40.736540146710958 ], [ -96.726788056410172, 40.736540643100405 ], [ -96.726784673409114, 40.736541145789353 ], [ -96.72678128212614, 40.736541656585082 ], [ -96.726777947663791, 40.736542164660285 ], [ -96.726774558756119, 40.736542688961855 ], [ -96.726771173402923, 40.73654321866487 ], [ -96.726767776216406, 40.736543756475868 ], [ -96.726764448872302, 40.736544291561934 ], [ -96.726761057612464, 40.736544842877578 ], [ -96.726757720806233, 40.736545392373934 ], [ -96.726754333105006, 40.736545956294556 ], [ -96.726750945407886, 40.736546527418724 ], [ -96.726747615715198, 40.736547095821969 ], [ -96.726744220924047, 40.736547682256074 ], [ -96.726740894790467, 40.736548264164746 ], [ -96.726737556823579, 40.736548854181429 ], [ -96.726734167962704, 40.736549460423248 ], [ -96.726730835922481, 40.736550063944598 ], [ -96.726727505068595, 40.736550671967706 ], [ -96.726724109117811, 40.736551300723022 ], [ -96.726720783007323, 40.736551923151609 ], [ -96.726717445064025, 40.736552554588663 ], [ -96.72671410830813, 40.736553192328401 ], [ -96.726710773923386, 40.736553836370426 ], [ -96.726707444277935, 40.736554487614434 ], [ -96.726704114635567, 40.736555144261047 ], [ -96.726700787364351, 40.736555807209996 ], [ -96.726697449444643, 40.736556480067385 ], [ -96.726694111528516, 40.736557159227907 ], [ -96.726690778351681, 40.736557845590376 ], [ -96.726687445177888, 40.736558537355478 ], [ -96.726684116743385, 40.736559236322556 ], [ -96.726680789496257, 40.736559941592304 ], [ -96.726677502497139, 40.736560645047589 ], [ -96.726674179991832, 40.736561362021511 ], [ -96.726670845654709, 40.736562089804742 ], [ -96.726667564585284, 40.736562812167335 ], [ -96.726664236174841, 40.736563553455248 ], [ -96.726660962214822, 40.73656428752119 ], [ -96.726657636179098, 40.736565041414465 ], [ -96.726654350390874, 40.736565792592856 ], [ -96.726651069341898, 40.736566550973187 ], [ -96.72664775160294, 40.736567322872531 ], [ -96.726644472928712, 40.736568093858281 ], [ -96.726641196625636, 40.736568871146318 ], [ -96.726637909673514, 40.736569657442374 ], [ -96.726634586032418, 40.736570459058363 ], [ -96.726631302639333, 40.73657125885989 ], [ -96.726628038188494, 40.736572061356334 ], [ -96.726624759537714, 40.736572873762448 ], [ -96.726621484442418, 40.736573693370943 ], [ -96.726618211717749, 40.736574518381296 ], [ -96.726614974505893, 40.736575341578778 ], [ -96.72661170770732, 40.736576179193321 ], [ -96.726608425525555, 40.736577027618402 ], [ -96.726605163469813, 40.736577878738004 ], [ -96.726601938109638, 40.736578726243451 ], [ -96.726598665409426, 40.736579594475096 ], [ -96.726595444791542, 40.73658045458518 ], [ -96.726592160263067, 40.736581339929245 ], [ -96.726588946755101, 40.736582212643128 ], [ -96.726585666968901, 40.736583110591802 ], [ -96.726582459387018, 40.736583995909911 ], [ -96.726579236421898, 40.736584892038522 ], [ -96.726575966116727, 40.736585808893338 ], [ -96.726572750262022, 40.736586718526233 ], [ -96.726569517840289, 40.736587638970036 ], [ -96.726566305543543, 40.736588560307496 ], [ -96.726563079048404, 40.736589494255988 ], [ -96.726559856107684, 40.736590433605926 ], [ -96.726556655659039, 40.736591372948268 ], [ -96.726553418522954, 40.736592330311865 ], [ -96.726550205063248, 40.736593288567946 ], [ -96.726547043685883, 40.736594238702466 ], [ -96.726543817214591, 40.736595214971821 ], [ -96.726540612052091, 40.736596192134428 ], [ -96.726537442401366, 40.736597165683293 ], [ -96.726534225411072, 40.736598160858783 ], [ -96.726531060502595, 40.736599147012249 ], [ -96.726527849438384, 40.736600154791965 ], [ -96.726524692823574, 40.736601153548882 ], [ -96.726521517274648, 40.73660216401796 ], [ -96.726518365401603, 40.736603174479043 ], [ -96.726515150803209, 40.736604212875079 ], [ -96.726511984735268, 40.736605242250292 ], [ -96.726508823406064, 40.736606277927031 ], [ -96.726505665631763, 40.736607319905694 ], [ -96.726502491291455, 40.736608374496164 ], [ -96.726499387969099, 40.736609411954227 ], [ -96.726496218371025, 40.736610479149327 ], [ -96.726493055879303, 40.736611552645158 ], [ -96.726489895758164, 40.736612631542833 ], [ -96.726486784166966, 40.736613700519278 ], [ -96.726483629972392, 40.736614792921628 ], [ -96.726480527858115, 40.73661587360067 ], [ -96.726477360652424, 40.736616984916743 ], [ -96.72647426564798, 40.736618078199648 ], [ -96.726471150526621, 40.736619184995959 ], [ -96.726468042511073, 40.736620297192559 ], [ -96.726464888340743, 40.736621432816278 ], [ -96.726461786251733, 40.73662255851756 ], [ -96.726458688900394, 40.736623688719497 ], [ -96.726455571433206, 40.736624834235762 ], [ -96.726452527350006, 40.736625959917518 ], [ -96.726449416991585, 40.736627116236725 ], [ -96.726446311372399, 40.736628279757923 ], [ -96.726443211675218, 40.736629448679786 ], [ -96.726440159323644, 40.736630606780352 ], [ -96.726437065551949, 40.736631787406012 ], [ -96.726433997822696, 40.736632966222025 ], [ -96.726430913528418, 40.736634159450738 ], [ -96.726427855275517, 40.736635349068912 ], [ -96.726424798210488, 40.736636545890228 ], [ -96.726421747067405, 40.73663774811223 ], [ -96.726418656872326, 40.736638973758986 ], [ -96.726415612838551, 40.736640187684401 ], [ -96.726412551056484, 40.736641416923376 ], [ -96.72640956028981, 40.736642624527725 ], [ -96.726406505617021, 40.7366438654701 ], [ -96.726403456866237, 40.736645111813154 ], [ -96.726400432973549, 40.736646355446517 ], [ -96.726397412636288, 40.736647606282247 ], [ -96.72639437454967, 40.736648870630638 ], [ -96.726391386175266, 40.736650122356046 ], [ -96.726388332711963, 40.736651409220777 ], [ -96.726385351447362, 40.73665267355004 ], [ -96.726382364264694, 40.736653939682128 ], [ -96.726379515540401, 40.736655125627621 ], [ -96.726376670346752, 40.736656275553607 ], [ -96.726373809748623, 40.73665739937146 ], [ -96.72637090770813, 40.736658506994786 ], [ -96.726367992629733, 40.736659586708228 ], [ -96.726365033739825, 40.736660647526591 ], [ -96.726362126908583, 40.736661658802525 ], [ -96.72635915969731, 40.736662659292961 ], [ -96.726356196017178, 40.736663624664381 ], [ -96.726353190894201, 40.736664572940818 ], [ -96.726350170365734, 40.736665493308166 ], [ -96.726347155737059, 40.736666380356617 ], [ -96.726344145824939, 40.73666723498701 ], [ -96.72634112405926, 40.73666806260762 ], [ -96.726338056113448, 40.736668869532956 ], [ -96.726334976314121, 40.736669649448487 ], [ -96.726331901231291, 40.736670396945961 ], [ -96.726328779968895, 40.736671124648666 ], [ -96.726325715504018, 40.736671809110561 ], [ -96.726322589471707, 40.736672476484145 ], [ -96.726319464605609, 40.73667311324175 ], [ -96.726316345640384, 40.736673718481384 ], [ -96.726313163922896, 40.736674304832142 ], [ -96.726310039003991, 40.736674849743032 ], [ -96.726306852516657, 40.73667537576469 ], [ -96.72630368021629, 40.736675869365151 ], [ -96.726300500796569, 40.736676334153316 ], [ -96.7262973154413, 40.736676770128753 ], [ -96.726294141905967, 40.736677174584258 ], [ -96.726290962435087, 40.736677550227057 ], [ -96.726287784130946, 40.736677896154347 ], [ -96.726284546623404, 40.736678218689313 ], [ -96.726281312649718, 40.736678510607526 ], [ -96.726278135478793, 40.736678768289529 ], [ -96.726274903838643, 40.736679000776704 ], [ -96.726271667446241, 40.736679203550352 ], [ -96.726268432220635, 40.736679376608478 ], [ -96.726265220653488, 40.736679519043193 ], [ -96.726261984211078, 40.736679634472388 ], [ -96.726258751302026, 40.736679718384359 ], [ -96.726255517193209, 40.736679774382516 ], [ -96.72625228306687, 40.736679799765106 ], [ -96.726249047739728, 40.736679795432948 ], [ -96.726245813580434, 40.736679763186217 ], [ -96.726242579403632, 40.736679700323883 ], [ -96.726239345210359, 40.736679608646924 ], [ -96.726236109816298, 40.736679487255181 ], [ -96.726232874405284, 40.736679336148356 ], [ -96.726229640161094, 40.736679155326009 ], [ -96.726226405900434, 40.736678945688993 ], [ -96.726223223712068, 40.736678709921463 ], [ -96.726219991785086, 40.736678440853439 ], [ -96.726216813114192, 40.736678145654494 ], [ -96.726213576418132, 40.736677817157776 ], [ -96.726210390611072, 40.736677463431405 ], [ -96.726207211890369, 40.736677080888008 ], [ -96.72620397514244, 40.736676661445031 ], [ -96.726200799939789, 40.736676220370704 ], [ -96.726197664972474, 40.736675754970662 ], [ -96.726194482632138, 40.736675252667524 ], [ -96.726191309745786, 40.736674721546606 ], [ -96.726188173543406, 40.736674166101153 ], [ -96.726185045611714, 40.736673582738774 ], [ -96.726181873857399, 40.736672960671207 ], [ -96.726178789697101, 40.736672325968222 ], [ -96.726175664080756, 40.736671650758353 ], [ -96.726172547918935, 40.736670947631154 ], [ -96.726169463706924, 40.736670221981925 ], [ -96.726166390132718, 40.736669467514517 ], [ -96.726163312988703, 40.736668680631809 ], [ -96.726160247666826, 40.736667865830981 ], [ -96.72615722495047, 40.736667031206011 ], [ -96.726154199848622, 40.736666165065778 ], [ -96.726151185384623, 40.73666527010738 ], [ -96.7261481673508, 40.736664342733668 ], [ -96.726145191923067, 40.736663396436278 ], [ -96.726142230686094, 40.736662424020885 ], [ -96.726139265877791, 40.736661416488843 ], [ -96.726136314075973, 40.736660381938748 ], [ -96.726133382384447, 40.73665932216921 ], [ -96.726130490931411, 40.736658243476739 ], [ -96.72612761485297, 40.736657138665919 ], [ -96.726124710338297, 40.736655989742083 ], [ -96.726121848430211, 40.736654822795003 ], [ -96.726119043339452, 40.736653646824571 ], [ -96.726116190866563, 40.736652417742803 ], [ -96.726113444942357, 40.736651200331742 ], [ -96.726110649267383, 40.73664992800925 ], [ -96.726107890279536, 40.736648636765004 ], [ -96.726105150218189, 40.736647320301721 ], [ -96.72610244684445, 40.736645985817162 ], [ -96.726099737530802, 40.736644614415795 ], [ -96.726097048326992, 40.736643216894528 ], [ -96.726094393443177, 40.736641801352796 ], [ -96.726091759854015, 40.736640361491659 ], [ -96.726089149927091, 40.736638897310385 ], [ -96.726086545900316, 40.736637399810249 ], [ -96.726083998693426, 40.736635897789014 ], [ -96.726081291605112, 40.736634275159389 ], [ -96.726078531230627, 40.736632625533559 ], [ -96.726075781527896, 40.736631006519666 ], [ -96.726073015260312, 40.736629401918414 ], [ -96.726070235980288, 40.736627813529623 ], [ -96.726067468554788, 40.7366262539514 ], [ -96.72606464903923, 40.736624688987547 ], [ -96.726061815327427, 40.736623140236517 ], [ -96.726058927157965, 40.736621586100583 ], [ -96.726056092288246, 40.736620082372582 ], [ -96.726053229012621, 40.736618587658384 ], [ -96.726050353907837, 40.736617108255743 ], [ -96.726047463422532, 40.736615644165887 ], [ -96.72604451966437, 40.736614176491635 ], [ -96.726041628021122, 40.736612757424773 ], [ -96.726038683104505, 40.736611333873086 ], [ -96.726035708598175, 40.736609919335621 ], [ -96.726032762523104, 40.736608539906484 ], [ -96.726029763175703, 40.736607157793436 ], [ -96.726026774498479, 40.736605803590933 ], [ -96.726023772808304, 40.736604464700363 ], [ -96.726020758105676, 40.736603142022204 ], [ -96.726017714997653, 40.736601829258319 ], [ -96.726014657692872, 40.736600531806779 ], [ -96.726011612241521, 40.736599261364915 ], [ -96.726008554961538, 40.736598007135051 ], [ -96.726005485852895, 40.736596769117227 ], [ -96.726002383603145, 40.736595540114742 ], [ -96.725999269525232, 40.736594328224733 ], [ -96.725996144802465, 40.736593132546361 ], [ -96.725993031932134, 40.736591962076744 ], [ -96.725989930914693, 40.736590817716362 ], [ -96.725986749394508, 40.736589665278245 ], [ -96.725983625903538, 40.73658855334147 ], [ -96.725980466903863, 40.736587450420856 ], [ -96.725977251083009, 40.73658634931973 ], [ -96.725974070794095, 40.736585279722767 ], [ -96.725970901173767, 40.736584235334988 ], [ -96.725967675916067, 40.736583192766297 ], [ -96.725964438830701, 40.736582168210525 ], [ -96.725961214780526, 40.736581167062205 ], [ -96.725957996662203, 40.736580188423254 ], [ -96.725954753691369, 40.736579222398774 ], [ -96.725951469292809, 40.736578265392325 ], [ -96.72594824528899, 40.736577345284651 ], [ -96.725944962097429, 40.736576428798138 ], [ -96.725941670629567, 40.736575530323364 ], [ -96.725938388644948, 40.736574654356779 ], [ -96.725935097200249, 40.736573796402297 ], [ -96.725931817605868, 40.736572960054779 ], [ -96.725928477640963, 40.736572129129719 ], [ -96.725925129400281, 40.736571317116848 ], [ -96.725921841552235, 40.73657053840089 ], [ -96.72591849451797, 40.736569766007463 ], [ -96.725915156966423, 40.736569015221804 ], [ -96.725911809954766, 40.736568282448211 ], [ -96.7259084582182, 40.736567567685192 ], [ -96.725905061503539, 40.736566863742325 ], [ -96.725901726364768, 40.736566192195539 ], [ -96.725898314281281, 40.736565524275704 ], [ -96.725894925888099, 40.736564881560795 ], [ -96.725891570655591, 40.736564264047644 ], [ -96.725888170444449, 40.736563656454152 ], [ -96.725884774980813, 40.736563070469941 ], [ -96.725881373608928, 40.736562503397138 ], [ -96.725877968695954, 40.736561954334512 ], [ -96.725874514070128, 40.736561416993972 ], [ -96.725871109179167, 40.736560906650745 ], [ -96.725867711402273, 40.736560416115069 ], [ -96.725864254441646, 40.736559936404184 ], [ -96.725860844847773, 40.736559482790874 ], [ -96.72585738790967, 40.736559042699817 ], [ -96.725853927430435, 40.736558620618922 ], [ -96.725850470513848, 40.736558218346751 ], [ -96.725847064515349, 40.736557842171067 ], [ -96.725843608804553, 40.736557478617911 ], [ -96.725840149552553, 40.736557133074918 ], [ -96.725836687944238, 40.736556807342645 ], [ -96.725833228714251, 40.736556500519029 ], [ -96.725829717405844, 40.736556209020108 ], [ -96.725826258197813, 40.736555940915871 ], [ -96.72582279781669, 40.736555691721492 ], [ -96.725819333894393, 40.736555460537282 ], [ -96.725815878269913, 40.73655524916029 ], [ -96.725812358729044, 40.7365550531118 ], [ -96.725808900758381, 40.736554879554504 ], [ -96.725805384790306, 40.736554721323813 ], [ -96.725801923289666, 40.736554585586575 ], [ -96.725798465350607, 40.736554467857189 ], [ -96.72579494586428, 40.736554368156924 ], [ -96.725791486763313, 40.736554289147307 ], [ -96.725787973216839, 40.73655422636358 ], [ -96.725784510585882, 40.736554185174043 ], [ -96.725780995877486, 40.736554161110064 ], [ -96.725777535634975, 40.736554156838224 ], [ -96.725774018580864, 40.736554171494404 ], [ -96.72577055954352, 40.736554205041088 ], [ -96.725767041327472, 40.736554258417037 ], [ -96.725763583495279, 40.736554329782251 ], [ -96.725760123305605, 40.736554419157265 ], [ -96.725756605121575, 40.736554529261554 ], [ -96.725753144953771, 40.736554657355946 ], [ -96.725749609034594, 40.736554806185424 ], [ -96.725746148888604, 40.73655497299918 ], [ -96.725742691119848, 40.736555156920723 ], [ -96.725739171805813, 40.736555362473133 ], [ -96.725735714058857, 40.736555585114068 ], [ -96.725732251587345, 40.736555826665978 ], [ -96.725728790309788, 40.736556086226507 ], [ -96.725725279326426, 40.736556370115451 ], [ -96.72572181688686, 40.73655666839575 ], [ -96.725718360376888, 40.736556985583569 ], [ -96.725714897958568, 40.736557321682795 ], [ -96.725711442654173, 40.736557677589609 ], [ -96.725708034708219, 40.73655804518679 ], [ -96.725704574690397, 40.736558439814523 ], [ -96.725701120601158, 40.736558851548878 ], [ -96.725697661788345, 40.736559283995177 ], [ -96.725694251518291, 40.736559729031875 ], [ -96.7256908010133, 40.736560199294388 ], [ -96.725687389581168, 40.736560683050875 ], [ -96.725683939097394, 40.736561191132282 ], [ -96.725680535972543, 40.736561711804534 ], [ -96.725677128124147, 40.73656225318873 ], [ -96.725673723837204, 40.736562812580765 ], [ -96.725670326663135, 40.736563389979473 ], [ -96.725666921214597, 40.73656398899174 ], [ -96.725663524062711, 40.736564606010319 ], [ -96.725660116268287, 40.736565243742717 ], [ -96.725656770036309, 40.736565890459531 ], [ -96.725653376468074, 40.736566565105797 ], [ -96.725650029073449, 40.736567249641908 ], [ -96.725646634344102, 40.736567964808884 ], [ -96.725643285788351, 40.736568689865699 ], [ -96.725639943161653, 40.736569432929599 ], [ -96.725636602912616, 40.736570194001743 ], [ -96.72512514798828, 40.736687807620015 ], [ -96.725121811287337, 40.736688583983877 ], [ -96.725118530223895, 40.736689358528828 ], [ -96.725115237330883, 40.736690148385257 ], [ -96.725111912485701, 40.736690957161407 ], [ -96.72510862907491, 40.736691768625512 ], [ -96.725105348038127, 40.736692591794707 ], [ -96.725102074109586, 40.736693424866537 ], [ -96.725098787167639, 40.736694273250187 ], [ -96.725095504967285, 40.736695133338138 ], [ -96.725092277219161, 40.73669598890627 ], [ -96.725089004501044, 40.736696870601925 ], [ -96.725085719953313, 40.736697767609037 ], [ -96.725082491042087, 40.736698660996396 ], [ -96.725079214792785, 40.73669957961161 ], [ -96.725075996548057, 40.736700495506739 ], [ -96.725072781859652, 40.736701420405211 ], [ -96.72506955415885, 40.736702362416409 ], [ -96.725066333566218, 40.736703314330263 ], [ -96.725063096409798, 40.736704283358002 ], [ -96.72505988648318, 40.736705256879183 ], [ -96.725056661176538, 40.736706247513844 ], [ -96.725053491505903, 40.736707233628316 ], [ -96.725050278048556, 40.73670824496952 ], [ -96.725047098922786, 40.736709259000982 ], [ -96.725043878377392, 40.736710297357909 ], [ -96.725040711100917, 40.736711332095886 ], [ -96.725037549748805, 40.736712376736875 ], [ -96.725034394321597, 40.736713432181347 ], [ -96.725031223514364, 40.736714504739304 ], [ -96.725028058632006, 40.736715588100758 ], [ -96.72502494820084, 40.736716665141508 ], [ -96.725021776230946, 40.736717776419162 ], [ -96.725018610185913, 40.736718898500314 ], [ -96.725015497408293, 40.736720014261145 ], [ -96.725012389371742, 40.736721140825829 ], [ -96.725009288443374, 40.736722277293168 ], [ -96.725006172135451, 40.736723431774458 ], [ -96.725003064120003, 40.736724597058505 ], [ -96.724999962028434, 40.736725771345085 ], [ -96.724996864678445, 40.736726957336018 ], [ -96.72499379929144, 40.736728144217082 ], [ -96.724990693671046, 40.736729359925491 ], [ -96.724987641317099, 40.736730567512723 ], [ -96.724984594887005, 40.736731784102503 ], [ -96.724981533078846, 40.736733021407609 ], [ -96.724978477195535, 40.736734269516191 ], [ -96.724975429603731, 40.736735526626603 ], [ -96.724972389120055, 40.736736793639707 ], [ -96.724969374680882, 40.736738062445276 ], [ -96.724966349597338, 40.736739349263289 ], [ -96.724963349374988, 40.736740638774648 ], [ -96.724960358628408, 40.736741938187912 ], [ -96.724957348951861, 40.736743257417132 ], [ -96.724954347567731, 40.736744587449131 ], [ -96.724951379328928, 40.736745915669552 ], [ -96.724948409913665, 40.736747257397084 ], [ -96.724945432221134, 40.736748616235857 ], [ -96.724942503059324, 40.736749966054475 ], [ -96.724939557335631, 40.736751336588789 ], [ -96.724936619904398, 40.736752717925867 ], [ -96.724933663543652, 40.736754119979388 ], [ -96.724930742695832, 40.736755520220555 ], [ -96.724927801735689, 40.736756942979483 ], [ -96.724924911672886, 40.736758354916617 ], [ -96.724921989663756, 40.736759796578902 ], [ -96.724919113816753, 40.736761227420899 ], [ -96.724916222592668, 40.736762680779137 ], [ -96.724913337293415, 40.736764144940878 ], [ -96.724910462652701, 40.736765617203233 ], [ -96.724907593936834, 40.736767100269098 ], [ -96.724904774934046, 40.736768571613098 ], [ -96.724901937003224, 40.736770066374909 ], [ -96.724899069493645, 40.736771590861132 ], [ -96.724896250513794, 40.736773104526335 ], [ -96.724893437458306, 40.736774628094579 ], [ -96.724890646895403, 40.736776152556018 ], [ -96.724887823204327, 40.736777710344846 ], [ -96.724885050409114, 40.736779254610525 ], [ -96.724882248035115, 40.736780828600601 ], [ -96.724879489455688, 40.736782391771179 ], [ -96.724876715500116, 40.736783979258888 ], [ -96.724873985338618, 40.736785555026643 ], [ -96.724871227966418, 40.736787161418491 ], [ -96.724868481252798, 40.736788775910988 ], [ -96.724865751115232, 40.73679039580086 ], [ -96.724863056487095, 40.736792007575239 ], [ -96.724860345299504, 40.736793644567612 ], [ -96.724857643587171, 40.736795290561446 ], [ -96.724854957266587, 40.73679694105256 ], [ -96.72485227450521, 40.736798605949815 ], [ -96.724849607135127, 40.736800274443873 ], [ -96.724846949240288, 40.736801951939412 ], [ -96.724844300820678, 40.736803638436463 ], [ -96.724841663060104, 40.736805333934583 ], [ -96.724839006372463, 40.736807054651457 ], [ -96.72483642069642, 40.736808745630569 ], [ -96.724833784143541, 40.736810485250459 ], [ -96.724831162982937, 40.736812230268114 ], [ -96.724828578514604, 40.736813965369002 ], [ -96.724826035471764, 40.736815686949811 ], [ -96.724823443920158, 40.736817458071073 ], [ -96.724820861843327, 40.736819237293354 ], [ -96.724818321192473, 40.736821003896011 ], [ -96.724815791200143, 40.736822778599304 ], [ -96.724813243466542, 40.736824582122779 ], [ -96.724810734790807, 40.736826372126913 ], [ -96.724808207190492, 40.736828191852069 ], [ -96.724805721015159, 40.736829997156669 ], [ -96.724803241948464, 40.736831813264452 ], [ -96.724800747507558, 40.736833657291179 ], [ -96.724798292124575, 40.736835487798587 ], [ -96.724795819000249, 40.736837347126162 ], [ -96.724793383751035, 40.736839194735722 ], [ -96.724790960343171, 40.736841048644635 ], [ -96.724788490795618, 40.736842954794618 ], [ -96.724786115920907, 40.736844804185708 ], [ -96.724783697273097, 40.73684670401618 ], [ -96.72478128810053, 40.736848612848171 ], [ -96.724778917984892, 40.736850506359914 ], [ -96.724776530129915, 40.736852432293659 ], [ -96.72477418133137, 40.73685434200673 ], [ -96.724771840824758, 40.736856261622137 ], [ -96.724769486128707, 40.736858210957038 ], [ -96.72476716930629, 40.736860145872562 ], [ -96.72476486195859, 40.736862088889104 ], [ -96.724762539238171, 40.736864062525996 ], [ -96.724760254390418, 40.736866019942596 ], [ -96.724757954170386, 40.736868008879959 ], [ -96.72475568945687, 40.736869984299169 ], [ -96.724753435401439, 40.736871966918613 ], [ -96.724751193188339, 40.736873957638323 ], [ -96.724748935602975, 40.736875979878832 ], [ -96.724746740737785, 40.736877963379769 ], [ -96.724744504468518, 40.73688000002069 ], [ -96.724742303706307, 40.736882024043936 ], [ -96.72474011596924, 40.736884054366129 ], [ -96.724737934157488, 40.736886096392347 ], [ -96.724735770104147, 40.736888141114257 ], [ -96.724733610792299, 40.736890197540539 ], [ -96.724731463322811, 40.736892262067137 ], [ -96.724729328878482, 40.736894332892717 ], [ -96.724727206276015, 40.736896410918128 ], [ -96.724725115628203, 40.736898474526086 ], [ -96.724723009610102, 40.736900573256662 ], [ -96.724720923716518, 40.736902671980786 ], [ -96.724718862678714, 40.736904763493335 ], [ -96.724716787439604, 40.736906863114456 ], [ -96.724714716910356, 40.736908916810812 ], [ -96.724712625055218, 40.736910938997951 ], [ -96.724710494125546, 40.736912944989264 ], [ -96.724708313474508, 40.736914948294967 ], [ -96.724706151726622, 40.736916883160006 ], [ -96.724703913042276, 40.736918837859427 ], [ -96.724701638832784, 40.736920772760094 ], [ -96.724699338565145, 40.73692268155574 ], [ -96.724697033538447, 40.736924547130997 ], [ -96.724694672871365, 40.736926410022512 ], [ -96.72469231099565, 40.736928227891575 ], [ -96.724689889929607, 40.736930045779388 ], [ -96.724687440438316, 40.736931838463391 ], [ -96.724684988556049, 40.736933588826709 ], [ -96.724682481032403, 40.736935334705322 ], [ -96.724679971118292, 40.736937039163728 ], [ -96.724677400828583, 40.736938740939841 ], [ -96.724674803297404, 40.736940417511782 ], [ -96.724672206926698, 40.736942051761886 ], [ -96.724669578580816, 40.736943663510694 ], [ -96.72466688749121, 40.736945271677527 ], [ -96.724664236616263, 40.736946816799609 ], [ -96.724661514713446, 40.736948362844643 ], [ -96.724658766751972, 40.736949881884215 ], [ -96.724655995099994, 40.736951374818013 ], [ -96.724653215142027, 40.736952832636611 ], [ -96.724650410309209, 40.736954263449341 ], [ -96.724647584153516, 40.736955668155581 ], [ -96.724644747325186, 40.736957039548251 ], [ -96.724641847750689, 40.736958402856644 ], [ -96.724638967091764, 40.736959720235767 ], [ -96.724636005933036, 40.736961035839371 ], [ -96.724633092094336, 40.736962292898326 ], [ -96.724630137995788, 40.73696353106039 ], [ -96.724627163757177, 40.736964741314623 ], [ -96.724624151625378, 40.736965930870326 ], [ -96.724621118168713, 40.73696709071767 ], [ -96.7246181130986, 40.736968205533159 ], [ -96.724615042912731, 40.736969308663262 ], [ -96.724611954953431, 40.736970382083868 ], [ -96.724608824365717, 40.73697143480743 ], [ -96.724605745836229, 40.736972434387525 ], [ -96.724602622311238, 40.7369734141718 ], [ -96.724599504685457, 40.736974357935871 ], [ -96.724596321941974, 40.736975286412736 ], [ -96.724593141546791, 40.736976179770991 ], [ -96.724589948112893, 40.736977042517822 ], [ -96.724586777149568, 40.736977865637385 ], [ -96.724583539883227, 40.736978670768735 ], [ -96.724580344026336, 40.736979432665024 ], [ -96.724577113825234, 40.736980169359349 ], [ -96.724573822055405, 40.736980886262998 ], [ -96.724570583532085, 40.736981558126971 ], [ -96.724567296459895, 40.736982206594348 ], [ -96.724564053165821, 40.736982813626845 ], [ -96.724560758955235, 40.736983397263494 ], [ -96.724557415011006, 40.736983955703018 ], [ -96.724554126682932, 40.736984472703902 ], [ -96.724550831235248, 40.736984959091458 ], [ -96.724547484869618, 40.736985419381803 ], [ -96.72454413848574, 40.736985846355211 ], [ -96.724540794451741, 40.736986240911385 ], [ -96.724537445664751, 40.736986603052543 ], [ -96.724534105146674, 40.736986932774613 ], [ -96.724530759876117, 40.736987230982123 ], [ -96.724527409852598, 40.736987496774631 ], [ -96.724524066914199, 40.736987730148414 ], [ -96.724520663585977, 40.736987934726614 ], [ -96.724517292202293, 40.736988105977744 ], [ -96.72451388055201, 40.736988245725556 ], [ -96.724510533992287, 40.736988351235404 ], [ -96.724507132960355, 40.736988425246381 ], [ -96.724503730727378, 40.736988467741739 ], [ -96.724500385299365, 40.73698847780264 ], [ -96.724498484107059, 40.736988475701544 ], [ -96.724496554506388, 40.736988479012133 ], [ -96.724494627275774, 40.736988486824202 ], [ -96.724492700048614, 40.736988500939447 ], [ -96.724490772823899, 40.73698851955691 ], [ -96.724488845601627, 40.736988542676642 ], [ -96.724486917199002, 40.736988572099875 ], [ -96.724484991166932, 40.736988606925088 ], [ -96.724483063953514, 40.736988646252897 ], [ -96.724481136743023, 40.736988690983424 ], [ -96.724479207167889, 40.736988741117401 ], [ -96.724477281147102, 40.736988796652938 ], [ -96.724475355128746, 40.736988856690729 ], [ -96.724473425561953, 40.736988922132355 ], [ -96.724471499549992, 40.73698899387599 ], [ -96.724469573539992, 40.736989069221444 ], [ -96.724467634512067, 40.736989151774615 ], [ -96.724465719162183, 40.736989237922081 ], [ -96.724463778955354, 40.73698932948011 ], [ -96.72446185414141, 40.736989427336411 ], [ -96.72445992341089, 40.736989529696856 ], [ -96.724457998602347, 40.736989637458102 ], [ -96.724456070245793, 40.73698975152368 ], [ -96.724454146626442, 40.736989869189514 ], [ -96.724452217090999, 40.736989992259922 ], [ -96.724450347931068, 40.736990118012642 ], [ -96.724448419584803, 40.736990250987603 ], [ -96.724446487690557, 40.736990390266854 ], [ -96.724444562902065, 40.736990534946571 ], [ -96.724442639300321, 40.736990685028637 ], [ -96.724440708598209, 40.736990839615146 ], [ -96.7244387790833, 40.736991000504453 ], [ -96.724436912310054, 40.73699116137395 ], [ -96.724434986351952, 40.736991332167094 ], [ -96.72443305921297, 40.73699150836331 ], [ -96.72443113562835, 40.736991689961101 ], [ -96.724429255844484, 40.736991871545051 ], [ -96.724427333449526, 40.736992063947866 ], [ -96.724425402770862, 40.736992261756008 ], [ -96.724423479197469, 40.736992464064144 ], [ -96.724421607711477, 40.736992666355825 ], [ -96.724419680593016, 40.736992880370956 ], [ -96.724417752293192, 40.736993098888703 ], [ -96.72441588199932, 40.736993316487656 ], [ -96.724413959623902, 40.736993544908472 ], [ -96.724412081049721, 40.736993774215911 ], [ -96.724410158680143, 40.736994013442128 ], [ -96.724408229211647, 40.736994259874187 ], [ -96.724406364850452, 40.736994502683899 ], [ -96.724404436571106, 40.736994759020526 ], [ -96.72440256392963, 40.736995013538703 ], [ -96.724400640390868, 40.736995279778796 ], [ -96.72439877130617, 40.736995544200809 ], [ -96.72439689157062, 40.736995814929323 ], [ -96.724394971592076, 40.736996097376377 ], [ -96.724393094229981, 40.736996378909588 ], [ -96.724391177808201, 40.736996671260485 ], [ -96.724389304002898, 40.736996962697468 ], [ -96.724387431383818, 40.736997258636357 ], [ -96.724385506685138, 40.736997568998888 ], [ -96.724383637623333, 40.736997875742048 ], [ -96.724381768563958, 40.736998186987456 ], [ -96.724379891222327, 40.736998506339525 ], [ -96.724378025719716, 40.73699882748879 ], [ -96.724376097484708, 40.736999165766399 ], [ -96.72437423672315, 40.736999497719545 ], [ -96.724372362943654, 40.736999836880415 ], [ -96.724370493901787, 40.73700018054204 ], [ -96.724368623679041, 40.737000529606725 ], [ -96.724366757010628, 40.737000884073005 ], [ -96.724364877324248, 40.737001245747003 ], [ -96.724363014212599, 40.737001610117126 ], [ -96.724361136899176, 40.737001981695329 ], [ -96.724359276160968, 40.7370023568701 ], [ -96.724357404772419, 40.737002739251828 ], [ -96.724355587835447, 40.737003115313229 ], [ -96.724353717636021, 40.737003507599539 ], [ -96.724351849806652, 40.737003904387372 ], [ -96.724349986715879, 40.737004307476859 ], [ -96.724348159137321, 40.737004706953314 ], [ -96.724346299602828, 40.737005119046188 ], [ -96.724344424683736, 40.737005540148424 ], [ -96.724342619603263, 40.737005950423175 ], [ -96.724340749425224, 40.737006382329326 ], [ -96.724338881616717, 40.737006817836516 ], [ -96.724337068259302, 40.737007246122921 ], [ -96.724335252537713, 40.737007680713212 ], [ -96.724333377637066, 40.737008136032586 ], [ -96.724331567839343, 40.73700857962551 ], [ -96.724329691760701, 40.737009045750646 ], [ -96.724327889071134, 40.737009499246277 ], [ -96.724326070996952, 40.737009961751319 ], [ -96.72432420321222, 40.737010441380598 ], [ -96.724322389878594, 40.737010913789078 ], [ -96.724320576547882, 40.737011391600269 ], [ -96.724318766771006, 40.7370118739126 ], [ -96.724316958180836, 40.737012361627244 ], [ -96.724315136573665, 40.737012858350525 ], [ -96.724313333907361, 40.737013355067809 ], [ -96.724311514673616, 40.737013862595724 ], [ -96.724309698993707, 40.737014374624813 ], [ -96.72430790343796, 40.737014885747072 ], [ -96.724306093681918, 40.737015406778781 ], [ -96.724304281561658, 40.737015934114389 ], [ -96.724302507320189, 40.737016456035349 ], [ -96.724300702307588, 40.737016992373221 ], [ -96.724298902032615, 40.737017533211827 ], [ -96.724297132534616, 40.737018070438971 ], [ -96.724295318062701, 40.737018627490215 ], [ -96.724293572242715, 40.737019168311683 ], [ -96.724291762510859, 40.737019734365923 ], [ -96.724290003677723, 40.737020291399624 ], [ -96.724288199870216, 40.737020867356954 ], [ -96.724286426839186, 40.737021438802344 ], [ -96.724284672749008, 40.737022010241752 ], [ -96.724282878419672, 40.737022600603339 ], [ -96.724281112499668, 40.73702318735414 ], [ -96.724279347766384, 40.737023779507282 ], [ -96.724277607891523, 40.737024368951239 ], [ -96.724275851449704, 40.737024970106276 ], [ -96.724274095010287, 40.737025575763568 ], [ -96.724272343308499, 40.73702618592165 ], [ -96.724270592793417, 40.737026801482052 ], [ -96.72426882571186, 40.737027429653992 ], [ -96.724267082304436, 40.737028054216644 ], [ -96.724265367305861, 40.73702867426811 ], [ -96.724263627455173, 40.737029308734606 ], [ -96.724261873405098, 40.737029954911478 ], [ -96.724260164333771, 40.737030590268731 ], [ -96.724258413840914, 40.737031247249874 ], [ -96.724256716610498, 40.737031888006129 ], [ -96.723985875456492, 40.737134275189995 ], [ -96.72398313430115, 40.737135285453917 ], [ -96.723980402599707, 40.737136265099352 ], [ -96.723977609335847, 40.737137236659756 ], [ -96.723974823158272, 40.737138177602425 ], [ -96.72397202394518, 40.737139093336317 ], [ -96.723969230635547, 40.737139980253737 ], [ -96.723966445596048, 40.737140836553031 ], [ -96.723963597809814, 40.737141683867215 ], [ -96.723960739355675, 40.737142505971867 ], [ -96.723957887988348, 40.737143298359229 ], [ -96.723955042524508, 40.73714406193011 ], [ -96.723952136680111, 40.737144813813771 ], [ -96.723949287636145, 40.737145524258764 ], [ -96.723946394782544, 40.737146218509089 ], [ -96.723943488893909, 40.7371468884511 ], [ -96.723940539195141, 40.737147541298 ], [ -96.723937632093566, 40.737148157212893 ], [ -96.723934675263294, 40.737148756934978 ], [ -96.723931714867518, 40.737149330544895 ], [ -96.7239287556405, 40.737149876240252 ], [ -96.723925802317481, 40.737150394019551 ], [ -96.723922844246133, 40.737150887487957 ], [ -96.723919887344039, 40.737151353942288 ], [ -96.723916881895633, 40.737151801502023 ], [ -96.723913924964918, 40.737152214829315 ], [ -96.723910905282693, 40.737152610166895 ], [ -96.72390789860782, 40.737152978486712 ], [ -96.723904944003067, 40.73715331437387 ], [ -96.723901927830113, 40.737153631370496 ], [ -96.723898916377863, 40.737153921351947 ], [ -96.723895851642624, 40.737154189738895 ], [ -96.723892836610872, 40.737154427494858 ], [ -96.723889826300308, 40.737154639136051 ], [ -96.723886817159524, 40.737154824663584 ], [ -96.723883750000084, 40.737154987697693 ], [ -96.723880710053209, 40.737155122809121 ], [ -96.723877696135617, 40.737155230898757 ], [ -96.723874627749808, 40.737155314692892 ], [ -96.723871617356082, 40.73715537145528 ], [ -96.723868548942249, 40.737155403022832 ], [ -96.723865538520528, 40.73715540755866 ], [ -96.723862471262478, 40.737155386899282 ], [ -96.723859460812776, 40.737155339208542 ], [ -96.723856393526745, 40.737155266322603 ], [ -96.723853381866192, 40.737155168206563 ], [ -96.723850315735504, 40.737155042193208 ], [ -96.723847302863661, 40.737154892751406 ], [ -96.723844292345433, 40.737154717195615 ], [ -96.723841279445637, 40.737154515527259 ], [ -96.723838208523318, 40.737154284161775 ], [ -96.72383519796368, 40.737154031166554 ], [ -96.723832183838127, 40.737153751158708 ], [ -96.723829173250067, 40.737153445036462 ], [ -96.723826159097101, 40.737153113702512 ], [ -96.723823205307752, 40.73715276253975 ], [ -96.723820185206876, 40.737152377180109 ], [ -96.723817179298692, 40.737151967503735 ], [ -96.723814213628458, 40.737151536203875 ], [ -96.723811200588585, 40.737151072502208 ], [ -96.723490445286885, 40.737099507780407 ], [ -96.723487073511748, 40.737098956836213 ], [ -96.72348372303469, 40.737098386075367 ], [ -96.723480367808122, 40.737097788302201 ], [ -96.723477007832074, 40.737097163516722 ], [ -96.723473640738902, 40.737096511719706 ], [ -96.723470336380416, 40.737095846396485 ], [ -96.723466985834904, 40.737095145969562 ], [ -96.723463683816917, 40.737094429319455 ], [ -96.723460373497588, 40.737093684757681 ], [ -96.723457073820185, 40.737092916780711 ], [ -96.723453817935578, 40.737092133482456 ], [ -96.723450522965877, 40.737091313277425 ], [ -96.723447270605178, 40.737090477751508 ], [ -96.723444028886902, 40.737089619710829 ], [ -96.723440763474898, 40.737088728360469 ], [ -96.723437525280062, 40.737087817191679 ], [ -96.723434329694726, 40.737086891602402 ], [ -96.723431078447646, 40.737085922808255 ], [ -96.72342788875433, 40.737084945891056 ], [ -96.723424691942526, 40.737083939260906 ], [ -96.723421553133065, 40.737082924508798 ], [ -96.723418361028067, 40.737081863849703 ], [ -96.723415206797853, 40.737080789672078 ], [ -96.723412067944821, 40.737079692077799 ], [ -96.723408988278891, 40.73707858816212 ], [ -96.723405854132665, 40.737077436538932 ], [ -96.72340275667743, 40.737076271397569 ], [ -96.723399675784165, 40.737075084640125 ], [ -96.723396652894181, 40.737073891561629 ], [ -96.723393621701447, 40.737072667870123 ], [ -96.723390584573153, 40.737071412664392 ], [ -96.723387560454427, 40.737070134042789 ], [ -96.72338457184334, 40.737068842803808 ], [ -96.723381557167215, 40.737067511052288 ], [ -96.723378617072896, 40.737066182879637 ], [ -96.72337565328165, 40.737064815094122 ], [ -96.723372722629435, 40.737063432891141 ], [ -96.723369808539715, 40.737062029972513 ], [ -96.72336688732868, 40.737060591938224 ], [ -96.723364022940018, 40.737059152986006 ], [ -96.723361149062939, 40.737057679819337 ], [ -96.723358334375803, 40.737056205734021 ], [ -96.723355509015988, 40.737054696534159 ], [ -96.72335270377053, 40.73705316751802 ], [ -96.723349891403331, 40.737051602485778 ], [ -96.723347133491345, 40.737050037436823 ], [ -96.723344398061812, 40.737048453471346 ], [ -96.723341687483781, 40.737046853290018 ], [ -96.723338970967802, 40.737045217092223 ], [ -96.723336274566208, 40.737043561078181 ], [ -96.723333632620282, 40.737041905947905 ], [ -96.723330983552643, 40.737040214801517 ], [ -96.723328355782698, 40.737038502938063 ], [ -96.723325754048531, 40.737036775758874 ], [ -96.723323145191699, 40.737035010762668 ], [ -96.723320618028993, 40.737033267352345 ], [ -96.723318084926973, 40.737031485224207 ], [ -96.723315545885612, 40.737029664378248 ], [ -96.723313057749451, 40.737027846218048 ], [ -96.723310593280516, 40.737026010941889 ], [ -96.723308153662131, 40.73702415764901 ], [ -96.723305735342393, 40.737022285439991 ], [ -96.723303339505591, 40.737020395214905 ], [ -96.723300967336002, 40.737018487873947 ], [ -96.723298618833638, 40.737016563417029 ], [ -96.723296292813274, 40.737014619143189 ], [ -96.723293991643899, 40.737012657753034 ], [ -96.723291711772731, 40.737010676546326 ], [ -96.723044201289966, 40.736790722814241 ], [ -96.723041875224482, 40.736788663276869 ], [ -96.723039472194117, 40.736786569545465 ], [ -96.723037088139179, 40.736784541541532 ], [ -96.723034621207887, 40.736782493752642 ], [ -96.723032151932742, 40.736780490987194 ], [ -96.723029677945163, 40.736778531444983 ], [ -96.723027118713176, 40.736776551218064 ], [ -96.72302455832066, 40.736774615113767 ], [ -96.72302196479319, 40.736772700630382 ], [ -96.723019313261474, 40.736770789766346 ], [ -96.723016659384953, 40.73676892212481 ], [ -96.723014004346922, 40.736767096804975 ], [ -96.723011290120397, 40.736765274204387 ], [ -96.723008515522068, 40.73676345522383 ], [ -96.723005766999066, 40.736761696565821 ], [ -96.723002929684057, 40.736759924427815 ], [ -96.723000120811065, 40.736758210810727 ], [ -96.722997284724002, 40.736756522414581 ], [ -96.722994387082252, 40.736754839439726 ], [ -96.722991517881056, 40.736753212284441 ], [ -96.722988558706447, 40.736751576151747 ], [ -96.722985629156199, 40.736749995838267 ], [ -96.722982635683664, 40.73674842094681 ], [ -96.722979617365581, 40.736746873076413 ], [ -96.722976587227052, 40.736745358526406 ], [ -96.722973574870181, 40.736743890794614 ], [ -96.722970457149032, 40.73674241138869 ], [ -96.722967383259729, 40.736740991399515 ], [ -96.722964271499293, 40.736739591231732 ], [ -96.722961094634641, 40.736738200088098 ], [ -96.722957945023424, 40.736736858461178 ], [ -96.722954749253546, 40.736735534857281 ], [ -96.722951581919929, 40.736734258968816 ], [ -96.722948348299255, 40.736732993905783 ], [ -96.722945118250323, 40.736731767561182 ], [ -96.722941824281932, 40.736730552041244 ], [ -96.722938531517215, 40.736729374340001 ], [ -96.722935243507578, 40.736728234456365 ], [ -96.722931936572763, 40.736727124293374 ], [ -96.722928588215851, 40.736726034853305 ], [ -96.722925239877853, 40.736724981431344 ], [ -96.722921897477789, 40.736723964025728 ], [ -96.722918487609164, 40.736722961948118 ], [ -96.722915082495135, 40.736721996787679 ], [ -96.722911679767137, 40.736721066744167 ], [ -96.722908261665808, 40.736720167320676 ], [ -96.722904798591898, 40.736719290422087 ], [ -96.72290133553642, 40.736718448641135 ], [ -96.722897860658975, 40.736717637479138 ], [ -96.722894404742632, 40.736716865030921 ], [ -96.722890921613512, 40.736716120504916 ], [ -96.722887402984583, 40.736715403003195 ], [ -96.72288387371745, 40.736714716120076 ], [ -96.722880346836334, 40.736714064353912 ], [ -96.722876823524516, 40.736713446803854 ], [ -96.722873301413472, 40.736712861669709 ], [ -96.722869716573754, 40.736712300866714 ], [ -96.722866132935266, 40.736711773380087 ], [ -96.722862608508422, 40.736711287296473 ], [ -96.722859018985289, 40.736710825544648 ], [ -96.722855442502308, 40.736710398906574 ], [ -96.722851856564944, 40.73671000288671 ], [ -96.722848210268324, 40.736709634799077 ], [ -96.722844629101431, 40.73670930631171 ], [ -96.722841043215766, 40.736709009341645 ], [ -96.722837401706514, 40.736708741202769 ], [ -96.722833811119955, 40.736708509967151 ], [ -96.722830173196414, 40.736708307560235 ], [ -96.722826529371218, 40.736708138471847 ], [ -96.722822943570549, 40.736708004483653 ], [ -96.722819302147229, 40.736707901127559 ], [ -96.722815658373179, 40.736707830188486 ], [ -96.722812015800287, 40.736707792565809 ], [ -96.722808428882871, 40.73670778734261 ], [ -96.722804785160392, 40.736707815453293 ], [ -96.722801142638559, 40.736707875979917 ], [ -96.722797501317856, 40.736707969822902 ], [ -96.722793914467886, 40.73670809426487 ], [ -96.722790235300224, 40.736708254752727 ], [ -96.722786595214785, 40.736708447645142 ], [ -96.722783008415334, 40.736708669335954 ], [ -96.722779365996445, 40.73670892796207 ], [ -96.722775778047307, 40.736709215386277 ], [ -96.722772139214399, 40.73670954064481 ], [ -96.72276855485029, 40.736709892900521 ], [ -96.722764966952539, 40.736710279374478 ], [ -96.722761377887792, 40.736710698265092 ], [ -96.722757795942641, 40.736711149569857 ], [ -96.722754214014756, 40.736711634191366 ], [ -96.722750627368924, 40.73671215213102 ], [ -96.722747103477076, 40.736712694364037 ], [ -96.722743512131927, 40.736713281639979 ], [ -96.722739985907438, 40.736713891407618 ], [ -96.722736467985854, 40.736714532688652 ], [ -96.722732934693482, 40.736715209992362 ], [ -96.722729464153687, 40.73671590888808 ], [ -96.722725939182382, 40.7367166528228 ], [ -96.722722463942759, 40.736717420154349 ], [ -96.72271900055695, 40.736718218097707 ], [ -96.722715533638336, 40.736719052060245 ], [ -96.722712063186009, 40.736719920241057 ], [ -96.722708657852408, 40.736720807311791 ], [ -96.722705251352679, 40.736721728600074 ], [ -96.722701838952517, 40.736722685908276 ], [ -96.722698425387648, 40.736723680135377 ], [ -96.72269507575534, 40.736724688750513 ], [ -96.72269172140642, 40.736725733385164 ], [ -96.722688364709398, 40.736726815839567 ], [ -96.722685026968477, 40.736727928003234 ], [ -96.72268173185455, 40.73672905996402 ], [ -96.722678433208713, 40.736730229744893 ], [ -96.722675154702756, 40.736731429234695 ], [ -96.722671917639971, 40.736732648522008 ], [ -96.722668678229553, 40.736733906529516 ], [ -96.722665502749351, 40.736735174422748 ], [ -96.722662256275541, 40.7367365089709 ], [ -96.722659142377935, 40.736737825470136 ], [ -96.722655958670941, 40.736739209524359 ], [ -96.722652837710399, 40.73674060346471 ], [ -96.722649739255914, 40.736742024411882 ], [ -96.722646656207502, 40.736743477770787 ], [ -96.722643594481369, 40.736744958136867 ], [ -96.722640557628907, 40.736746465509071 ], [ -96.722637556301052, 40.736747993581041 ], [ -96.722634553810252, 40.736749562173799 ], [ -96.722631589211176, 40.736751150565134 ], [ -96.722628648302418, 40.736752766863425 ], [ -96.722625733450201, 40.736754408366593 ], [ -96.722622828086884, 40.736756085885062 ], [ -96.722620011502443, 40.736757751670964 ], [ -96.72261716416979, 40.736759476896061 ], [ -96.722614346444587, 40.736761226424541 ], [ -96.72261156187686, 40.736762997553924 ], [ -96.722608804549438, 40.736764793887879 ], [ -96.722606081562816, 40.736766610921947 ], [ -96.722603385816072, 40.736768452260129 ], [ -96.722600723227231, 40.73677031609968 ], [ -96.722598090244929, 40.736772202441706 ], [ -96.722595488052477, 40.736774110385404 ], [ -96.722592888250759, 40.736776063351115 ], [ -96.722590346456116, 40.736778018100303 ], [ -96.722587863851828, 40.736779973732183 ], [ -96.72258535760443, 40.736781993303438 ], [ -96.722582905814065, 40.73678401736062 ], [ -96.7225804883645, 40.736786062117957 ], [ -96.722578074489476, 40.736788151896967 ], [ -96.722575741101622, 40.736790220040895 ], [ -96.722573417205922, 40.73679233050337 ], [ -96.722571122917671, 40.736794465269242 ], [ -96.722568855869284, 40.736796624339227 ], [ -96.72256664445942, 40.73679878339253 ], [ -96.722564467389432, 40.736800961345075 ], [ -96.722562290331396, 40.736803162709442 ], [ -96.722560127456049, 40.736805319947187 ], [ -96.722557964557751, 40.736807433062573 ], [ -96.72255575312532, 40.736809549794273 ], [ -96.722553519188423, 40.736811643120781 ], [ -96.722551256832233, 40.736813721148003 ], [ -96.722548995636899, 40.736815755052511 ], [ -96.722546684724094, 40.736817793474117 ], [ -96.722544321724754, 40.736819833712119 ], [ -96.722541959887693, 40.736821832528797 ], [ -96.722539571996634, 40.736823811543168 ], [ -96.72253716041962, 40.736825771655027 ], [ -96.72253472515618, 40.736827711963841 ], [ -96.72253223543909, 40.736829654990252 ], [ -96.722529749251905, 40.736831556594616 ], [ -96.722527238194957, 40.736833439296767 ], [ -96.722524703451583, 40.736835302195914 ], [ -96.722522113069843, 40.736837166012094 ], [ -96.722519526219372, 40.736838991107554 ], [ -96.722516886097665, 40.736840816218844 ], [ -96.722514250690551, 40.736842601708652 ], [ -96.722511590413234, 40.73684436739579 ], [ -96.722508904082858, 40.736846115081519 ], [ -96.722506194065573, 40.736847842063781 ], [ -96.72250345681141, 40.736849551045005 ], [ -96.722500697054187, 40.736851239322412 ], [ -96.722497942012055, 40.73685288887873 ], [ -96.722495130147266, 40.736854538451922 ], [ -96.72249232536565, 40.736856150203828 ], [ -96.722489462577101, 40.7368577610725 ], [ -96.722486605687934, 40.736859334120204 ], [ -96.722483728663306, 40.736860886463376 ], [ -96.722480820850848, 40.736862421706988 ], [ -96.722477892901523, 40.736863933544704 ], [ -96.722474930613927, 40.736865430084819 ], [ -96.722471949373272, 40.736866903218669 ], [ -96.722468976401018, 40.736868341232203 ], [ -96.72246600814573, 40.736869744126508 ], [ -96.722462983065938, 40.736871143435835 ], [ -96.722459937849322, 40.736872519339258 ], [ -96.722456858293924, 40.736873879044602 ], [ -96.722453785823589, 40.736875204530456 ], [ -96.722450695583589, 40.736876505709219 ], [ -96.722447611245315, 40.736877773569297 ], [ -96.722444467713984, 40.736879036044186 ], [ -96.722441332451538, 40.736880264299216 ], [ -96.722438203091315, 40.736881460135997 ], [ -96.722435012169484, 40.736882648787393 ], [ -96.72243180702894, 40.736883812230161 ], [ -96.722428627911555, 40.736884936045037 ], [ -96.722425368294978, 40.736886058983359 ], [ -96.722422183229185, 40.736887126071132 ], [ -96.722418936601784, 40.736888185973534 ], [ -96.722415627226709, 40.736889234188581 ], [ -96.72241237465046, 40.736890236463374 ], [ -96.722409078265031, 40.73689122254293 ], [ -96.72240577002853, 40.736892183413168 ], [ -96.722402466510943, 40.736893112765941 ], [ -96.722399172448391, 40.736894012400775 ], [ -96.722395814454345, 40.736894900348616 ], [ -96.722392461179695, 40.736895757679477 ], [ -96.722389098421104, 40.736896588899832 ], [ -96.722385740382833, 40.736897391304126 ], [ -96.722382337350211, 40.736898174812126 ], [ -96.722378975731672, 40.736898921389013 ], [ -96.722375566752135, 40.736899650871237 ], [ -96.722372148288215, 40.736900353342534 ], [ -96.722368735728409, 40.73690102699738 ], [ -96.72236532788898, 40.736901671836144 ], [ -96.722361858482898, 40.736902299584443 ], [ -96.722358447063698, 40.736902889496278 ], [ -96.722354985914961, 40.736903460513219 ], [ -96.722351516466162, 40.736904005419319 ], [ -96.722348052921518, 40.73690452150899 ], [ -96.722344581076314, 40.736905010587336 ], [ -96.722341112768589, 40.736905472650854 ], [ -96.722337594730007, 40.736905913118115 ], [ -96.722334124026389, 40.736906320254349 ], [ -96.7223306604117, 40.736906700374711 ], [ -96.722327139962857, 40.736907058000462 ], [ -96.722323617132488, 40.736907388613119 ], [ -96.72232009428825, 40.73690769221205 ], [ -96.722316632985581, 40.736907964276604 ], [ -96.722313110113546, 40.73690821384799 ], [ -96.722309588410965, 40.736908435504766 ], [ -96.722306063143122, 40.736908630148847 ], [ -96.722302526023796, 40.736908798683089 ], [ -96.722298992441566, 40.736908939302069 ], [ -96.722295468315906, 40.736909052904473 ], [ -96.72229189090568, 40.736909140409381 ], [ -96.722288370303261, 40.736909199082717 ], [ -96.722284847319372, 40.736909230742988 ], [ -96.722281325505904, 40.736909236289598 ], [ -96.722277804861918, 40.736909213921642 ], [ -96.722274280653153, 40.736909165441418 ], [ -96.722270759981512, 40.736909089045902 ], [ -96.722267181289197, 40.736908984753377 ], [ -96.722263660589888, 40.736908854330316 ], [ -96.722260137509167, 40.736908696894204 ], [ -96.72225828599511, 40.736908609198203 ], [ -96.722256358717644, 40.736908521524619 ], [ -96.722254488266415, 40.736908441037826 ], [ -96.722252559810698, 40.736908364170013 ], [ -96.722250633724883, 40.736908291803729 ], [ -96.722248763281513, 40.736908226624585 ], [ -96.722246833649834, 40.736908165064747 ], [ -96.722244964395372, 40.7369081097902 ], [ -96.722243037136352, 40.73690805813461 ], [ -96.722241111063468, 40.736908010980926 ], [ -96.722239239449223, 40.736907971014716 ], [ -96.722237313381868, 40.736907934666462 ], [ -96.722235383765877, 40.736907903721935 ], [ -96.722233515710428, 40.736907878161844 ], [ -96.722231586099966, 40.73690785802274 ], [ -96.722229715682445, 40.736907843268796 ], [ -96.722227788444641, 40.736907833033889 ], [ -96.72222586239296, 40.736907827300904 ], [ -96.722223990799478, 40.736907827854949 ], [ -96.722222064753311, 40.736907832927365 ], [ -96.722220137525667, 40.736907842502376 ], [ -96.722218265940015, 40.736907858364063 ], [ -96.722216339901678, 40.736907878744127 ], [ -96.722214468320615, 40.73690790361033 ], [ -96.722212539920221, 40.736907934796491 ], [ -96.722210612706391, 40.736907971385001 ], [ -96.722208742316951, 40.736908011558469 ], [ -96.722206816291518, 40.736908057151133 ], [ -96.722204887901682, 40.736908109047647 ], [ -96.722203017520087, 40.736908164528785 ], [ -96.722201089135311, 40.73690822633025 ], [ -96.722199219942567, 40.736908291715984 ], [ -96.722197282092864, 40.73690836432565 ], [ -96.72219535253258, 40.736908442335555 ], [ -96.722193483347638, 40.736908523028937 ], [ -96.722191553792413, 40.736908610943807 ], [ -96.722189685795854, 40.736908700641337 ], [ -96.72218775742995, 40.736908799361238 ], [ -96.722185888254657, 40.736908898964082 ], [ -96.722183961078031, 40.736909008489008 ], [ -96.722182090724445, 40.736909118897621 ], [ -96.722180163552437, 40.736909237427056 ], [ -96.722178290836752, 40.736909358641746 ], [ -96.722176364854036, 40.736909487976249 ], [ -96.722174490959134, 40.736909618195789 ], [ -96.722172568533338, 40.736909758334619 ], [ -96.722170695827288, 40.736909898458741 ], [ -96.722168767487972, 40.73691004940477 ], [ -96.722166900706441, 40.736910200332559 ], [ -96.722164971188377, 40.73691036118386 ], [ -96.722163097309064, 40.736910522018682 ], [ -96.722161171347892, 40.736910693674339 ], [ -96.722159299841238, 40.73691086441341 ], [ -96.722157430705394, 40.73691104145496 ], [ -96.722155505935362, 40.736911227517453 ], [ -96.722153635620742, 40.736911414464309 ], [ -96.722151761757459, 40.736911606814871 ], [ -96.722149841730428, 40.736911808183635 ], [ -96.722147966688382, 40.736912010439511 ], [ -96.722146094016225, 40.736912217196966 ], [ -96.722144169262677, 40.736912435675663 ], [ -96.722142297779811, 40.73691265323815 ], [ -96.722140428666847, 40.736912875302188 ], [ -96.722138560739964, 40.736913101868097 ], [ -96.722136627711222, 40.736913342860518 ], [ -96.722134763341259, 40.736913580230805 ], [ -96.722132889504053, 40.736913823907052 ], [ -96.722131026322458, 40.736914070281486 ], [ -96.722129153674075, 40.736914323862329 ], [ -96.722127283396063, 40.736914582845159 ], [ -96.722125415487454, 40.736914845429105 ], [ -96.722123533377356, 40.736915116121295 ], [ -96.72212166902564, 40.736915389509591 ], [ -96.722119803492419, 40.736915667400496 ], [ -96.722117927308616, 40.73691595249813 ], [ -96.722116053495171, 40.736916242997793 ], [ -96.722114192704922, 40.736916536194919 ], [ -96.722112322447899, 40.736916836598475 ], [ -96.722110454560777, 40.736917141503589 ], [ -96.722108584308302, 40.736917450911641 ], [ -96.722106704589535, 40.736917768426537 ], [ -96.722104841445358, 40.7369180886379 ], [ -96.722103019732927, 40.736918406135636 ], [ -96.72210115659378, 40.736918736251958 ], [ -96.722099282804507, 40.736919074475459 ], [ -96.722097413752266, 40.736919416299379 ], [ -96.722095597968888, 40.736919753605271 ], [ -96.722093727738311, 40.736920106234919 ], [ -96.722091862245676, 40.736920464265907 ], [ -96.722090050020981, 40.736920815977953 ], [ -96.722088188084328, 40.736921183012377 ], [ -96.722086367579408, 40.736921547333203 ], [ -96.722084491443923, 40.736921927878583 ], [ -96.722082688699231, 40.736922298497284 ], [ -96.72208081730399, 40.736922688946215 ], [ -96.72207900272808, 40.736923073075182 ], [ -96.722077137256846, 40.736923473427318 ], [ -96.722075326237373, 40.736923867460199 ], [ -96.722073502199692, 40.736924268700534 ], [ -96.722071640287595, 40.736924684359302 ], [ -96.722069819806336, 40.736925095503508 ], [ -96.722068015899225, 40.736925508443761 ], [ -96.722066197790554, 40.736925929492244 ], [ -96.722064383236045, 40.736926355942373 ], [ -96.722062567500458, 40.736926787795561 ], [ -96.722060705604719, 40.736927235870539 ], [ -96.722058895792699, 40.736927676726502 ], [ -96.722057088350979, 40.736928122984445 ], [ -96.722055266708196, 40.73692857825111 ], [ -96.722053464005796, 40.736929032611719 ], [ -96.722051695632757, 40.736929485161269 ], [ -96.722049883466738, 40.736929953031456 ], [ -96.722048066569144, 40.736930428106639 ], [ -96.722046256776196, 40.736930906781524 ], [ -96.722044446985947, 40.736931390859091 ], [ -96.722042691646095, 40.736931865916077 ], [ -96.722040886595607, 40.736932358996768 ], [ -96.722039066161145, 40.736932862887421 ], [ -96.722037315563753, 40.736933352350199 ], [ -96.722035501052829, 40.736933865243614 ], [ -96.722033736257529, 40.736934370018261 ], [ -96.722031927670145, 40.736934891914437 ], [ -96.722030167614591, 40.736935405692194 ], [ -96.722028361400262, 40.736935938393067 ], [ -96.722026607268248, 40.736936461173592 ], [ -96.722024856689913, 40.736936988455291 ], [ -96.722023087176183, 40.736937526548026 ], [ -96.722021291625595, 40.736938078155212 ], [ -96.72201952921921, 40.736938625250374 ], [ -96.722017767999333, 40.736939177747871 ], [ -96.722016029270819, 40.736939728437818 ], [ -96.722014272790673, 40.736940289938431 ], [ -96.722012519864677, 40.736940856840704 ], [ -96.722010748003285, 40.73694143455397 ], [ -96.722008999817021, 40.736942010459352 ], [ -96.722007259918271, 40.736942588163181 ], [ -96.721778739969835, 40.737018533844996 ], [ -96.721775612866097, 40.737019545970192 ], [ -96.721772419461004, 40.737020541906482 ], [ -96.721769250894326, 40.737021495513979 ], [ -96.721766064555027, 40.737022418511117 ], [ -96.721762815465326, 40.737023324417841 ], [ -96.721759587663584, 40.737024189797737 ], [ -96.721756344456352, 40.737025023666114 ], [ -96.721753107149937, 40.737025821514422 ], [ -96.721749871009962, 40.737026585145017 ], [ -96.721746572118207, 40.737027328983828 ], [ -96.72174327676008, 40.73702803770373 ], [ -96.72173998493561, 40.737028711304738 ], [ -96.721736644562753, 40.737029360607522 ], [ -96.721733356255058, 40.737029965772685 ], [ -96.721730006378493, 40.737030549344773 ], [ -96.72172666003604, 40.737031098698438 ], [ -96.721723314859631, 40.737031612933897 ], [ -96.721719962564435, 40.737032095655408 ], [ -96.72171655816858, 40.73703255227877 ], [ -96.721713220044492, 40.737032966561301 ], [ -96.721709810879744, 40.737033356552175 ], [ -96.721706411167716, 40.737033711422406 ], [ -96.721703063524515, 40.737034029358675 ], [ -96.721699666146435, 40.737034317594322 ], [ -96.721696265201061, 40.737034574314968 ], [ -96.721692860687, 40.737034796819231 ], [ -96.721689404070489, 40.737034989623545 ], [ -96.721685998339922, 40.737035147295138 ], [ -96.721682562997898, 40.737035272558906 ], [ -96.721679161968979, 40.737035363595233 ], [ -96.721675705285307, 40.737035423131744 ], [ -96.721672303039497, 40.737035448434952 ], [ -96.721668901961593, 40.737035442221796 ], [ -96.721665444043808, 40.737035401807795 ], [ -96.721662042932394, 40.737035328960737 ], [ -96.721658640620419, 40.73703522279704 ], [ -96.721655237108791, 40.737035085117682 ], [ -96.721651781492056, 40.737034912335602 ], [ -96.721648377946934, 40.737034708022342 ], [ -96.721644974385526, 40.737034471292588 ], [ -96.72164157554262, 40.737034201244484 ], [ -96.721638167212987, 40.737033898782656 ], [ -96.721634819243008, 40.73703356748856 ], [ -96.721631421534653, 40.737033199290195 ], [ -96.721628015522029, 40.737032795976347 ], [ -96.721624672238022, 40.737032366530975 ], [ -96.721621323018752, 40.737031904670808 ], [ -96.721617919323194, 40.737031400504982 ], [ -96.721614567702474, 40.737030871111152 ], [ -96.721611276443682, 40.737030317387379 ], [ -96.72160791768583, 40.737029719560823 ], [ -96.72160462047421, 40.737029098304426 ], [ -96.721601284175762, 40.737028434737866 ], [ -96.721597979826583, 40.737027744148278 ], [ -96.721594687299728, 40.737027022039193 ], [ -96.721591444481007, 40.737026276503769 ], [ -96.721588145999974, 40.737025484160696 ], [ -96.72158491143459, 40.737024671988941 ], [ -96.721581674484042, 40.73702382470006 ], [ -96.721578484874954, 40.737022955786351 ], [ -96.7215752384175, 40.737022035563122 ], [ -96.721572059429391, 40.737021100012463 ], [ -96.721568855559767, 40.737020121247092 ], [ -96.721565735735908, 40.737019133452662 ], [ -96.721562592214354, 40.737018102443145 ], [ -96.721559466434599, 40.737017040812908 ], [ -96.721556335901212, 40.737015942265288 ], [ -96.721553250341699, 40.737014822093592 ], [ -96.721550178972166, 40.737013670401772 ], [ -96.721547152577827, 40.737012499787255 ], [ -96.721544121429446, 40.737011291354897 ], [ -96.721541086709408, 40.737010042402972 ], [ -96.721538114726215, 40.737008783527777 ], [ -96.721535140355684, 40.737007485033132 ], [ -96.721532186095033, 40.737006156817571 ], [ -96.72152924602436, 40.737004797081859 ], [ -96.721526354481739, 40.737003421123809 ], [ -96.721523473576752, 40.737002011845732 ], [ -96.721520618702087, 40.737000575546389 ], [ -96.721517759071105, 40.736999096926915 ], [ -96.721514962177878, 40.736997610185092 ], [ -96.721512174738066, 40.736996089223155 ], [ -96.721509437011889, 40.736994555640372 ], [ -96.72150667321371, 40.736992965336349 ], [ -96.721503969786113, 40.736991367811157 ], [ -96.721501292389277, 40.736989744165136 ], [ -96.721498649312537, 40.736988099798609 ], [ -96.721496005030488, 40.73698641221052 ], [ -96.721493395067199, 40.736984701200576 ], [ -96.721490841923966, 40.736982984771387 ], [ -96.721488288758792, 40.736981224219825 ], [ -96.721485795966885, 40.736979461849806 ], [ -96.721483305520621, 40.736977655356725 ], [ -96.721480844656554, 40.736975822741819 ], [ -96.72147844179861, 40.736973989209588 ], [ -96.721476041285896, 40.736972110653866 ], [ -96.721473671540053, 40.736970207776892 ], [ -96.721471332561109, 40.736968280578658 ], [ -96.721469048035956, 40.736966350663238 ], [ -96.721466796646652, 40.736964399127253 ], [ -96.721464549969284, 40.736962400766153 ], [ -96.721462360114657, 40.736960402388583 ], [ -96.721460197474599, 40.73695837788987 ], [ -96.721458043097442, 40.736956305664577 ], [ -96.721455941991152, 40.736954232523374 ], [ -96.721453896524721, 40.736952161166961 ], [ -96.721451858136916, 40.736950041183853 ], [ -96.721449874204254, 40.736947921184942 ], [ -96.721447917485236, 40.736945773264019 ], [ -96.721445996271044, 40.73694360642321 ], [ -96.721444102270041, 40.736941410759925 ], [ -96.721442260356554, 40.736939215081527 ], [ -96.721440358007058, 40.736936895157726 ], [ -96.721438472242212, 40.736934597740472 ], [ -96.721436536747831, 40.736932280527554 ], [ -96.721434585875372, 40.736929985830443 ], [ -96.721432611332816, 40.736927702846046 ], [ -96.721430621412196, 40.736925442377483 ], [ -96.721428580578703, 40.736923163014012 ], [ -96.721426543317889, 40.736920925970892 ], [ -96.721424490677677, 40.736918708742195 ], [ -96.721422388310657, 40.736916477120545 ], [ -96.721420269379934, 40.736914264413237 ], [ -96.721418126780065, 40.736912065219542 ], [ -96.72141598893576, 40.736909906544945 ], [ -96.721413807285927, 40.736907737977923 ], [ -96.721411603152077, 40.7369055856256 ], [ -96.721409355212685, 40.736903423380859 ], [ -96.721407112028857, 40.736901301655209 ], [ -96.721404822672824, 40.736899171838751 ], [ -96.721402535702083, 40.736897077139311 ], [ -96.721400207296995, 40.736894979750446 ], [ -96.721397880092951, 40.736892916578512 ], [ -96.721395507901391, 40.736890847116328 ], [ -96.721393140463604, 40.736888814571394 ], [ -96.721390728038742, 40.736886776636645 ], [ -96.721388294312746, 40.736884753115305 ], [ -96.721385840469907, 40.736882744907483 ], [ -96.721383392564647, 40.736880773616555 ], [ -96.721380870065559, 40.736878773532538 ], [ -96.721378383110377, 40.73687683286829 ], [ -96.721375846432466, 40.736874885915121 ], [ -96.721373319243526, 40.736872975877844 ], [ -96.721370741147624, 40.736871058651566 ], [ -96.72136814293485, 40.736869156738784 ], [ -96.721365526973273, 40.736867271039266 ], [ -96.721362887342963, 40.736865399753825 ], [ -96.721360229964304, 40.73686354558204 ], [ -96.72135757852142, 40.736861724725365 ], [ -96.72135487854095, 40.736859900280841 ], [ -96.721352186864323, 40.736858110051145 ], [ -96.721349449018192, 40.736856317133352 ], [ -96.72134671947633, 40.736854559330858 ], [ -96.72134396626528, 40.736852815041964 ], [ -96.721341162148633, 40.736851066265395 ], [ -96.721338372256156, 40.736849354403347 ], [ -96.721335558694491, 40.736847656054884 ], [ -96.721332726200217, 40.736845973919991 ], [ -96.721329868852962, 40.736844305299059 ], [ -96.721326993756875, 40.736842652891347 ], [ -96.721324100912454, 40.736841017597364 ], [ -96.721321216371365, 40.736839415617744 ], [ -96.721318280925558, 40.736837810951357 ], [ -96.721315326547142, 40.736836222498567 ], [ -96.721312382840111, 40.736834668259917 ], [ -96.72130941191115, 40.736833124834511 ], [ -96.721306423233358, 40.73683159762237 ], [ -96.721303417992345, 40.736830090224913 ], [ -96.721300397370996, 40.73682860084093 ], [ -96.721297373210035, 40.736827134869714 ], [ -96.721294306435027, 40.736825674313458 ], [ -96.721291251513833, 40.736824245269631 ], [ -96.721288180028509, 40.736822834239589 ], [ -96.721285077769849, 40.736821434023824 ], [ -96.721281962499347, 40.736820053621734 ], [ -96.721278855529476, 40.736818701131277 ], [ -96.721275691738128, 40.736817350458026 ], [ -96.721272580057487, 40.736816046593368 ], [ -96.721269412738721, 40.736814743645098 ], [ -96.721266231223865, 40.736813459610381 ], [ -96.721263014200431, 40.736812186391276 ], [ -96.721259829158143, 40.736810950081562 ], [ -96.721256608607291, 40.73680972458741 ], [ -96.721253376228361, 40.736808518906635 ], [ -96.721250105973724, 40.736807324942539 ], [ -96.721246870066921, 40.736806166086275 ], [ -96.721243577339521, 40.73680501084808 ], [ -96.721240291728463, 40.736803882621409 ], [ -96.721237014417568, 40.73680278140592 ], [ -96.721233727646634, 40.736801700903527 ], [ -96.721230381687533, 40.736800624019885 ], [ -96.721227042844745, 40.736799574147774 ], [ -96.721223713485458, 40.736798550386048 ], [ -96.721220354538389, 40.736797541040012 ], [ -96.721217021650702, 40.736796563202354 ], [ -96.721213660359027, 40.736795599780038 ], [ -96.721210277767966, 40.736794654372837 ], [ -96.721206866772903, 40.73679372338102 ], [ -96.721203462893271, 40.736792817599792 ], [ -96.721200066129498, 40.736791937929652 ], [ -96.721196663457079, 40.736791078971564 ], [ -96.721193214621849, 40.736790230832106 ], [ -96.721189808420533, 40.736789416897615 ], [ -96.721186343033267, 40.736788611084123 ], [ -96.721182898968777, 40.736787834078982 ], [ -96.721179432420641, 40.736787074188847 ], [ -96.721175972987439, 40.736786338608873 ], [ -96.72117252066829, 40.736785625538111 ], [ -96.721169005613561, 40.736784924191191 ], [ -96.721165537926552, 40.736784254346531 ], [ -96.721162025261876, 40.736783598021489 ], [ -96.72115850432094, 40.736782962409194 ], [ -96.721154988127296, 40.736782351107749 ], [ -96.721151477864339, 40.736781763216328 ], [ -96.721147964060307, 40.736781196036297 ], [ -96.721144440796635, 40.736780650469804 ], [ -96.721140870188535, 40.736780120224509 ], [ -96.721137349314432, 40.736779618779458 ], [ -96.721133832002934, 40.736779139844636 ], [ -96.721130264979408, 40.736778676231715 ], [ -96.721126692047633, 40.736778234231316 ], [ -96.721123115575637, 40.736777814743206 ], [ -96.721119598307567, 40.736777423152112 ], [ -96.721116019490367, 40.736777048687244 ], [ -96.72111244778624, 40.736776694930697 ], [ -96.72110887017385, 40.736776362786664 ], [ -96.721105294940671, 40.736776054053685 ], [ -96.721101725637254, 40.736775766929831 ], [ -96.721098095968443, 40.736775496931791 ], [ -96.721094519584085, 40.73677525393208 ], [ -96.721090944393822, 40.736775031642374 ], [ -96.721087368030453, 40.736774830963839 ], [ -96.721083738405838, 40.736774650110455 ], [ -96.721080159696726, 40.736774493554684 ], [ -96.721076530093541, 40.736774355922954 ], [ -96.721072957325276, 40.736774243487559 ], [ -96.72106932537632, 40.736774149978586 ], [ -96.721065750261843, 40.736774080765542 ], [ -96.72106217397382, 40.736774032263185 ], [ -96.721058542057804, 40.736774005387588 ], [ -96.721054966975387, 40.736774001007007 ], [ -96.720435822773894, 40.73677749183323 ], [ -96.720438133951689, 40.737437480988802 ], [ -96.719136872472291, 40.737481075895261 ], [ -96.719134650001664, 40.737485192475823 ], [ -96.719132447638842, 40.737489273032708 ], [ -96.719130245275778, 40.7374933535895 ], [ -96.719128041729007, 40.737497435047054 ], [ -96.719125831085393, 40.737501530013304 ], [ -96.719123628721491, 40.737505610569997 ], [ -96.719121425173526, 40.737509691126967 ], [ -96.719119214529087, 40.737513786093082 ], [ -96.719117012164375, 40.73751786664964 ], [ -96.719114801519837, 40.737521962516126 ], [ -96.719112597970778, 40.737526043072883 ], [ -96.719110387325259, 40.737530138038842 ], [ -96.719108184959481, 40.737534218595201 ], [ -96.719105974313848, 40.737538314461496 ], [ -96.719103770763709, 40.73754239501811 ], [ -96.719101560117124, 40.737546489983856 ], [ -96.719099349470667, 40.737550585850038 ], [ -96.719097138823528, 40.737554680815691 ], [ -96.719094936456131, 40.737558761371801 ], [ -96.719092744732748, 40.737562820314054 ], [ -96.719090534084813, 40.737566915279579 ], [ -96.71908832343702, 40.737571011145512 ], [ -96.719086112788517, 40.73757510611096 ], [ -96.719083902140184, 40.737579201976814 ], [ -96.71908169030776, 40.737583297842924 ], [ -96.719079499766593, 40.737587356784623 ], [ -96.71907728911701, 40.737591451749857 ], [ -96.719075077283776, 40.73759554761584 ], [ -96.719072866634093, 40.737599643481474 ], [ -96.719070676091434, 40.737603701522517 ], [ -96.719068457161171, 40.737607811797567 ], [ -96.719066246510664, 40.737611907663059 ], [ -96.719064054783814, 40.737615966604743 ], [ -96.719061844132753, 40.737620062470143 ], [ -96.719059625201425, 40.737624172744987 ], [ -96.719057433473765, 40.737628231686557 ], [ -96.719055214541868, 40.737632341961309 ], [ -96.719053003889741, 40.737636437826524 ], [ -96.719050812161271, 40.737640496767973 ], [ -96.719048593228578, 40.737644607042597 ], [ -96.71904639440335, 40.737648680393121 ], [ -96.719044183750128, 40.737652776258159 ], [ -96.719041964816626, 40.737656886532662 ], [ -96.719039773087246, 40.737660946374319 ], [ -96.719037554153175, 40.737665056648709 ], [ -96.719035355326611, 40.73766912999902 ], [ -96.719033136392426, 40.737673241173788 ], [ -96.71903094466154, 40.737677300114818 ], [ -96.719028725726403, 40.737681410389037 ], [ -96.719026526899171, 40.737685484639613 ], [ -96.719024328071271, 40.737689557989675 ], [ -96.719022109135295, 40.73769366826378 ], [ -96.71901990912346, 40.737697742514527 ], [ -96.719017690187371, 40.737701853688975 ], [ -96.719015491358377, 40.737705927038888 ], [ -96.719013291345718, 40.737710001289514 ], [ -96.719011072408819, 40.737714112463841 ], [ -96.719008873579028, 40.737718185813584 ], [ -96.719006666469326, 40.737722274473263 ], [ -96.719004447531631, 40.737726385647456 ], [ -96.719002247517196, 40.737730458997376 ], [ -96.719000048686325, 40.737734532346977 ], [ -96.71899784157597, 40.737738621906935 ], [ -96.718995622637166, 40.737742733080928 ], [ -96.718993414342037, 40.737746821740657 ], [ -96.718991215510513, 40.737750895990509 ], [ -96.718986735977978, 40.737758644709807 ], [ -96.71898431694909, 40.737762705511685 ], [ -96.718981928675021, 40.737766714078859 ], [ -96.718979530938043, 40.737770739757174 ], [ -96.718977134384176, 40.73777476453467 ], [ -96.71897474610924, 40.737778773101681 ], [ -96.718972348370968, 40.73778279787939 ], [ -96.718969951816248, 40.737786822656737 ], [ -96.718967563540858, 40.737790832124048 ], [ -96.718965165801734, 40.737794856901594 ], [ -96.718962746769819, 40.737798916802568 ], [ -96.718960349030525, 40.737802942480471 ], [ -96.718957952474341, 40.737806967257512 ], [ -96.718955554734052, 40.737810992034859 ], [ -96.718953156993479, 40.737815016812149 ], [ -96.718950759252607, 40.737819041589361 ], [ -96.718948361511877, 40.737823067267009 ], [ -96.71894596495423, 40.737827092043815 ], [ -96.718943588505027, 40.737831081697422 ], [ -96.718941190762592, 40.737835105573993 ], [ -96.718938793020698, 40.737839131251413 ], [ -96.718936395278106, 40.73784315602834 ], [ -96.718933988072152, 40.73784719701591 ], [ -96.718931591512785, 40.737851221792432 ], [ -96.718929193769313, 40.737855246569168 ], [ -96.718926786562918, 40.737859288457052 ], [ -96.718924410111001, 40.737863277209804 ], [ -96.718922012366662, 40.737867301986412 ], [ -96.718919606342794, 40.737871342973371 ], [ -96.718917208598285, 40.737875368650315 ], [ -96.718914801389602, 40.737879408737037 ], [ -96.718912424936676, 40.737883398389982 ], [ -96.718910017727808, 40.73788743937704 ], [ -96.718907610519082, 40.737891481264519 ], [ -96.718905234065289, 40.737895470917294 ], [ -96.718902826855128, 40.737899511003739 ], [ -96.718900419645124, 40.737903551990605 ], [ -96.718898044374285, 40.737907541642898 ], [ -96.718895635980303, 40.737911583530433 ], [ -96.718893229952812, 40.737915623616345 ], [ -96.71889084403422, 40.737919629479549 ], [ -96.718888436822738, 40.737923670466131 ], [ -96.718886050903564, 40.737927676329214 ], [ -96.7188836436911, 40.737931716415254 ], [ -96.718881236479177, 40.737935758302143 ], [ -96.718878850559136, 40.737939764165091 ], [ -96.718876443346232, 40.737943805151396 ], [ -96.718874057425197, 40.737947810113774 ], [ -96.718871650211696, 40.737951851099993 ], [ -96.718869264290504, 40.737955856962721 ], [ -96.718866847612915, 40.737959913259104 ], [ -96.718864461691155, 40.737963919121725 ], [ -96.718862075769081, 40.737967924984289 ], [ -96.718859668554146, 40.737971965970246 ], [ -96.718857273167998, 40.737975987142967 ], [ -96.718854865952466, 40.737980028128838 ], [ -96.718852470566162, 40.737984050201888 ], [ -96.718850084642668, 40.737988056064218 ], [ -96.718847667962748, 40.737992112360175 ], [ -96.718845282038671, 40.73799611822237 ], [ -96.718842886651217, 40.738000140295256 ], [ -96.718840479433538, 40.738004180380337 ], [ -96.718838084045487, 40.738008202453102 ], [ -96.718835688657165, 40.738012224525789 ], [ -96.718833301547832, 40.738016230388062 ], [ -96.718830886049687, 40.738020286683344 ], [ -96.718828489476678, 40.738024308756231 ], [ -96.718826094087177, 40.738028330828705 ], [ -96.718823698697008, 40.738032352000722 ], [ -96.718821312769634, 40.738036356961928 ], [ -96.718818917379295, 40.738040379034288 ], [ -96.718816500695993, 40.73804443623002 ], [ -96.718814105304659, 40.738048457401788 ], [ -96.718811709913439, 40.738052479473971 ], [ -96.718809313338099, 40.738056501546446 ], [ -96.71880691794631, 40.738060523618522 ], [ -96.718804513090262, 40.738064560100362 ], [ -96.718802117697891, 40.738068582172332 ], [ -96.718799722305235, 40.738072604244252 ], [ -96.718797326911869, 40.738076625415673 ], [ -96.718794931518204, 40.738080646587036 ], [ -96.718792526661559, 40.738084684869527 ], [ -96.718790130083491, 40.738088706041118 ], [ -96.718787734689386, 40.738092728112747 ], [ -96.71878532983186, 40.738096766395103 ], [ -96.718782934436348, 40.738100786665754 ], [ -96.71878052957824, 40.738104824947968 ], [ -96.718778134182969, 40.738108847019419 ], [ -96.718775728140031, 40.738112884401396 ], [ -96.718773354036898, 40.738116871349291 ], [ -96.718770949177213, 40.738120908730863 ], [ -96.718768553780379, 40.738124929901652 ], [ -96.718766147736702, 40.738128968183872 ], [ -96.718763742876149, 40.738133005565274 ], [ -96.718761359308019, 40.738137007823191 ], [ -96.718758963910446, 40.73814102989423 ], [ -96.718756557865206, 40.738145067275774 ], [ -96.718754154187309, 40.738149104656642 ], [ -96.718751769434206, 40.73815310691468 ], [ -96.718749364571906, 40.738157144295769 ], [ -96.718746959709733, 40.738161182577258 ], [ -96.718741833935255, 40.738169329459588 ], [ -96.718739204105503, 40.738173281357007 ], [ -96.718736573091647, 40.738177233254667 ], [ -96.718733965738252, 40.738181150928689 ], [ -96.718731334723756, 40.738185102826208 ], [ -96.718728727369779, 40.73818902050008 ], [ -96.718726096354644, 40.738192972397485 ], [ -96.718723454692224, 40.738196940505865 ], [ -96.718720847337721, 40.738200859080017 ], [ -96.718718216321264, 40.738204810076766 ], [ -96.718715597135727, 40.738208745762577 ], [ -96.71871296730248, 40.738212696758914 ], [ -96.718710358762493, 40.738216614432666 ], [ -96.718707717098226, 40.738220582540677 ], [ -96.718705109741464, 40.738224500213995 ], [ -96.718702490554378, 40.738228435899494 ], [ -96.718699859535732, 40.738232386895824 ], [ -96.718697240348035, 40.738236322581216 ], [ -96.718694610512628, 40.738240273577091 ], [ -96.718691991323894, 40.738244208361913 ], [ -96.718689372135273, 40.738248144047098 ], [ -96.718686741115093, 40.73825209504313 ], [ -96.718684121925847, 40.738256030728209 ], [ -96.71868150273589, 40.738259965512761 ], [ -96.71867886106817, 40.738263933620047 ], [ -96.718676241878001, 40.738267869304956 ], [ -96.718673633333722, 40.738271786977833 ], [ -96.71867101532635, 40.738275721761831 ], [ -96.718668372473971, 40.738279690769652 ], [ -96.718665753282153, 40.738283625553834 ], [ -96.718663134090022, 40.738287560337959 ], [ -96.718660514897593, 40.738291495122027 ], [ -96.718657895704851, 40.73829542990601 ], [ -96.718655264681772, 40.738299382702195 ], [ -96.718652623010925, 40.738303350808891 ], [ -96.71865000381726, 40.738307285592683 ], [ -96.718647384623679, 40.738311221276895 ], [ -96.718644765429403, 40.738315156060565 ], [ -96.718642134404348, 40.738319107956002 ], [ -96.718639515209446, 40.738323042739559 ], [ -96.718636896014232, 40.738326977523059 ], [ -96.718634264988239, 40.738330929418275 ], [ -96.718631645792811, 40.738334865102111 ], [ -96.718629014766222, 40.738338816997214 ], [ -96.718626395569757, 40.738342751780451 ], [ -96.718623765726363, 40.738346703675099 ], [ -96.718621146529287, 40.73835063845825 ], [ -96.718618515501859, 40.738354591253554 ], [ -96.718615884473707, 40.73835854314833 ], [ -96.718613287752802, 40.738362443708013 ], [ -96.71861065790786, 40.738366395602391 ], [ -96.718608026878783, 40.738370347496975 ], [ -96.71860540767986, 40.738374282279722 ], [ -96.718602776650556, 40.738378235074649 ], [ -96.718600145620542, 40.738382186969055 ], [ -96.71859753825116, 40.738386104639844 ], [ -96.718594907220933, 40.738390057434593 ], [ -96.718592276190407, 40.738394010229278 ], [ -96.718589645159142, 40.738397962123429 ], [ -96.718587037788524, 40.738401879793983 ], [ -96.718584406756648, 40.738405831688027 ], [ -96.718581775724871, 40.738409784482428 ], [ -96.71857916835333, 40.738413702152812 ], [ -96.718576537320516, 40.738417654046657 ], [ -96.718573906287389, 40.738421605940452 ], [ -96.71857128708487, 40.738425541622846 ], [ -96.718568656051531, 40.738429494416948 ], [ -96.718566047494633, 40.738433412087325 ], [ -96.718563417644091, 40.738437363980545 ], [ -96.718560797256501, 40.738441299663002 ], [ -96.718558167405334, 40.738445251556101 ], [ -96.71855554701672, 40.738449186338009 ], [ -96.718552915981519, 40.738453139131735 ], [ -96.718550296776513, 40.738457074813624 ], [ -96.718547665740289, 40.738461026706801 ], [ -96.718545046534246, 40.738464961488127 ], [ -96.718542415497808, 40.738468914281626 ], [ -96.718539796291168, 40.738472849062838 ], [ -96.718537165253693, 40.738476800955723 ], [ -96.718534546046826, 40.738480736637278 ], [ -96.71853192683966, 40.738484672318755 ], [ -96.718529283970753, 40.738488641323237 ], [ -96.71852667659347, 40.738492559892826 ], [ -96.718524056201119, 40.738496494673974 ], [ -96.718521414515507, 40.738500464578429 ], [ -96.718518795306395, 40.738504399359122 ], [ -96.718516174913532, 40.738508335040542 ], [ -96.718513555704192, 40.738512270721564 ], [ -96.718510914016932, 40.738516239725307 ], [ -96.718508293623145, 40.738520175406535 ], [ -96.718505674412469, 40.738524110186923 ], [ -96.718503054018072, 40.738528045868023 ], [ -96.718500434806771, 40.73853198064829 ], [ -96.718497815595583, 40.738535916328964 ], [ -96.718495162076337, 40.738539903344559 ], [ -96.718492541680689, 40.738543839025411 ], [ -96.718489922468166, 40.738547773805408 ], [ -96.718487303255728, 40.738551709485854 ], [ -96.718484672212043, 40.738555661377511 ], [ -96.718482051815158, 40.738559597058114 ], [ -96.718479421954697, 40.738563548949351 ], [ -96.7184768015576, 40.738567485530275 ], [ -96.718474182343215, 40.73857142030991 ], [ -96.718471551298393, 40.738575373101725 ], [ -96.718468932083397, 40.73857930788126 ], [ -96.71846630103795, 40.738583260672932 ], [ -96.718463668808766, 40.738587214365324 ], [ -96.718461049592833, 40.738591149144668 ], [ -96.718458441023728, 40.738595067712922 ], [ -96.718455811160453, 40.738599019603591 ], [ -96.718453190760187, 40.738602955283511 ], [ -96.718450559712878, 40.738606908074836 ], [ -96.718447928665256, 40.738610860866061 ], [ -96.718445297617322, 40.738614813657257 ], [ -96.718442689045943, 40.738618731324706 ], [ -96.718437446870112, 40.738626189375225 ], [ -96.718434606242155, 40.738630053976699 ], [ -96.718431766797721, 40.738633918577776 ], [ -96.718428951014474, 40.738637749855727 ], [ -96.718426111569798, 40.738641615357132 ], [ -96.718423272123971, 40.73864547905756 ], [ -96.718420456340155, 40.738649311235747 ], [ -96.718417616894087, 40.738653175836461 ], [ -96.718414776263842, 40.738657040437438 ], [ -96.71841196047906, 40.738660872615405 ], [ -96.718409108018008, 40.738664755228463 ], [ -96.718406292232174, 40.73866858650581 ], [ -96.718403451600622, 40.738672451106488 ], [ -96.71840062280053, 40.738676301296714 ], [ -96.71839778335216, 40.738680165896938 ], [ -96.71839496756543, 40.738683998074492 ], [ -96.718392113918966, 40.73868788158785 ], [ -96.718389298131598, 40.738691713765249 ], [ -96.718386444483656, 40.738695595477566 ], [ -96.718383628695634, 40.738699427654829 ], [ -96.718380776231697, 40.73870331116759 ], [ -96.718377946245155, 40.73870716135756 ], [ -96.71837513163959, 40.738710992633813 ], [ -96.718372277990397, 40.738714875246231 ], [ -96.718369448002903, 40.738718725435959 ], [ -96.718366608550923, 40.73872259003538 ], [ -96.718363779746596, 40.738726440224674 ], [ -96.718360949758107, 40.738730290414182 ], [ -96.718358120953141, 40.73873414060332 ], [ -96.718355267302385, 40.738738024115754 ], [ -96.718352438496765, 40.738741874304729 ], [ -96.718349609690392, 40.73874572359319 ], [ -96.718346780884104, 40.738749573782052 ], [ -96.718343950893669, 40.738753423971126 ], [ -96.718341097241279, 40.738757307483191 ], [ -96.718338268433996, 40.738761157671817 ], [ -96.718335439626415, 40.738765007860387 ], [ -96.718332610818095, 40.738768857148429 ], [ -96.718329780826011, 40.738772707337141 ], [ -96.718326937819967, 40.738776576438767 ], [ -96.718324109011064, 40.738780426627038 ], [ -96.718321280201849, 40.738784276815238 ], [ -96.718318450208457, 40.73878812700368 ], [ -96.718315608384529, 40.738791995204245 ], [ -96.718312778390498, 40.738795845392538 ], [ -96.718309935382493, 40.738799714493737 ], [ -96.718307106571629, 40.738803564681568 ], [ -96.718304264745967, 40.7388074319814 ], [ -96.718301434750629, 40.738811282169401 ], [ -96.718298592925137, 40.738815151269989 ], [ -96.718295762929145, 40.738819001457848 ], [ -96.718292921102588, 40.738822869657866 ], [ -96.718290078092281, 40.738826738758533 ], [ -96.718287272940813, 40.738830555622847 ], [ -96.71828442992944, 40.738834423822922 ], [ -96.718281586918152, 40.73883829292339 ], [ -96.718278745089961, 40.738842161123038 ], [ -96.718275915091667, 40.738846011310372 ], [ -96.718273096924904, 40.73884984708728 ], [ -96.718270253911896, 40.738853715287007 ], [ -96.718267410898974, 40.738857584387112 ], [ -96.718264592730804, 40.738861419263358 ], [ -96.718261750901064, 40.738865288363002 ], [ -96.718258907886735, 40.738869156562451 ], [ -96.718256089718039, 40.738872992338912 ], [ -96.718253246703043, 40.73887686053822 ], [ -96.718250403687733, 40.738880728737428 ], [ -96.718247585518043, 40.738884564513697 ], [ -96.718244729488404, 40.738888451625741 ], [ -96.718241910134637, 40.738892288302608 ], [ -96.718239067118006, 40.738896156501539 ], [ -96.718236248947008, 40.73889999227751 ], [ -96.71823339291565, 40.738903878488799 ], [ -96.718230574744013, 40.738907714264649 ], [ -96.718227718712384, 40.73891160137623 ], [ -96.718224899356244, 40.738915437152251 ], [ -96.718222056337666, 40.738919305350734 ], [ -96.718219225150619, 40.738923159138771 ], [ -96.71821640579391, 40.738926995815021 ], [ -96.71821354976025, 40.738930882025805 ], [ -96.718210717388374, 40.738934735813935 ], [ -96.718207899214121, 40.738938571589202 ], [ -96.718205043179864, 40.738942458700215 ], [ -96.718202211990871, 40.738946312487855 ], [ -96.718199392631803, 40.738950148263172 ], [ -96.718196560258306, 40.738954002050967 ], [ -96.718193704222728, 40.738957889161711 ], [ -96.718190871848563, 40.738961742949343 ], [ -96.71818804065795, 40.738965596736577 ], [ -96.718185221297659, 40.738969433412038 ], [ -96.718179757502583, 40.738976481801096 ], [ -96.718176694248328, 40.738980269915388 ], [ -96.718173655840133, 40.738984026507204 ], [ -96.718170616247775, 40.73898778309924 ], [ -96.718167577838912, 40.738991539690872 ], [ -96.718164522864868, 40.738995316096762 ], [ -96.718161484454924, 40.738999071787759 ], [ -96.71815844604501, 40.739002828379128 ], [ -96.718155406451359, 40.739006585871202 ], [ -96.718152368040776, 40.739010342462421 ], [ -96.718149313064615, 40.73901411796745 ], [ -96.71814627465335, 40.739017874558513 ], [ -96.718143236241758, 40.739021631149477 ], [ -96.718140181264559, 40.739025406654243 ], [ -96.718137142852257, 40.739029163245057 ], [ -96.71813410325619, 40.739032920736534 ], [ -96.718131074308261, 40.739036664718327 ], [ -96.718128035895376, 40.739040422209371 ], [ -96.718124980916457, 40.73904419771371 ], [ -96.718121942502464, 40.739047954304112 ], [ -96.718118888706684, 40.739051729807997 ], [ -96.718115858573626, 40.739055474690154 ], [ -96.718112820158595, 40.739059231280301 ], [ -96.718109765178369, 40.739063007684699 ], [ -96.718106711381225, 40.739066783188235 ], [ -96.718103697811685, 40.739070508255743 ], [ -96.718100642830393, 40.739074284659893 ], [ -96.718097589032226, 40.739078060163187 ], [ -96.71809456008063, 40.739081805044471 ], [ -96.718091505097917, 40.739085580547901 ], [ -96.718088476145638, 40.739089325429006 ], [ -96.718085422346078, 40.739093100931981 ], [ -96.718082367362342, 40.739096876435163 ], [ -96.718079338409026, 40.739100621316041 ], [ -96.718076284608443, 40.739104396818753 ], [ -96.71807325447061, 40.739108141699745 ], [ -96.718070200669729, 40.739111918102772 ], [ -96.718067170531214, 40.739115662983608 ], [ -96.718064116729266, 40.739119438485986 ], [ -96.718061087773904, 40.739123183366374 ], [ -96.718058043436343, 40.739126946259759 ], [ -96.718054988449893, 40.739130722662665 ], [ -96.718051959493522, 40.739134467542769 ], [ -96.718048889124532, 40.739138261958608 ], [ -96.718045860167464, 40.739142006838591 ], [ -96.71804283121007, 40.739145751718461 ], [ -96.718039760840441, 40.739149547034494 ], [ -96.71803673188235, 40.739153291914207 ], [ -96.718033687542032, 40.739157054806952 ], [ -96.71803065858326, 40.739160799686488 ], [ -96.718027588212266, 40.739164595002194 ], [ -96.718024543871323, 40.739168358795141 ], [ -96.718021514911527, 40.73917210367442 ], [ -96.718018470569504, 40.73917586656674 ], [ -96.718015425044101, 40.739179631260207 ], [ -96.718012396083282, 40.739183376139259 ], [ -96.718009351740221, 40.739187139031323 ], [ -96.718006281367209, 40.739190935246903 ], [ -96.718003237023467, 40.739194698138817 ], [ -96.718000191495918, 40.739198461931387 ], [ -96.717997147152317, 40.739202226624023 ], [ -96.717994102807538, 40.739205989515689 ], [ -96.717991058462843, 40.739209753307712 ], [ -96.717988012934327, 40.739213518000405 ], [ -96.717984968588937, 40.7392172817923 ], [ -96.71798192424319, 40.739221045584046 ], [ -96.717978903560294, 40.739224778754135 ], [ -96.717975860397303, 40.739228541644991 ], [ -96.717972814866698, 40.739232305436836 ], [ -96.717969770519986, 40.73923607012874 ], [ -96.71796671079062, 40.739239851933192 ], [ -96.717963665259376, 40.739243616625217 ], [ -96.717960620911242, 40.739247380416444 ], [ -96.717957601409793, 40.739251113585631 ], [ -96.717954541679049, 40.739254895389756 ], [ -96.717951496146426, 40.739258660081475 ], [ -96.717948435231548, 40.739262442786213 ], [ -96.717945416912599, 40.739266175954768 ], [ -96.71794235718086, 40.739269958659015 ], [ -96.717939311646475, 40.739273722449951 ], [ -96.717936276761108, 40.739277474532109 ], [ -96.717933232409891, 40.739281238322555 ], [ -96.717930171492938, 40.739285021026802 ], [ -96.717927136606562, 40.739288773108733 ], [ -96.717924092254307, 40.739292536898915 ], [ -96.717921057367235, 40.73929628898069 ], [ -96.717917996449302, 40.739300072585031 ], [ -96.717914961561135, 40.739303823766178 ], [ -96.717911917207502, 40.739307587556048 ], [ -96.717908882318667, 40.739311338737025 ], [ -96.71790582139937, 40.739315122341019 ], [ -96.717902786510251, 40.739318874422288 ], [ -96.717899726774093, 40.739322658025841 ], [ -96.71789669188388, 40.739326409206491 ], [ -96.717893655809888, 40.739330161287789 ], [ -96.717890596072309, 40.739333943990644 ], [ -96.71788756118147, 40.739337696071516 ], [ -96.717884526290305, 40.739341448152281 ], [ -96.717881465367839, 40.739345230855186 ], [ -96.717878416278268, 40.739349001848986 ], [ -96.717875380201804, 40.739352753029372 ], [ -96.717872345309672, 40.739356506010274 ], [ -96.717869285569662, 40.739360288712511 ], [ -96.717866234111028, 40.739364059706624 ], [ -96.717863199217462, 40.739367811786835 ], [ -96.717860164323554, 40.739371563866946 ], [ -96.717857114047717, 40.739375334860497 ], [ -96.717854079153113, 40.739379086940438 ], [ -96.717851002846032, 40.739382889456493 ], [ -96.717847967950348, 40.739386640635814 ], [ -96.717844917673133, 40.739390411629053 ], [ -96.717841882777179, 40.73939416370866 ], [ -96.717838832499297, 40.739397934701714 ], [ -96.717835797602234, 40.739401685880722 ], [ -96.717832746140218, 40.739405457774367 ], [ -96.717829695861298, 40.739409228767194 ], [ -96.717826645582022, 40.739412999759921 ], [ -96.717823610684007, 40.739416751839038 ], [ -96.71782058525082, 40.739420491309275 ], [ -96.717817534970521, 40.739424262301746 ], [ -96.717814484689882, 40.739428033294161 ], [ -96.717811433225052, 40.739431804286774 ], [ -96.717808382944142, 40.739435576179467 ], [ -96.717805331478601, 40.739439347171924 ], [ -96.717802307227217, 40.739443086641351 ], [ -96.717799256944843, 40.73944685763334 ], [ -96.716301789825707, 40.73977663291209 ], [ -96.716624469699354, 40.740822976830401 ], [ -96.716717370956729, 40.741163059237934 ], [ -96.716804053107808, 40.741440082443326 ], [ -96.716857454412178, 40.74160988501454 ], [ -96.716918896182648, 40.741805253060143 ], [ -96.716991741903939, 40.742036881323529 ], [ -96.717047578065234, 40.742214420786453 ], [ -96.717127285419267, 40.742467864341634 ], [ -96.717201332365093, 40.742703304668559 ], [ -96.717242812541812, 40.742835197290418 ], [ -96.717293520109038, 40.742996424369601 ], [ -96.717332902196063, 40.743121643314126 ], [ -96.717371625254003, 40.743244767952433 ], [ -96.717396715527684, 40.743324541854406 ], [ -96.717423619795184, 40.743410085401223 ], [ -96.717453731885044, 40.743507548341 ], [ -96.717458154546605, 40.743536061909033 ], [ -96.717472434122072, 40.743628107237065 ], [ -96.717482568170155, 40.743785839975544 ], [ -96.717502165814651, 40.744022344754853 ], [ -96.717502235160069, 40.744179575793602 ], [ -96.71750230017399, 40.744326984672135 ], [ -96.717468089374108, 40.744563927264302 ], [ -96.717459981838275, 40.744711965832053 ], [ -96.717459282216993, 40.744717543424684 ], [ -96.71745857077245, 40.744723157938957 ], [ -96.717457859311111, 40.744728734634116 ], [ -96.717457134844523, 40.744734352753483 ], [ -96.717456407991321, 40.744739928552107 ], [ -96.717455668132445, 40.744745544874462 ], [ -96.717454927070875, 40.744751118875776 ], [ -96.717454173004441, 40.744756735201726 ], [ -96.717453418920442, 40.744762311907685 ], [ -96.717452650646052, 40.74476792733681 ], [ -96.717451882354084, 40.7447735031459 ], [ -96.717451105774785, 40.744779079857587 ], [ -96.717450316189826, 40.744784697092989 ], [ -96.717449525401747, 40.744790271106865 ], [ -96.717448722792739, 40.744795887445136 ], [ -96.717447918981023, 40.744801461462323 ], [ -96.717447108064704, 40.744807033680402 ], [ -96.717446282961561, 40.744812652725706 ], [ -96.717445457840043, 40.744818230350127 ], [ -96.717444625611535, 40.744823800772679 ], [ -96.717443786281223, 40.744829375699311 ], [ -96.717442932761671, 40.744834992050457 ], [ -96.717442078041358, 40.744840570582816 ], [ -96.717441217399227, 40.744846144614378 ], [ -96.71744034965289, 40.744851717747288 ], [ -96.717439467719274, 40.744857336806959 ], [ -96.717438585766473, 40.744862912644848 ], [ -96.717437696707506, 40.744868483081781 ], [ -96.717436800547091, 40.744874058923259 ], [ -96.717435897282073, 40.744879632965585 ], [ -96.71743497982817, 40.744885249332896 ], [ -96.717434062357484, 40.7448908278811 ], [ -96.717433137780574, 40.744896401028413 ], [ -96.717432206101449, 40.744901977779293 ], [ -96.717431267315703, 40.744907548228795 ], [ -96.717430321428509, 40.744913124082835 ], [ -96.717429368437493, 40.744918699938637 ], [ -96.717428408341846, 40.744924273995345 ], [ -96.717427441141965, 40.744929847153415 ], [ -96.717426466838646, 40.744935421213697 ], [ -96.717425485433054, 40.74494099887761 ], [ -96.717424496920884, 40.744946570240131 ], [ -96.717423501306826, 40.744952146106733 ], [ -96.717422498589329, 40.744957722875569 ], [ -96.717421488767187, 40.74496329784531 ], [ -96.717420471840811, 40.744968871916349 ], [ -96.71741944781057, 40.744974445989207 ], [ -96.717418416675699, 40.744980018262936 ], [ -96.717417386706401, 40.744985549115462 ], [ -96.717416341365791, 40.744991125895062 ], [ -96.717415287737381, 40.744996702676737 ], [ -96.717414229369439, 40.745002271355538 ], [ -96.717413161532932, 40.745007847240352 ], [ -96.717412096044725, 40.745013379002287 ], [ -96.717411015183643, 40.745018953089485 ], [ -96.717409927220672, 40.745024531680727 ], [ -96.717408832151051, 40.745030103970613 ], [ -96.717407738246209, 40.745035633038334 ], [ -96.717406627786872, 40.745041209834355 ], [ -96.717405511407236, 40.745046785731418 ], [ -96.717404396192364, 40.745052318406351 ], [ -96.717403264420227, 40.745057892506374 ], [ -96.717402134997215, 40.745063424284432 ], [ -96.717400990200076, 40.74506899568636 ], [ -96.717399847752844, 40.745074526567251 ], [ -96.717398687566387, 40.745080103375798 ], [ -96.717397520276435, 40.745085681086593 ], [ -96.717396356515579, 40.745091207470573 ], [ -96.717395183286101, 40.745096741060586 ], [ -96.717393995866445, 40.745102314274142 ], [ -96.717392809612363, 40.745107846066531 ], [ -96.717391606800575, 40.745113418383532 ], [ -96.71739040634067, 40.745118954681736 ], [ -96.71738919050425, 40.745124525201128 ], [ -96.717387974652226, 40.745130060602754 ], [ -96.717386751695486, 40.745135594205294 ], [ -96.717385514546194, 40.745141162028659 ], [ -96.717384278565206, 40.74514669473399 ], [ -96.717383035479145, 40.745152224739748 ], [ -96.717381784108781, 40.745157762851669 ], [ -96.717380518545056, 40.745163333383559 ], [ -96.717379254146863, 40.745168862494225 ], [ -96.717377981463173, 40.745174397009698 ], [ -96.71737670167559, 40.745179931526948 ], [ -96.71737541596724, 40.745185464244813 ], [ -96.717374123154585, 40.745190996063975 ], [ -96.717372822053662, 40.745196526984742 ], [ -96.717371505578967, 40.745202098429878 ], [ -96.717370191453767, 40.745207628453493 ], [ -96.71736886904344, 40.745213164782363 ], [ -96.717367540708807, 40.745218691207739 ], [ -96.717366204089856, 40.745224225739271 ], [ -96.717364860366175, 40.74522975847168 ], [ -96.717363509538188, 40.745235290305409 ], [ -96.717362163427183, 40.745240779816584 ], [ -96.717360798390544, 40.745246309852988 ], [ -96.717359427433493, 40.745251838990413 ], [ -96.717358047007394, 40.745257374433393 ], [ -96.717356661841691, 40.745262901773458 ], [ -96.717355268390861, 40.745268435418808 ], [ -96.717353877289526, 40.745273927642643 ], [ -96.717352471993991, 40.745279450485477 ], [ -96.717351054865802, 40.745284989539485 ], [ -96.71734963299761, 40.745290519590128 ], [ -96.717348215846428, 40.74529600731821 ], [ -96.717346779769557, 40.7453015355715 ], [ -96.717345335407146, 40.745307069229611 ], [ -96.717343894578576, 40.745312562366351 ], [ -96.717342438372228, 40.745318087022852 ], [ -96.717340984518515, 40.745323577461498 ], [ -96.717339511739084, 40.745329108425352 ], [ -96.717338043676278, 40.745334596166188 ], [ -96.717336555507345, 40.745340132536604 ], [ -96.717335073235816, 40.745345618480108 ], [ -96.717333570858557, 40.745351153953642 ], [ -96.717332074377936, 40.745356637199315 ], [ -96.717330558975505, 40.745362169974733 ], [ -96.717329047106119, 40.745367660427888 ], [ -96.717327528132387, 40.74537314998237 ], [ -96.717325991416061, 40.745378678260856 ], [ -96.717324459417952, 40.745384166918143 ], [ -96.717322917950284, 40.745389660980514 ], [ -96.717321371742642, 40.745395146039527 ], [ -96.717319804244454, 40.745400678827991 ], [ -96.717318245011612, 40.745406161188889 ], [ -96.717316675126469, 40.745411651656553 ], [ -96.717315099320516, 40.745417140324811 ], [ -96.717313516410144, 40.745422628094325 ], [ -96.717311927579374, 40.745428114964909 ], [ -96.717310326912738, 40.745433610842987 ], [ -96.71730872387279, 40.74543909501574 ], [ -96.717307110180556, 40.745444587295253 ], [ -96.717305490567867, 40.745450078675773 ], [ -96.717303866214351, 40.745455559252029 ], [ -96.717302232392498, 40.745461047934761 ], [ -96.71730059265019, 40.745466535718464 ], [ -96.717298941071618, 40.745472031609275 ], [ -96.717297287120132, 40.745477516695182 ], [ -96.717295639069604, 40.745482959458215 ], [ -96.717293968545334, 40.745488451751896 ], [ -96.717292289732725, 40.745493943147189 ], [ -96.717290608546776, 40.74549942283717 ], [ -96.717288929715082, 40.745504871911052 ], [ -96.717287230772413, 40.745510358809106 ], [ -96.717285522361749, 40.745515854714029 ], [ -96.717283823399583, 40.745521298390237 ], [ -96.717282104327253, 40.745526781691453 ], [ -96.717280387609122, 40.745532234376618 ], [ -96.717278655511521, 40.745537714979712 ], [ -96.71727692576772, 40.745543164066284 ], [ -96.717275175913343, 40.745548651877463 ], [ -96.71727343196072, 40.745554099166661 ], [ -96.717271669081043, 40.745559584279697 ], [ -96.717269912103163, 40.745565028870764 ], [ -96.717268144472911, 40.745570481568578 ], [ -96.717266360279552, 40.745575963085102 ], [ -96.717264579624, 40.7455814130848 ], [ -96.717262791863632, 40.745586861285382 ], [ -96.717260998183193, 40.745592309487378 ], [ -96.717259197397894, 40.745597755890245 ], [ -96.717257375318013, 40.745603241018024 ], [ -96.71725556032348, 40.745608684723038 ], [ -96.717253738224102, 40.745614126628922 ], [ -96.717251906656685, 40.745619577541731 ], [ -96.717250070348442, 40.745625017650241 ], [ -96.717248225755711, 40.745630465864885 ], [ -96.717246372874982, 40.745635914081618 ], [ -96.71724451288901, 40.745641359598736 ], [ -96.717242646982555, 40.745646804216861 ], [ -96.71724077397127, 40.745652247035856 ], [ -96.717238908045701, 40.745657649332571 ], [ -96.717237018461901, 40.745663100259748 ], [ -96.717235125320812, 40.74566853948189 ], [ -96.717233221527721, 40.745673987711243 ], [ -96.717231324819963, 40.74567939451785 ], [ -96.717229406817552, 40.745684840049371 ], [ -96.717227482894657, 40.745690284681871 ], [ -96.717225566056683, 40.745695686991198 ], [ -96.717223627924469, 40.745701128925852 ], [ -96.717221679139811, 40.745706578967265 ], [ -96.71721974217202, 40.745711977679761 ], [ -96.717217779178043, 40.745717425023308 ], [ -96.717215824453788, 40.74572283184429 ], [ -96.717213863809008, 40.745728237766279 ], [ -96.71721188068517, 40.745733681512995 ], [ -96.717209905830259, 40.745739082936218 ], [ -96.717207923871257, 40.745744484361197 ], [ -96.717205920617189, 40.745749923610596 ], [ -96.717203920901682, 40.745755333144082 ], [ -96.717201918812421, 40.745760730071758 ], [ -96.717199907255491, 40.745766136906781 ], [ -96.717197872035129, 40.745771580666386 ], [ -96.717195845084476, 40.745776983903397 ], [ -96.717193812213281, 40.745782386241416 ], [ -96.717191772237229, 40.745787786780276 ], [ -96.7171897216095, 40.74579319722676 ], [ -96.717187667423673, 40.745798594167319 ], [ -96.717185602586582, 40.745804001915971 ], [ -96.717183535375725, 40.745809397058807 ], [ -96.717181471703057, 40.745814761585272 ], [ -96.717179386735637, 40.745820164836601 ], [ -96.717177295847293, 40.745825566288474 ], [ -96.717175197854047, 40.745830965941181 ], [ -96.717173091572334, 40.745836364695492 ], [ -96.71717099119715, 40.745841733733279 ], [ -96.717168871889612, 40.745847128888975 ], [ -96.717166741930782, 40.74585253485273 ], [ -96.717164620241292, 40.745857899393492 ], [ -96.717162477256608, 40.745863301758661 ], [ -96.7171603413573, 40.745868662701085 ], [ -96.71715818416321, 40.745874062368372 ], [ -96.717156036422793, 40.745879421512818 ], [ -96.717153866202835, 40.745884817581469 ], [ -96.717151699521878, 40.745890184834671 ], [ -96.717149525735977, 40.745895550288694 ], [ -96.717147335385647, 40.745900941860029 ], [ -96.717145148574289, 40.745906304615914 ], [ -96.717142955841979, 40.74591166557228 ], [ -96.717140756004753, 40.745917024729515 ], [ -96.717138547879046, 40.745922382988354 ], [ -96.717136329102019, 40.745927752055252 ], [ -96.717134092575364, 40.745933144538398 ], [ -96.717131860772824, 40.745938510907123 ], [ -96.717129627779315, 40.745943861968392 ], [ -96.717127381766943, 40.745949224738766 ], [ -96.717125146391453, 40.745954545185107 ], [ -96.717122887353568, 40.74595990525733 ], [ -96.717120621209958, 40.745965261729459 ], [ -96.717118349145807, 40.745970617302582 ], [ -96.717116065246714, 40.745975984584533 ], [ -96.717113795531318, 40.745981297835634 ], [ -96.717111498606315, 40.745986661518963 ], [ -96.71710919339202, 40.745992022502975 ], [ -96.717106898815786, 40.745997343864261 ], [ -96.717104581759941, 40.746002702149752 ], [ -96.717102256415174, 40.746008058636399 ], [ -96.717099941708085, 40.746013374599876 ], [ -96.717097604521754, 40.746018728388044 ], [ -96.717095269690446, 40.746024053361005 ], [ -96.717092936036835, 40.746029364826803 ], [ -96.717090571621299, 40.746034725825304 ], [ -96.717088219027033, 40.746040045399859 ], [ -96.717085859328606, 40.746045364976148 ], [ -96.717083492524822, 40.746050681852822 ], [ -96.717081100873827, 40.746056036554769 ], [ -96.717078721044089, 40.746061349832772 ], [ -96.71707632819583, 40.746066675720371 ], [ -96.717073935340139, 40.746071985399738 ], [ -96.717071529465542, 40.746077306788216 ], [ -96.717069122400346, 40.746082613769694 ], [ -96.717066703499768, 40.746087931559522 ], [ -96.717064277494643, 40.746093248450649 ], [ -96.717061844384119, 40.746098562642139 ], [ -96.717059415997767, 40.746103850719194 ], [ -96.71705697104565, 40.746109162212186 ], [ -96.717054511890623, 40.746114485414566 ], [ -96.717052052728178, 40.746119792408727 ], [ -96.717049598289861, 40.746125073288496 ], [ -96.717047119003865, 40.746130391093054 ], [ -96.71704465272353, 40.746135668373867 ], [ -96.717042160411168, 40.746140981679297 ], [ -96.717039678737308, 40.746146256262485 ], [ -96.717037173399333, 40.74615156686972 ], [ -96.717034679883056, 40.746156836953496 ], [ -96.717032154420735, 40.746162156570207 ], [ -96.717029640780908, 40.746167437464358 ], [ -96.717027127133647, 40.746172702150282 ], [ -96.717024599283434, 40.746177978545596 ], [ -96.71702204776949, 40.746183291865421 ], [ -96.717019508077243, 40.746188564661807 ], [ -96.717016954182043, 40.746193849167575 ], [ -96.717014401464183, 40.746199119265718 ], [ -96.717011841640911, 40.746204386664225 ], [ -96.717009267615097, 40.746209666672584 ], [ -96.717006687667848, 40.746214943981002 ], [ -96.717004107713564, 40.746220205981665 ], [ -96.717001533667386, 40.746225441867587 ], [ -96.716998933589494, 40.746230714678617 ], [ -96.716996320492612, 40.746235999198731 ], [ -96.716993707388298, 40.746241267510634 ], [ -96.716991106106079, 40.746246496199504 ], [ -96.716988472878143, 40.746251775321745 ], [ -96.716985840826339, 40.746257037335013 ], [ -96.716983212315498, 40.746262275035058 ], [ -96.716980558956095, 40.746267547858992 ], [ -96.716977918603177, 40.746272781960059 ], [ -96.716975271144847, 40.74627801336149 ], [ -96.716972598838339, 40.746283280787225 ], [ -96.716969931256358, 40.746288522999016 ], [ -96.716967263666959, 40.746293749002568 ], [ -96.716964564131374, 40.746299024539006 ], [ -96.716961883516291, 40.746304247844336 ], [ -96.716959189881777, 40.746309481958271 ], [ -96.716956489142248, 40.746314714273034 ], [ -96.716953782481667, 40.746319944788304 ], [ -96.71695106871644, 40.746325174404816 ], [ -96.716948340748203, 40.746330415730732 ], [ -96.716945613956113, 40.746335639947645 ], [ -96.716942880059378, 40.746340863265829 ], [ -96.716940152071174, 40.746346061369728 ], [ -96.716937398050746, 40.746351295498243 ], [ -96.71693463692489, 40.746356526927123 ], [ -96.716931869877982, 40.746361756556475 ], [ -96.716929114653595, 40.746366947463301 ], [ -96.71692633458018, 40.746372172593482 ], [ -96.71692356751366, 40.746377359901309 ], [ -96.716920767316537, 40.746382595841858 ], [ -96.716917986039945, 40.746387779551256 ], [ -96.716915191743894, 40.74639297406933 ], [ -96.7169123785132, 40.746398190202918 ], [ -96.716909571191039, 40.746403381122256 ], [ -96.716906756764217, 40.74640857114283 ], [ -96.716903916303949, 40.746413794486664 ], [ -96.716901080569798, 40.746418996218324 ], [ -96.716898246011397, 40.74642417994054 ], [ -96.71689539843392, 40.746429375371839 ], [ -96.716892550849394, 40.746434555495334 ], [ -96.716889689062185, 40.746439748228703 ], [ -96.716886821353498, 40.746444938262066 ], [ -96.716883946539767, 40.746450126496221 ], [ -96.716881087100916, 40.746455276907419 ], [ -96.716878199260634, 40.746460460642417 ], [ -96.71687530431528, 40.746465642578215 ], [ -96.716872424744821, 40.746470786691013 ], [ -96.716869508492124, 40.746475980337877 ], [ -96.716866594598756, 40.746481155074527 ], [ -96.716863686615454, 40.746486308198719 ], [ -96.716860751414714, 40.746491494646442 ], [ -96.716857830404876, 40.746496643271456 ], [ -96.716854902289981, 40.74650179009727 ], [ -96.716851948141965, 40.746506971146744 ], [ -96.716848998719271, 40.746512128783174 ], [ -96.716846051656702, 40.746517269310289 ], [ -96.716843098672655, 40.746522407137455 ], [ -96.716840129118324, 40.746527558475478 ], [ -96.716837154826862, 40.746532708013682 ], [ -96.716834172246365, 40.746537855752976 ], [ -96.716831183744361, 40.746543000792308 ], [ -96.71682818932085, 40.746548143131641 ], [ -96.716825187792637, 40.746553284572251 ], [ -96.716822180342547, 40.746558422412406 ], [ -96.716819157506919, 40.746563575564039 ], [ -96.716816157142674, 40.746568673782292 ], [ -96.716813121280452, 40.746573822434733 ], [ -96.716810079496724, 40.746578968387205 ], [ -96.716807050719581, 40.74658407561683 ], [ -96.716803995909231, 40.746589217070117 ], [ -96.716800955289841, 40.746594320700702 ], [ -96.716797886268935, 40.746599457655073 ], [ -96.716794832622938, 40.746604556786465 ], [ -96.716791762407027, 40.74660967032915 ], [ -96.716788675621956, 40.74661480008406 ], [ -96.716785592379424, 40.74661990912756 ], [ -96.716782503215384, 40.746625015471096 ], [ -96.716779408129838, 40.746630119114641 ], [ -96.716776307123155, 40.746635220958645 ], [ -96.716773199011755, 40.746640321903904 ], [ -96.716770084978052, 40.746645418348258 ], [ -96.716766953191211, 40.746650531005109 ], [ -96.716763826130887, 40.746655622950271 ], [ -96.716760703797462, 40.746660695084195 ], [ -96.716757554246058, 40.746665799641107 ], [ -96.716754407054381, 40.746670886188269 ], [ -96.716751266956763, 40.746675951122704 ], [ -96.716748098457586, 40.746681049380882 ], [ -96.716744933500934, 40.746686126927642 ], [ -96.716741751974709, 40.746691219786165 ], [ -96.716738585824203, 40.746696276622629 ], [ -96.716735380622509, 40.746701381192722 ], [ -96.71673220144497, 40.746706432629495 ], [ -96.716729005697459, 40.746711498477552 ], [ -96.716725802844834, 40.746716562526409 ], [ -96.716722571589798, 40.746721658098075 ], [ -96.716719356894103, 40.746726716746906 ], [ -96.716716135093279, 40.746731773596544 ], [ -96.716712908554882, 40.746736827745877 ], [ -96.716709685559067, 40.7467418611838 ], [ -96.716706445994006, 40.746746910833906 ], [ -96.716703187491007, 40.746751974895886 ], [ -96.716699924250818, 40.746757037158055 ], [ -96.716696653905103, 40.746762096720495 ], [ -96.716693410766823, 40.746767101348397 ], [ -96.716690116745951, 40.746772173522899 ], [ -96.716686851116918, 40.746777191663 ], [ -96.716683554717434, 40.746782241326535 ], [ -96.716680276061325, 40.746787254066945 ], [ -96.716676957170279, 40.74679231544178 ], [ -96.716673653655391, 40.746797341694979 ], [ -96.716670356051054, 40.746802347236155 ], [ -96.716667039508692, 40.74680736718922 ], [ -96.716663718229171, 40.746812385342437 ], [ -96.716660367363545, 40.746817435919219 ], [ -96.716657033056933, 40.746822448672759 ], [ -96.716653680996671, 40.746827476738282 ], [ -96.716650356144697, 40.746832451670187 ], [ -96.716646991057715, 40.746837475236475 ], [ -96.716643631881666, 40.746842478991233 ], [ -96.716640254951571, 40.746847497157525 ], [ -96.716636870915949, 40.746852512624102 ], [ -96.716633503440491, 40.7468574929688 ], [ -96.716630107562111, 40.746862503935837 ], [ -96.716626728243526, 40.746867478880532 ], [ -96.716623307505941, 40.74687250245988 ], [ -96.716619915160265, 40.746877472004854 ], [ -96.716616516893396, 40.74688243975028 ], [ -96.716613078391475, 40.746887456130082 ], [ -96.716609654081424, 40.746892436488082 ], [ -96.716606225033388, 40.74689741324535 ], [ -96.716602790064542, 40.746902389103525 ], [ -96.716599349173748, 40.746907361361238 ], [ -96.716595901177783, 40.746912331819686 ], [ -96.71659244725987, 40.746917298677687 ], [ -96.716588974404658, 40.746922281748418 ], [ -96.716585508643973, 40.746927244106864 ], [ -96.716582023946003, 40.746932222678055 ], [ -96.716578555807459, 40.746937164326411 ], [ -96.71657507228241, 40.74694211948529 ], [ -96.716571567451737, 40.746947089957018 ], [ -96.716568081548473, 40.746952023505351 ], [ -96.716564553042488, 40.746957006589085 ], [ -96.716561054112859, 40.746961936538604 ], [ -96.716557549261239, 40.74696686288766 ], [ -96.716554001806912, 40.746971838772097 ], [ -96.716550483928529, 40.746976760621884 ], [ -96.71654694829644, 40.746981697783667 ], [ -96.716543405558397, 40.746986631345237 ], [ -96.71653985689953, 40.746991564007729 ], [ -96.716536302318687, 40.746996493069766 ], [ -96.716532740632658, 40.747001420332495 ], [ -96.716529175392623, 40.747006343994194 ], [ -96.716525587663284, 40.747011283869512 ], [ -96.716522033061935, 40.747016169709283 ], [ -96.716518433489796, 40.747021105084997 ], [ -96.716514829179658, 40.747026036859978 ], [ -96.716511241429799, 40.747030933513038 ], [ -96.716507638292612, 40.747035841875672 ], [ -96.716504024499812, 40.747040752041713 ], [ -96.716500396503292, 40.747045673016594 ], [ -96.716496783883443, 40.747050559770322 ], [ -96.716493166525964, 40.747055443823733 ], [ -96.716489529046754, 40.747060343189702 ], [ -96.7164858986621, 40.747065221843357 ], [ -96.716482224489852, 40.747070148231742 ], [ -96.716478568061859, 40.74707503949795 ], [ -96.716474906896238, 40.747079928063812 ], [ -96.716471262291307, 40.74708478240823 ], [ -96.716467588098482, 40.747089665574357 ], [ -96.716463907984078, 40.747094546040465 ], [ -96.71646020774827, 40.747099442719552 ], [ -96.7164565394569, 40.74710428626387 ], [ -96.716452826193887, 40.747109177543209 ], [ -96.716449146059333, 40.747114015687494 ], [ -96.716445420953477, 40.747118902467228 ], [ -96.716441714775129, 40.747123752323567 ], [ -96.716437977825677, 40.747128632802777 ], [ -96.716434258620893, 40.747133479060238 ], [ -96.716430533494503, 40.747138322617701 ], [ -96.716426788246309, 40.747143181487679 ], [ -96.716423052460286, 40.747148018744319 ], [ -96.716419308385071, 40.747152854201964 ], [ -96.71641554537203, 40.747157704971862 ], [ -96.716411775253391, 40.74716255304201 ], [ -96.716408000397507, 40.747167399312282 ], [ -96.716404218435216, 40.747172241081891 ], [ -96.716400455402422, 40.747177050430395 ], [ -96.716396661597273, 40.747181887700386 ], [ -96.71639286068654, 40.747186722270655 ], [ -96.716389065688674, 40.74719154153162 ], [ -96.716385252934302, 40.747196369801351 ], [ -96.716381444909203, 40.747201183662511 ], [ -96.716377645162282, 40.747205975910646 ], [ -96.716373825293942, 40.747210784371724 ], [ -96.716369974653233, 40.747215620754339 ], [ -96.71636614294124, 40.747220422914893 ], [ -96.716362304124019, 40.747225223276168 ], [ -96.716358445184952, 40.747230038949951 ], [ -96.716354594524461, 40.747234833911136 ], [ -96.716350739125559, 40.74723962437109 ], [ -96.71634688608836, 40.747244401323499 ], [ -96.716343002278776, 40.747249206197424 ], [ -96.716339127931363, 40.747253989457974 ], [ -96.716335258312853, 40.747258757409497 ], [ -96.716331355554374, 40.747263554183576 ], [ -96.716327472908617, 40.747268316735315 ], [ -96.716323544107013, 40.747273127022282 ], [ -96.716319649617574, 40.747277883273476 ], [ -96.716315749207311, 40.747282638625535 ], [ -96.716311827491154, 40.747287409290379 ], [ -96.716307875002585, 40.747292207876725 ], [ -96.716303956826238, 40.74729695242727 ], [ -96.716300016161156, 40.74730171499224 ], [ -96.716296069574454, 40.74730647485719 ], [ -96.716292144284111, 40.747311199599089 ], [ -96.716288185853742, 40.747315953163458 ], [ -96.71628420611863, 40.747320724741996 ], [ -96.716280237028172, 40.747325471105086 ], [ -96.716276286868037, 40.747330186847933 ], [ -96.716272291735194, 40.747334948524831 ], [ -96.716270377003042, 40.747337223539624 ], [ -96.716268463453602, 40.747339495852749 ], [ -96.716266572387255, 40.747341738445357 ], [ -96.716264655285983, 40.747344011659727 ], [ -96.716262753567278, 40.747346263259402 ], [ -96.716260835280991, 40.747348534673094 ], [ -96.716258914626209, 40.747350805186869 ], [ -96.716256991602933, 40.747353074800742 ], [ -96.716255052012073, 40.747355364228618 ], [ -96.716253153838977, 40.747357602320463 ], [ -96.716251228446964, 40.747359871034362 ], [ -96.716249301870448, 40.747362138848061 ], [ -96.716247374109059, 40.747364404861123 ], [ -96.716245470014755, 40.747366641153349 ], [ -96.716243539885113, 40.74736890716693 ], [ -96.716241608570982, 40.747371172280289 ], [ -96.716239659505234, 40.747373457207928 ], [ -96.716237750673329, 40.747375690799871 ], [ -96.716235815806058, 40.747377954113098 ], [ -96.716233879753915, 40.747380215625675 ], [ -96.716231950801415, 40.747382467231482 ], [ -96.716230012381402, 40.747384729645013 ], [ -96.716228072776531, 40.747386990257901 ], [ -96.716226140270891, 40.747389240063576 ], [ -96.716224198297382, 40.747391499776512 ], [ -96.716222263423134, 40.747393748682235 ], [ -96.716220319081003, 40.747396007495233 ], [ -96.716218399589252, 40.747398234786246 ], [ -96.716216433942634, 40.747400511613449 ], [ -96.716214486047377, 40.747402768626309 ], [ -96.716212545251011, 40.747405013931505 ], [ -96.716210594987146, 40.74740727004442 ], [ -96.716208651822143, 40.747409514449672 ], [ -96.716206681437768, 40.7474117885765 ], [ -96.716204752471668, 40.747414012267768 ], [ -96.716202806937147, 40.747416253972141 ], [ -96.716200849567556, 40.747418507385262 ], [ -96.716198900480805, 40.747420749090402 ], [ -96.716196924174682, 40.747423020517161 ], [ -96.716194990470427, 40.747425240607612 ], [ -96.716193036646587, 40.747427480512926 ], [ -96.716191056786954, 40.74742974923906 ], [ -96.716189101778468, 40.747431988244138 ], [ -96.716187163336997, 40.747434206534685 ], [ -96.716185179924224, 40.747436473460702 ], [ -96.716183220178252, 40.747438709765447 ], [ -96.716181260432123, 40.747440946070178 ], [ -96.716179273466622, 40.747443212096478 ], [ -96.716177311351501, 40.747445446600821 ], [ -96.716175348052261, 40.747447681105406 ], [ -96.716173383568915, 40.747449915610247 ], [ -96.716171391865373, 40.747452178035758 ], [ -96.716169423829015, 40.747454410740474 ], [ -96.716167455792544, 40.747456643445183 ], [ -96.716165486571171, 40.747458874349213 ], [ -96.716163516165309, 40.747461104353043 ], [ -96.716161543391692, 40.747463335257905 ], [ -96.716159544581899, 40.747465594083081 ], [ -96.716157570623281, 40.747467823187229 ], [ -96.716155594296168, 40.747470051391481 ], [ -96.716153617968928, 40.747472279595677 ], [ -96.716151640457184, 40.747474506899692 ], [ -96.71614964400942, 40.747476753117773 ], [ -96.71614766412867, 40.747478978621373 ], [ -96.716145683063786, 40.747481204125229 ], [ -96.716143699630408, 40.747483428729176 ], [ -96.716141698445, 40.747485672246924 ], [ -96.716139713827019, 40.747487895950634 ], [ -96.716137728024492, 40.747490118754115 ], [ -96.716135739853883, 40.747492341558164 ], [ -96.716133732747224, 40.747494583276314 ], [ -96.716131744575179, 40.747496803378915 ], [ -96.716129735099898, 40.747499044197134 ], [ -96.716127743375637, 40.747501264300524 ], [ -96.716125731531335, 40.747503503318327 ], [ -96.716123763473405, 40.747505691900002 ], [ -96.716121768196004, 40.747507910203275 ], [ -96.716119752798946, 40.747510148321375 ], [ -96.716117737400623, 40.747512383738076 ], [ -96.716115738570096, 40.747514600241161 ], [ -96.71611372080315, 40.747516834757917 ], [ -96.716111745639324, 40.747519020639771 ], [ -96.716109724320134, 40.747521255157324 ], [ -96.716107720751978, 40.747523468960082 ], [ -96.716105697063753, 40.747525701677198 ], [ -96.716103699410752, 40.747527904672999 ], [ -96.716101673353904, 40.74753013649017 ], [ -96.716099666231742, 40.747532346691848 ], [ -96.716097663841992, 40.747534548788224 ], [ -96.716095635415996, 40.747536778804992 ], [ -96.71609360462115, 40.747539007021359 ], [ -96.716091617613429, 40.747541186602554 ], [ -96.71608958445033, 40.747543414819418 ], [ -96.716087551286705, 40.747545642135812 ], [ -96.716085542974298, 40.747547839731155 ], [ -96.716083506258045, 40.747550066147873 ], [ -96.716081495576645, 40.747552261942822 ], [ -96.716079456491755, 40.747554487459595 ], [ -96.716077443441733, 40.747556682354571 ], [ -96.716075403171814, 40.747558906070651 ], [ -96.716073360533414, 40.747561128886822 ], [ -96.716071343930622, 40.747563322882115 ], [ -96.716069326142559, 40.74756551417628 ], [ -96.716067279951048, 40.747567735192277 ], [ -96.716065259795116, 40.747569927387424 ], [ -96.716063211234939, 40.747572147503483 ], [ -96.716061188709631, 40.747574336997751 ], [ -96.71605913896444, 40.747576555313103 ], [ -96.716057112886887, 40.74757874480818 ], [ -96.716055086808439, 40.747580932502281 ], [ -96.716053014574911, 40.747583169732508 ], [ -96.716050986127442, 40.747585355626235 ], [ -96.71604895531263, 40.74758754332138 ], [ -96.716046898461158, 40.747589758036412 ], [ -96.716044847525737, 40.747591963745464 ], [ -96.716042814341023, 40.747594147839273 ], [ -96.716040753936412, 40.747596360754144 ], [ -96.71603869944785, 40.747598564663022 ], [ -96.71603666271001, 40.747600746956671 ], [ -96.716034624788009, 40.747602929250583 ], [ -96.716032539525798, 40.747605158379514 ], [ -96.716030499235174, 40.747607339773438 ], [ -96.716028438824466, 40.747609540081754 ], [ -96.71602639616485, 40.747611719675291 ], [ -96.716024333385505, 40.747613919083634 ], [ -96.716022288357237, 40.747616097777225 ], [ -96.71602019717271, 40.747618323305552 ], [ -96.716018149775451, 40.747620500198707 ], [ -96.716016082259216, 40.747622698707609 ], [ -96.716014033676927, 40.747624873800092 ], [ -96.716011963790919, 40.747627068707665 ], [ -96.716009892720777, 40.747629263615487 ], [ -96.71600783940174, 40.747631437808558 ], [ -96.716005765962578, 40.747633630915985 ], [ -96.71600369133931, 40.747635824023646 ], [ -96.71600163446675, 40.747637995516101 ], [ -96.715999557474845, 40.747640187723796 ], [ -96.715997480482031, 40.747642378130564 ], [ -96.715995401121489, 40.747644569438329 ], [ -96.715993320575677, 40.747646758044972 ], [ -96.715991257781724, 40.747648927737742 ], [ -96.715989176051252, 40.747651115444143 ], [ -96.71598709195267, 40.747653303151075 ], [ -96.715985033890149, 40.747655462937601 ], [ -96.715982947422546, 40.747657648844125 ], [ -96.715980859770454, 40.747659833850449 ], [ -96.715978772118575, 40.747662019757179 ], [ -96.715976682097832, 40.747664203863536 ], [ -96.715974590892955, 40.747666387970142 ], [ -96.715972525723416, 40.747668542355434 ], [ -96.715970432150272, 40.74767072646253 ], [ -96.715968338575877, 40.747672907868257 ], [ -96.715966242633343, 40.747675089274502 ], [ -96.715964172726132, 40.747677240959412 ], [ -96.715962074414975, 40.747679421465691 ], [ -96.715959976103306, 40.747681601071484 ], [ -96.715957902643339, 40.747683751856684 ], [ -96.715955781843391, 40.747685950377367 ], [ -96.715953678794193, 40.747688127282835 ], [ -96.715951601781072, 40.747690276267868 ], [ -96.715949497547598, 40.747692453173514 ], [ -96.715947392128882, 40.747694627378074 ], [ -96.715945291443731, 40.74769679617873 ], [ -96.715943183656378, 40.747698969483302 ], [ -96.715941100721494, 40.747701115768201 ], [ -96.715938970446217, 40.747703308888148 ], [ -96.715936885141929, 40.747705452472204 ], [ -96.715934772617672, 40.74770762487735 ], [ -96.715932666009479, 40.747709788276438 ], [ -96.715930549931826, 40.747711957980989 ], [ -96.715928440954997, 40.74771412048014 ], [ -96.715926323692699, 40.747716289284433 ], [ -96.715924212346835, 40.747718449983161 ], [ -96.715922091531894, 40.747720617887772 ], [ -96.715919977817421, 40.747722777686555 ], [ -96.715917883038074, 40.747724916770281 ], [ -96.715915738549953, 40.747727101789124 ], [ -96.715913641401599, 40.747729239072434 ], [ -96.715911522949455, 40.747731396170828 ], [ -96.71590937609254, 40.747733580289669 ], [ -96.715907273018544, 40.747735704967923 ], [ -96.71590513680232, 40.747737853065942 ], [ -96.715903020704459, 40.747739978647729 ], [ -96.715900909339823, 40.747742097925176 ], [ -96.715898770754421, 40.747744244222737 ], [ -96.715896630984162, 40.747746388719662 ], [ -96.715894537369678, 40.747748485481324 ], [ -96.71589239523037, 40.747750628177819 ], [ -96.715890250723305, 40.747752771775303 ], [ -96.715888153555326, 40.747754865836363 ], [ -96.715886007863617, 40.747757008533569 ], [ -96.715883889391705, 40.747759122409697 ], [ -96.715881741330605, 40.74776126240603 ], [ -96.715879619306051, 40.747763375382462 ], [ -96.715877468875945, 40.747765513578386 ], [ -96.715875343299103, 40.747767626555607 ], [ -96.71587321298729, 40.747769742235256 ], [ -96.715871086225079, 40.747771852511299 ], [ -96.715868931057685, 40.747773988907326 ], [ -96.715866803110458, 40.747776097382655 ], [ -96.715864645574428, 40.747778232878709 ], [ -96.715862514074558, 40.747780340454355 ], [ -96.715860354169891, 40.74778247505045 ], [ -96.715858222668984, 40.747784580825126 ], [ -96.715856067496276, 40.74778670641544 ], [ -96.715853904038084, 40.747788838310889 ], [ -96.71585176780043, 40.747790943186125 ], [ -96.71584960315721, 40.747793073280882 ], [ -96.715847463366543, 40.747795176355979 ], [ -96.715845323575735, 40.74779727943104 ], [ -96.715843183783676, 40.747799379804725 ], [ -96.715840993099846, 40.747801528815096 ], [ -96.715838849755514, 40.747803629189548 ], [ -96.715836706410684, 40.747805728663479 ], [ -96.715834560697729, 40.747807828137951 ], [ -96.715832365275844, 40.74780997354749 ], [ -96.715830217193869, 40.747812071221546 ], [ -96.71582806792776, 40.74781416889585 ], [ -96.715825898541425, 40.747816285484475 ], [ -96.715823746906295, 40.747818381358343 ], [ -96.715821566865969, 40.747820503352173 ], [ -96.715819392742475, 40.747822618140923 ], [ -96.715817238738182, 40.747824712214324 ], [ -96.715815062246065, 40.7478268261031 ], [ -96.71581290587315, 40.74782891927655 ], [ -96.715810727011998, 40.747831031364903 ], [ -96.715808568269694, 40.747833121837459 ], [ -96.715806385856283, 40.74783523392658 ], [ -96.715804225928949, 40.747837322598457 ], [ -96.715802042330893, 40.747839433787298 ], [ -96.71579987885093, 40.747841521559494 ], [ -96.715797694067476, 40.7478436300472 ], [ -96.715795506915896, 40.747845738535425 ], [ -96.715793341066757, 40.747847824507154 ], [ -96.715791151546171, 40.747849931194978 ], [ -96.715788960841053, 40.74785203698255 ], [ -96.715786791439157, 40.747854122054541 ], [ -96.715784627954122, 40.747856199921465 ], [ -96.71578243369585, 40.747858303908863 ], [ -96.715780260740445, 40.747860386280252 ], [ -96.715778065297528, 40.747862489367407 ], [ -96.715775868670107, 40.747864591554354 ], [ -96.7157736708578, 40.747866691940629 ], [ -96.715771497898459, 40.747868766207752 ], [ -96.715769298901876, 40.747870866594248 ], [ -96.715767118840162, 40.747872945365238 ], [ -96.715764916290183, 40.747875043051138 ], [ -96.71576273977756, 40.747877115518023 ], [ -96.71576053604295, 40.747879212303658 ], [ -96.715758331124192, 40.747881309089522 ], [ -96.715756151058059, 40.747883378855789 ], [ -96.715753942586659, 40.747885474741985 ], [ -96.715751734114377, 40.747887568827217 ], [ -96.715749551679082, 40.747889636793005 ], [ -96.715747340838135, 40.747891729978299 ], [ -96.715745128812699, 40.747893822263336 ], [ -96.71574294282388, 40.747895887528486 ], [ -96.715740705942423, 40.747897999629409 ], [ -96.715738517585322, 40.747900064895049 ], [ -96.715736300822215, 40.747902154479704 ], [ -96.715734110095738, 40.747904217044457 ], [ -96.715731892147986, 40.747906305728868 ], [ -96.715729699052474, 40.747908366493199 ], [ -96.715727455065078, 40.747910475894201 ], [ -96.715725260785291, 40.747912536658724 ], [ -96.715723038099867, 40.747914622642725 ], [ -96.715720841451073, 40.747916681606824 ], [ -96.715718621130407, 40.747918760386554 ], [ -96.715716394891444, 40.747920843669931 ], [ -96.715714194689511, 40.747922900833828 ], [ -96.715711943594513, 40.747925003933062 ], [ -96.715709741023915, 40.747927060197 ], [ -96.715707514781442, 40.747929136276547 ], [ -96.715705283804297, 40.747931215959035 ], [ -96.715703077680558, 40.747933270422777 ], [ -96.715700849068526, 40.74793534380143 ], [ -96.71569864057615, 40.74793739736522 ], [ -96.715696382373935, 40.747939495063086 ], [ -96.715694172696161, 40.747941545925734 ], [ -96.71569193934647, 40.747943616603948 ], [ -96.715689704813002, 40.747945688182895 ], [ -96.715687491581718, 40.747947736344877 ], [ -96.715685226274047, 40.747949832243314 ], [ -96.715683011858118, 40.747951879505067 ], [ -96.715680772586609, 40.747953947483126 ], [ -96.715678533314588, 40.747956014560678 ], [ -96.715676314161868, 40.747958060922969 ], [ -96.715674072520841, 40.747960126200113 ], [ -96.715671828511674, 40.747962191477761 ], [ -96.715669606989422, 40.747964235139122 ], [ -96.715667361795596, 40.747966299516534 ], [ -96.715665114232905, 40.747968362093552 ], [ -96.715662866670428, 40.747970425570983 ], [ -96.715660617923078, 40.747972487247729 ], [ -96.715658391662643, 40.747974527308195 ], [ -96.715656140546272, 40.747976587184525 ], [ -96.715653888245754, 40.747978647061089 ], [ -96.715651635944724, 40.747980706037175 ], [ -96.715649381275199, 40.747982764113303 ], [ -96.715647125421526, 40.747984822189686 ], [ -96.715644869567328, 40.747986879365548 ], [ -96.715642611344634, 40.747988935641494 ], [ -96.715640353121429, 40.747990991016934 ], [ -96.715638120936049, 40.747993022073885 ], [ -96.715635860343824, 40.747995075648888 ], [ -96.715633598567834, 40.747997130124588 ], [ -96.715631335606574, 40.747999181899182 ], [ -96.715629071461564, 40.74800123457446 ], [ -96.715626834537247, 40.748003260229574 ], [ -96.715624568023216, 40.748005311104421 ], [ -96.715622300324654, 40.748007361079061 ], [ -96.715620036176475, 40.748009407450958 ], [ -96.715617766109276, 40.748011456525617 ], [ -96.715615496041195, 40.748013503799321 ], [ -96.71561325201094, 40.7480155267545 ], [ -96.715610979574208, 40.748017573128216 ], [ -96.715608682281868, 40.748019640218267 ], [ -96.71560643588208, 40.748021660472517 ], [ -96.715604158708203, 40.748023705046322 ], [ -96.715601909939394, 40.748025723500135 ], [ -96.715599609093374, 40.748027787889477 ], [ -96.715597330733942, 40.748029829762089 ], [ -96.715595053557266, 40.748031868932983 ], [ -96.715592772829183, 40.748033909905594 ], [ -96.715590519322191, 40.748035924758497 ], [ -96.71558821137036, 40.748037986447969 ], [ -96.71558595431037, 40.748039999500712 ], [ -96.715583673579118, 40.748042034169963 ], [ -96.715581386928861, 40.748044071541919 ], [ -96.715579102644966, 40.748046105311488 ], [ -96.715576814810035, 40.748048141783215 ], [ -96.715574529340756, 40.748050172851592 ], [ -96.715572265174814, 40.748052183204393 ], [ -96.715569950114869, 40.748054237691555 ], [ -96.715567685947917, 40.748056246243365 ], [ -96.715565394557316, 40.748058275512072 ], [ -96.715563075944203, 40.74806032819901 ], [ -96.715560807040092, 40.748062334950923 ], [ -96.715558514463964, 40.748064361518388 ], [ -96.715556192297669, 40.748066412405151 ], [ -96.715553921024764, 40.748068418257006 ], [ -96.715551624895127, 40.74807044212384 ], [ -96.715549326397692, 40.748072466891657 ], [ -96.715547027899362, 40.74807448985851 ], [ -96.715544724666017, 40.748076515527792 ], [ -96.71554242498307, 40.748078537594367 ], [ -96.715540121747949, 40.748080559661751 ], [ -96.715537819695967, 40.748082579927903 ], [ -96.715535515275477, 40.748084599294131 ], [ -96.715533209670838, 40.748086618660558 ], [ -96.715530904066057, 40.74808863802695 ], [ -96.715528620947893, 40.748090634876611 ], [ -96.715526312973353, 40.748092650641681 ], [ -96.715524003815034, 40.748094667307413 ], [ -96.715521692288576, 40.748096683973671 ], [ -96.715519381944858, 40.748098697938239 ], [ -96.7155170692334, 40.748100712803797 ], [ -96.715514755337026, 40.748102725868655 ], [ -96.715512441440524, 40.748104738933463 ], [ -96.71551010150435, 40.748106772714877 ], [ -96.715507784055191, 40.748108784879989 ], [ -96.715505466605521, 40.748110796144601 ], [ -96.715503147970594, 40.748112804708086 ], [ -96.715500826968281, 40.748114815072988 ], [ -96.715498534371136, 40.748116799317948 ], [ -96.715496212183041, 40.74811880608123 ], [ -96.715493863955999, 40.748120835362009 ], [ -96.715491540583628, 40.748122842125476 ], [ -96.715489214842748, 40.748124847989004 ], [ -96.715486917507434, 40.748126828633048 ], [ -96.715484565726712, 40.748128855213089 ], [ -96.715482237615916, 40.748130857475239 ], [ -96.715479935543812, 40.748132837219792 ], [ -96.715477605064365, 40.74813483858194 ], [ -96.715475247361965, 40.748136862461855 ], [ -96.715472944103936, 40.748138838604746 ], [ -96.715470585216522, 40.748140860683939 ], [ -96.715468251183395, 40.74814285934535 ], [ -96.71546594318859, 40.748144834588771 ], [ -96.71546358193126, 40.748146853066579 ], [ -96.715461271567435, 40.748148826509563 ], [ -96.715458907941425, 40.748150844087363 ], [ -96.715456566802857, 40.748152840949338 ], [ -96.715454230398308, 40.748154833307879 ], [ -96.715451888074327, 40.748156827468691 ], [ -96.715449548116752, 40.748158818027072 ], [ -96.715447203424119, 40.748160811287882 ], [ -96.715444862281885, 40.748162800945984 ], [ -96.715442518771141, 40.748164789704163 ], [ -96.715440171708991, 40.748166780264036 ], [ -96.715437825829568, 40.748168768122227 ], [ -96.715435451542817, 40.748170777597984 ], [ -96.715433129333974, 40.748172742939111 ], [ -96.715430781085033, 40.748174728096338 ], [ -96.715428403245454, 40.748176736672356 ], [ -96.715426052627862, 40.748178720929609 ], [ -96.715423726864969, 40.748180682669549 ], [ -96.715421345471867, 40.748182688544901 ], [ -96.715418991301092, 40.748184671001944 ], [ -96.715416637129451, 40.748186651658024 ], [ -96.715414281773306, 40.748188631413903 ], [ -96.715411921682104, 40.748190613872168 ], [ -96.715409563957294, 40.74819259272806 ], [ -96.715407205047981, 40.748194570683694 ], [ -96.715404844954506, 40.748196548639584 ], [ -96.715402483676158, 40.748198524794773 ], [ -96.715400121214046, 40.748200501850683 ], [ -96.715397730344534, 40.74820250052413 ], [ -96.715395365513004, 40.748204474879103 ], [ -96.71539300068099, 40.748206448333619 ], [ -96.715390634664814, 40.748208421788327 ], [ -96.715388266280129, 40.748210394343097 ], [ -96.715385897894933, 40.748212365997361 ], [ -96.715383528325219, 40.74821433675141 ], [ -96.715381158755363, 40.748216307505409 ], [ -96.715378786816629, 40.748218276459042 ], [ -96.715376413694131, 40.748220246313316 ], [ -96.715374014531122, 40.74822223508324 ], [ -96.715371640223594, 40.7482242031368 ], [ -96.71536926473118, 40.748226169389703 ], [ -96.715366888054618, 40.748228135642819 ], [ -96.71536453860007, 40.748230077577183 ], [ -96.715362133515242, 40.74823206364691 ], [ -96.715359754469148, 40.748234027199082 ], [ -96.715357374238536, 40.748235989851025 ], [ -96.715354991639785, 40.74823795250348 ], [ -96.715352583000879, 40.748239934972041 ], [ -96.715350226440023, 40.748241873305972 ], [ -96.715347841471726, 40.748243833257483 ], [ -96.715345429279665, 40.748245813925791 ], [ -96.715343043126339, 40.748247772076581 ], [ -96.715340655788509, 40.748249729327142 ], [ -96.715338268449827, 40.748251684776733 ], [ -96.715335877560079, 40.748253642928468 ], [ -96.715333489035984, 40.748255595676895 ], [ -96.715331095776847, 40.748257551127736 ], [ -96.71532867647791, 40.748259527295112 ], [ -96.715326311624295, 40.748261457526432 ], [ -96.715323888772346, 40.748263431893633 ], [ -96.715321495510423, 40.748265381941572 ], [ -96.715319097512719, 40.748267332891004 ], [ -96.715316673475215, 40.748269304556999 ], [ -96.715314302699795, 40.748271232088101 ], [ -96.715311876293271, 40.748273201953616 ], [ -96.715309475925523, 40.74827514930162 ], [ -96.715307074373627, 40.748277096649836 ], [ -96.715304672820864, 40.748279042197069 ], [ -96.715302270083583, 40.748280986844108 ], [ -96.715299864978149, 40.748282931491651 ], [ -96.715297458688198, 40.748284875238959 ], [ -96.715295025174811, 40.748286840603519 ], [ -96.715292618883851, 40.748288782549842 ], [ -96.715290237447306, 40.748290701078425 ], [ -96.715287800380736, 40.748292664642776 ], [ -96.715285390536621, 40.748294604788882 ], [ -96.715282980691228, 40.748296542233547 ], [ -96.715280538887484, 40.748298503997951 ], [ -96.715278126673809, 40.748300441443064 ], [ -96.715275713275645, 40.748302377987962 ], [ -96.715273324732621, 40.748304292916067 ], [ -96.715270880558464, 40.748306250178558 ], [ -96.715268464790739, 40.748308184022505 ], [ -96.715266045470869, 40.748310117867241 ], [ -96.715263626150488, 40.748312050811464 ], [ -96.715261206829979, 40.748313983755629 ], [ -96.715258785140577, 40.748315914899415 ], [ -96.715256333860054, 40.748317868561443 ], [ -96.715253910985624, 40.748319797904493 ], [ -96.715251460887728, 40.748321748864782 ], [ -96.715249035644646, 40.74832367730783 ], [ -96.715246609217033, 40.748325604850635 ], [ -96.7152441816053, 40.748327532393667 ], [ -96.715241752808666, 40.748329458136034 ], [ -96.715239324011904, 40.748331383878352 ], [ -96.715236892846619, 40.748333308720696 ], [ -96.715234435641136, 40.748335253379146 ], [ -96.715232003291177, 40.748337177321233 ], [ -96.71522956975636, 40.748339099462612 ], [ -96.715227136221401, 40.748341021603991 ], [ -96.715224701501555, 40.748342941944649 ], [ -96.715222264413569, 40.748344862285812 ], [ -96.715221265432376, 40.748345649517567 ], [ -96.712030410663374, 40.74834344076136 ], [ -96.711988992921476, 40.747821622842537 ], [ -96.711952791564045, 40.74735678090704 ], [ -96.711870955868406, 40.746305919322054 ], [ -96.711755385075506, 40.744822062044797 ], [ -96.711631307686019, 40.743319841235056 ], [ -96.711617457407357, 40.74307934163938 ], [ -96.711608127700913, 40.74294711448001 ], [ -96.711594332690652, 40.742825989032809 ], [ -96.711573132550882, 40.742681777432047 ], [ -96.71154130233181, 40.742510921731039 ], [ -96.711506160702015, 40.742356336105438 ], [ -96.711499437330247, 40.742329357145543 ], [ -96.711498462812116, 40.742325505198025 ], [ -96.711497478823532, 40.742321655053338 ], [ -96.711496491283668, 40.742317805809833 ], [ -96.71149550137612, 40.74231395656679 ], [ -96.711494505549211, 40.742310107324933 ], [ -96.711493507355229, 40.74230625988443 ], [ -96.711492505609669, 40.742302412444666 ], [ -96.711491499128613, 40.742298565005861 ], [ -96.711490490280525, 40.74229471936841 ], [ -96.711489476696642, 40.742290872831468 ], [ -96.71148845956148, 40.742287027195687 ], [ -96.711487440059273, 40.74228318336128 ], [ -96.711486415821597, 40.742279339527848 ], [ -96.711485388032671, 40.742275496595553 ], [ -96.71148435550792, 40.742271652763762 ], [ -96.711483320615812, 40.742267809832896 ], [ -96.711482282172781, 40.742263968703625 ], [ -96.711481238994253, 40.742260127575335 ], [ -96.711480193448068, 40.742256286447493 ], [ -96.711479144350918, 40.742252447121288 ], [ -96.711478090518, 40.742248606895565 ], [ -96.71147703313413, 40.742244768471458 ], [ -96.711475972198684, 40.742240930048069 ], [ -96.711474907711988, 40.742237092525826 ], [ -96.711473840857622, 40.742233255004066 ], [ -96.711472768084192, 40.74222941838395 ], [ -96.711471692943405, 40.742225582664751 ], [ -96.711470613067149, 40.742221746946498 ], [ -96.71146953082355, 40.742217912129178 ], [ -96.711468443844794, 40.742214078213259 ], [ -96.711467353314475, 40.742210244298043 ], [ -96.711466260416799, 40.742206411283753 ], [ -96.711465162783654, 40.74220257827038 ], [ -96.711464061599571, 40.742198747058666 ], [ -96.711462956863926, 40.742194915847641 ], [ -96.711461848577031, 40.742191085537783 ], [ -96.711460736738886, 40.742187256129085 ], [ -96.711459621349192, 40.742183426721091 ], [ -96.711458501224016, 40.742179597314049 ], [ -96.711457378731808, 40.742175769708368 ], [ -96.711449407641609, 40.742148992699512 ], [ -96.711441266086851, 40.742122244539068 ], [ -96.711440093875169, 40.74211842324646 ], [ -96.711438912193728, 40.74211460555756 ], [ -96.711437726961037, 40.742110788769835 ], [ -96.71143653936069, 40.742106971982551 ], [ -96.711435347024903, 40.742103155196226 ], [ -96.711434149954613, 40.742099341112215 ], [ -96.711432950516368, 40.742095526128196 ], [ -96.711431747526873, 40.742091712045344 ], [ -96.711430539801924, 40.74208789796343 ], [ -96.711429329710271, 40.742084086583354 ], [ -96.711428114882864, 40.742080274303774 ], [ -96.71141950692035, 40.74205361177912 ], [ -96.711410728494627, 40.74202697990367 ], [ -96.711409463948598, 40.742023175738012 ], [ -96.71140819230061, 40.74201937517558 ], [ -96.711406915917166, 40.742015574614086 ], [ -96.711405635982516, 40.742011774953752 ], [ -96.711404352496643, 40.742007976194564 ], [ -96.711403066643442, 40.742004178336316 ], [ -96.711401776054814, 40.742000380478999 ], [ -96.711400481914978, 40.741996583522848 ], [ -96.711399183040001, 40.741992787468078 ], [ -96.71139788179741, 40.741988991413777 ], [ -96.711396577004223, 40.741985198061542 ], [ -96.711395267475282, 40.741981403809774 ], [ -96.711393955579041, 40.741977610458939 ], [ -96.711392638947672, 40.741973818009498 ], [ -96.711391319948987, 40.741970026460976 ], [ -96.711381975683963, 40.741943507254184 ], [ -96.711364157508712, 40.741894352323875 ], [ -96.711354318433578, 40.741867934065375 ], [ -96.711352904734767, 40.741864162345479 ], [ -96.71135148038168, 40.741860392428592 ], [ -96.711350052477414, 40.741856623412858 ], [ -96.711348621021642, 40.741852854397848 ], [ -96.71134718483107, 40.741849087184676 ], [ -96.71134574627321, 40.741845320872415 ], [ -96.711344304163845, 40.7418415545608 ], [ -96.711342858503585, 40.741837790050873 ], [ -96.711341409291833, 40.741834025541607 ], [ -96.711339955344982, 40.741830261933714 ], [ -96.711338499030816, 40.74182649922674 ], [ -96.711337039165485, 40.741822737420925 ], [ -96.711335575749246, 40.741818977416713 ], [ -96.71133410759731, 40.741815216512968 ], [ -96.711332637078073, 40.741811456510149 ], [ -96.711331161824049, 40.741807698309152 ], [ -96.711329684202425, 40.741803940108639 ], [ -96.71132820184603, 40.741800183709962 ], [ -96.711326715938441, 40.741796428212403 ], [ -96.71132522647936, 40.741792672715583 ], [ -96.711323734652964, 40.74178891811966 ], [ -96.711322238091512, 40.741785164425096 ], [ -96.711320739162744, 40.741781411631472 ], [ -96.711319235498891, 40.741777659739242 ], [ -96.711317728283873, 40.741773908748144 ], [ -96.711316218701228, 40.7417701577575 ], [ -96.711314704383824, 40.741766408568715 ], [ -96.711313186515227, 40.741762660281054 ], [ -96.711311665095153, 40.741758911994097 ], [ -96.711310140123885, 40.7417551646083 ], [ -96.711308611601737, 40.741751419024062 ], [ -96.711307079528098, 40.741747673440578 ], [ -96.711305543903265, 40.74174392875819 ], [ -96.711304004727282, 40.741740184976983 ], [ -96.711302462000404, 40.741736442997357 ], [ -96.711300916905913, 40.741732701018208 ], [ -96.711299365892501, 40.741728959940673 ], [ -96.711297813695651, 40.741725219763786 ], [ -96.71128683349454, 40.741699064661361 ], [ -96.711275685204313, 40.74167295101249 ], [ -96.711264361722144, 40.741646879719035 ], [ -96.711262734950211, 40.741643156665262 ], [ -96.711261099891857, 40.741639435414065 ], [ -96.711259461282964, 40.741635716864906 ], [ -96.711257817939014, 40.741631999217134 ], [ -96.711256172227792, 40.741628282470259 ], [ -96.711254522965092, 40.741624565724081 ], [ -96.711252870151213, 40.741620849879027 ], [ -96.711251212602292, 40.741617134935382 ], [ -96.711249552686411, 40.74161342179309 ], [ -96.711247889219052, 40.741609708651481 ], [ -96.711246222200828, 40.741605997311453 ], [ -96.711244550447574, 40.74160228687284 ], [ -96.711242876326736, 40.741598576434647 ], [ -96.711241198655031, 40.741594867798064 ], [ -96.711239517432162, 40.741591160062612 ], [ -96.711237831473952, 40.741587452328083 ], [ -96.711236143148781, 40.741583746394923 ], [ -96.711234451272119, 40.741580040462445 ], [ -96.711232754661054, 40.74157633723226 ], [ -96.711231055682404, 40.741572634002509 ], [ -96.711229353152262, 40.74156893077344 ], [ -96.711227647071297, 40.741565229345973 ], [ -96.711225937439167, 40.741561528819659 ], [ -96.711224224255872, 40.741557829194477 ], [ -96.711222507521441, 40.741554130470426 ], [ -96.711220787235831, 40.741550432647529 ], [ -96.711219063399085, 40.741546735725777 ], [ -96.711217336011188, 40.741543039705128 ], [ -96.711215605072439, 40.741539345486096 ], [ -96.711213870582213, 40.741535651267746 ], [ -96.711212132540865, 40.741531957950556 ], [ -96.711210390948636, 40.741528266434941 ], [ -96.711208644621095, 40.741524574920263 ], [ -96.711206897110472, 40.741520885206697 ], [ -96.711205143680928, 40.741517196394703 ], [ -96.711203389068004, 40.741513508483401 ], [ -96.711201629720037, 40.741509821473478 ], [ -96.711199866820934, 40.741506135364709 ], [ -96.711198100370368, 40.741502449256622 ], [ -96.711196331552841, 40.741498764949867 ], [ -96.711194558000287, 40.741495081544478 ], [ -96.711192780896909, 40.741491399940706 ], [ -96.711191000242053, 40.741487718337616 ], [ -96.711189217220252, 40.741484038535859 ], [ -96.711187429463124, 40.741480358735025 ], [ -96.711185638154845, 40.741476679835351 ], [ -96.711183844479606, 40.741473002737017 ], [ -96.711182046069354, 40.741469326540063 ], [ -96.711180245291814, 40.741465651243992 ], [ -96.71117843977926, 40.741461976849301 ], [ -96.71117663071557, 40.741458303355735 ], [ -96.711162032735572, 40.741428955951797 ], [ -96.711160197630093, 40.741425287865901 ], [ -96.711145347522915, 40.741396014347465 ], [ -96.711143481641429, 40.741392355271977 ], [ -96.71114160629061, 40.741388700700654 ], [ -96.711139727389011, 40.741385047930898 ], [ -96.711137846120124, 40.741381396062046 ], [ -96.711135960116252, 40.741377745094567 ], [ -96.711134071745121, 40.741374095027965 ], [ -96.711132178638962, 40.741370445862735 ], [ -96.711130283165886, 40.741366798498852 ], [ -96.711128384141375, 40.741363151135673 ], [ -96.711126481566339, 40.74135950647451 ], [ -96.711124575439555, 40.741355860913586 ], [ -96.711122665762275, 40.741352218054715 ], [ -96.711120751349668, 40.741348575196724 ], [ -96.711118834569817, 40.741344933239645 ], [ -96.711116915423034, 40.741341293083899 ], [ -96.71111499154091, 40.741337652929069 ], [ -96.711113064107991, 40.741334014575848 ], [ -96.711111133124277, 40.74133037802418 ], [ -96.711109198589099, 40.741326741473188 ], [ -96.711107261687005, 40.741323106723577 ], [ -96.711105321233461, 40.741319471974592 ], [ -96.711103376045216, 40.741315839027472 ], [ -96.711101428490068, 40.741312207881698 ], [ -96.711099476199607, 40.741308576736813 ], [ -96.711097521541873, 40.741304946492811 ], [ -96.711095563333345, 40.741301318050397 ], [ -96.711093601573694, 40.741297690509128 ], [ -96.711091636263234, 40.741294064769434 ], [ -96.711089667401041, 40.741290438129951 ], [ -96.711087694988663, 40.741286815092963 ], [ -96.71108571902451, 40.741283191156199 ], [ -96.711083740693468, 40.741279569020776 ], [ -96.711081757627724, 40.741275948687175 ], [ -96.711067777921073, 40.74125063428464 ], [ -96.71105363486754, 40.741225372139219 ], [ -96.711051604454155, 40.741221764420871 ], [ -96.71100664679571, 40.741160333528164 ], [ -96.710957829610535, 40.741074254329405 ], [ -96.710858546882605, 40.740906739838046 ], [ -96.710634511193661, 40.740572869952985 ], [ -96.710546404796759, 40.740606488534404 ], [ -96.709893161396678, 40.739695235456473 ], [ -96.709334056013915, 40.738915279118807 ], [ -96.708713761767896, 40.738053298544635 ], [ -96.708740861793743, 40.737953686211604 ], [ -96.708365368785735, 40.737420565287081 ], [ -96.706918474036399, 40.73540190902402 ], [ -96.706751041502088, 40.735168306688053 ], [ -96.706458022891567, 40.734758452738276 ], [ -96.706259869249081, 40.734625469706742 ], [ -96.705652040267466, 40.733773117551593 ], [ -96.705748750846851, 40.733771350480311 ], [ -96.704934210639607, 40.732634999504057 ], [ -96.704667198165808, 40.732268038362555 ], [ -96.703407928756064, 40.730505101835654 ], [ -96.703305831599124, 40.730503721462824 ], [ -96.701739352642065, 40.728320558620112 ], [ -96.701652922737978, 40.728200094895584 ], [ -96.701652304079076, 40.728056621555325 ], [ -96.701626894636206, 40.728021200567241 ], [ -96.70151200921029, 40.727929510575102 ], [ -96.701511381079627, 40.728495557710438 ], [ -96.701512367401605, 40.733767690866536 ], [ -96.701511189611722, 40.73473739209804 ], [ -96.70154125430993, 40.738504077436879 ], [ -96.698837590278828, 40.738490263226581 ], [ -96.696112361481028, 40.73847627373646 ], [ -96.693373409654598, 40.73846215029991 ], [ -96.692648451195197, 40.738458400411524 ], [ -96.691978567030134, 40.738454932256815 ], [ -96.69144769116626, 40.738459488274707 ], [ -96.690939849961424, 40.73851284685896 ], [ -96.690297750363953, 40.738664809356763 ], [ -96.689648016380616, 40.738897355532487 ], [ -96.688953514666153, 40.739150219872791 ], [ -96.688492936688263, 40.739317416366454 ], [ -96.68823407583919, 40.739398227511302 ], [ -96.68799897780066, 40.739445680725154 ], [ -96.687993356888143, 40.739443968056428 ] ], [ [ -96.725752244791749, 40.784466807684097 ], [ -96.720579112374949, 40.784448868015993 ], [ -96.720581854860384, 40.784045833840267 ], [ -96.720385404312097, 40.784044895850677 ], [ -96.719230702062461, 40.784039511936712 ], [ -96.719237024942373, 40.783217258677197 ], [ -96.71924105752025, 40.782705891148652 ], [ -96.71925592053023, 40.780821607547438 ], [ -96.719090730415559, 40.779190164841431 ], [ -96.719087229572381, 40.779156029762085 ], [ -96.718076310917212, 40.778175934161368 ], [ -96.717402242343937, 40.777947071100435 ], [ -96.717208584612678, 40.777909644391059 ], [ -96.715970820978356, 40.777670421949054 ], [ -96.71485913760651, 40.777529070956319 ], [ -96.714857160915599, 40.777512085340909 ], [ -96.71476340889285, 40.776706399444002 ], [ -96.714409194741947, 40.773662220130952 ], [ -96.714404394421919, 40.773620953610418 ], [ -96.71439502881185, 40.773575653215659 ], [ -96.714390153602622, 40.773551667244405 ], [ -96.714385954581189, 40.773530330242039 ], [ -96.714381876371306, 40.773508979705134 ], [ -96.71437743821518, 40.77348494410861 ], [ -96.71437362057965, 40.773463566498336 ], [ -96.71436947379226, 40.773439499319117 ], [ -96.714365916730912, 40.773418095535945 ], [ -96.714362482849793, 40.773396679118207 ], [ -96.714358766010918, 40.773372573120966 ], [ -96.714355590335373, 40.773351133232303 ], [ -96.71435254020966, 40.773329683409948 ], [ -96.714349255687623, 40.773305540395143 ], [ -96.714346463767782, 40.773284069803239 ], [ -96.714343471800476, 40.773259905110663 ], [ -96.714340942824833, 40.773238416449587 ], [ -96.714338535845769, 40.773216919656527 ], [ -96.714335976195983, 40.773192725150132 ], [ -96.714333830976599, 40.773171212089103 ], [ -96.714331808938212, 40.773149691796306 ], [ -96.714329682791217, 40.773125472878661 ], [ -96.714327921328334, 40.773103939019514 ], [ -96.714326088921737, 40.773079707428458 ], [ -96.71432458921899, 40.773058161803689 ], [ -96.714323215066557, 40.773036611647953 ], [ -96.714320693129466, 40.772990849554702 ], [ -96.714164615854159, 40.770280867646044 ], [ -96.714154270286969, 40.770099573304513 ], [ -96.7133952151312, 40.770095367177767 ], [ -96.713287883219962, 40.768357880428098 ], [ -96.713240130916802, 40.768357819723057 ], [ -96.713169594947558, 40.767143144109461 ], [ -96.713026242750828, 40.764675993333604 ], [ -96.712808850392321, 40.760910958688967 ], [ -96.712808629831443, 40.760906973336411 ], [ -96.712775141669269, 40.760304595306735 ], [ -96.712774475816815, 40.760284546886879 ], [ -96.712786798703462, 40.760207619537411 ], [ -96.712797402025302, 40.760130543079207 ], [ -96.71280628105967, 40.760053340025074 ], [ -96.712813434636672, 40.759976032886954 ], [ -96.712818859217961, 40.759898644177213 ], [ -96.712822552448856, 40.759821194606978 ], [ -96.712824515528567, 40.759743708488386 ], [ -96.712824747286916, 40.759666207432595 ], [ -96.712823246554123, 40.75958871395121 ], [ -96.712820014528774, 40.759511250555171 ], [ -96.712815052409084, 40.759433838854946 ], [ -96.712808360209792, 40.759356502262051 ], [ -96.712594183945313, 40.755706898370143 ], [ -96.71258649749366, 40.755525900012294 ], [ -96.712545695586996, 40.754999355437448 ], [ -96.712311932222207, 40.751980682022563 ], [ -96.720703750658956, 40.751985670139696 ], [ -96.720657969196409, 40.748355456105784 ], [ -96.721447996268424, 40.748354945699099 ], [ -96.730041457069532, 40.748424989878664 ], [ -96.730042126831094, 40.748467672044249 ], [ -96.730052703693431, 40.749141609177798 ], [ -96.730073455984851, 40.75046391767669 ], [ -96.730094947970287, 40.751833212149215 ], [ -96.730115561346736, 40.753146557863232 ], [ -96.730111140921593, 40.755886057518325 ], [ -96.730131003152778, 40.759042411339522 ], [ -96.730135631726384, 40.759777831357034 ], [ -96.730130189789818, 40.759367615310175 ], [ -96.727926892593217, 40.759343250586817 ], [ -96.725540271596856, 40.759313979816049 ], [ -96.723925288823949, 40.759294144630104 ], [ -96.723491025041696, 40.758536724790574 ], [ -96.722895476567217, 40.757258747378437 ], [ -96.72242270088681, 40.755848604900834 ], [ -96.722305581323056, 40.755477389390116 ], [ -96.721522863940763, 40.755400495239549 ], [ -96.720867558830989, 40.755526750379097 ], [ -96.72051020754175, 40.755524756966814 ], [ -96.720630913110213, 40.75570607412773 ], [ -96.720632241661775, 40.757595711147076 ], [ -96.720623803233835, 40.762077075855231 ], [ -96.720673447065295, 40.765524329198648 ], [ -96.719682955030947, 40.765838480529474 ], [ -96.719517369587109, 40.766596551558834 ], [ -96.720676443259563, 40.76659466567574 ], [ -96.720686241312848, 40.770093567491926 ], [ -96.720712761895356, 40.770274323603843 ], [ -96.720922132772102, 40.770275348309035 ], [ -96.723080770056299, 40.770311865941849 ], [ -96.723296778570244, 40.770315371368113 ], [ -96.72559630769652, 40.770352745211341 ], [ -96.725675728148374, 40.770353991685411 ], [ -96.725674763162303, 40.77045532417921 ], [ -96.726673193726086, 40.770481960184561 ], [ -96.726666513952082, 40.771939212326735 ], [ -96.726771681942552, 40.772625689212504 ], [ -96.726766424597798, 40.773899764542804 ], [ -96.726637036699714, 40.773897984461122 ], [ -96.726631783368703, 40.774499616312653 ], [ -96.726613575102434, 40.776561703165235 ], [ -96.726604331436604, 40.77761127985584 ], [ -96.726896130477357, 40.777614225532645 ], [ -96.726827422643737, 40.778307959169993 ], [ -96.726758386139778, 40.779039935762299 ], [ -96.726737767372569, 40.779723207829591 ], [ -96.72670926023892, 40.780707111677266 ], [ -96.726873043225879, 40.78071398295279 ], [ -96.726864045656981, 40.782094781613694 ], [ -96.72684617261136, 40.784337069658399 ], [ -96.726462842274017, 40.78433642079041 ], [ -96.726075305542508, 40.784336253774789 ], [ -96.725752244791749, 40.784466807684097 ] ] ] } },
{ "type": "Feature", "properties": { "OBJECTID": 1623, "CCDIST10_": 7, "CCDIST10_I": 3, "CCDIST": 2, "GlobalID": "{5FA221B3-FDCE-4435-814E-4BFBB965FCA5}", "Councilor": "Tom Duden", "AtLarge1": "Sandra Washington", "AtLarge2": "Tom Beckius", "AtLarge3": "Bennie Shobe", "CreatedBy": "NCSRNA", "CreatedDate": "2022-02-16T21:13:35Z", "EditedBy": "NCSSER", "EditedDate": "2024-11-13T13:24:24Z", "ShapeSTArea": 742102108.74646139, "ShapeSTLength": 265209.89978568332 }, "geometry": { "type": "Polygon", "coordinates": [ [ [ -96.626013325538267, 40.726217531427977 ], [ -96.625652803899271, 40.725473517970258 ], [ -96.625746934869198, 40.716888105242305 ], [ -96.625759983427557, 40.716107455988755 ], [ -96.625731706870823, 40.715869668274649 ], [ -96.625729714964635, 40.715476479138026 ], [ -96.625726226917337, 40.714789236185247 ], [ -96.625722761562301, 40.713924189405844 ], [ -96.625718679574419, 40.713301672757339 ], [ -96.625682610920151, 40.713301937819892 ], [ -96.625682377217018, 40.711959604056688 ], [ -96.625683800508966, 40.71168345371963 ], [ -96.625605382634944, 40.711683844445297 ], [ -96.625611611160167, 40.711528749970171 ], [ -96.625614019116327, 40.711160299439697 ], [ -96.62561700967359, 40.710702712702187 ], [ -96.625621190445173, 40.710062869022273 ], [ -96.625629194009278, 40.708838051681226 ], [ -96.625618637539219, 40.707767686267381 ], [ -96.625612432028788, 40.707138439562321 ], [ -96.625603985911283, 40.706282037856901 ], [ -96.625570122656413, 40.70456602013828 ], [ -96.625489967470898, 40.699260953011887 ], [ -96.622754697242939, 40.69925676659242 ], [ -96.622736928353575, 40.697444001356835 ], [ -96.622734121471311, 40.697169612873537 ], [ -96.615818873422384, 40.697159991276756 ], [ -96.615819782681683, 40.697436519132708 ], [ -96.615883159079971, 40.704551074212858 ], [ -96.614786987547376, 40.704549550790418 ], [ -96.614782718444019, 40.706113973838946 ], [ -96.614780747768336, 40.70682701105428 ], [ -96.6147781668151, 40.707761033304244 ], [ -96.614775946784448, 40.708564341266666 ], [ -96.614255947843262, 40.708563814614571 ], [ -96.613603151106986, 40.708562765128846 ], [ -96.613599879036016, 40.709915437375628 ], [ -96.609850742992748, 40.709909301668574 ], [ -96.609150319856866, 40.711604332803176 ], [ -96.609151337620744, 40.711961144144638 ], [ -96.609588881981679, 40.711962222177917 ], [ -96.609716294131843, 40.712051422674691 ], [ -96.609789293801953, 40.712146119474504 ], [ -96.609832584170135, 40.712250847026468 ], [ -96.610070679262023, 40.712251433132593 ], [ -96.610070660952147, 40.712217427272911 ], [ -96.610151035047352, 40.712076418278734 ], [ -96.610320774235433, 40.711993102438967 ], [ -96.610519234786523, 40.711964498646111 ], [ -96.611046026992724, 40.711965719311031 ], [ -96.611040598143859, 40.713617859439438 ], [ -96.611034632142818, 40.715432883639323 ], [ -96.606330896701891, 40.715424094522078 ], [ -96.606328122897011, 40.713529063115338 ], [ -96.606328555848592, 40.712894316236223 ], [ -96.606326636775265, 40.712648195951822 ], [ -96.606362268727992, 40.712373725161882 ], [ -96.606360586446186, 40.712072227673282 ], [ -96.606515815119181, 40.711625225113032 ], [ -96.60589361528902, 40.711623022655445 ], [ -96.601559562634023, 40.711600597614009 ], [ -96.599615906918075, 40.711592084237445 ], [ -96.598805875164246, 40.711560414785431 ], [ -96.596814439731062, 40.711550001965541 ], [ -96.596812194333793, 40.711390045280417 ], [ -96.596790932383186, 40.709875517636434 ], [ -96.596671910634299, 40.709875076802994 ], [ -96.596667011088215, 40.707657900363969 ], [ -96.591078910128218, 40.707649646791559 ], [ -96.591072743020717, 40.711900582023127 ], [ -96.593122296917613, 40.711902639565814 ], [ -96.593126577792816, 40.713961064855845 ], [ -96.59663784356627, 40.713964456258985 ], [ -96.596588079535223, 40.719014981274142 ], [ -96.596526656331548, 40.725258507641492 ], [ -96.597197929313296, 40.725855119926088 ], [ -96.597532155000025, 40.726211728525158 ], [ -96.597726781393007, 40.72642357755452 ], [ -96.599074149361911, 40.727909258787832 ], [ -96.597245179922751, 40.728871555480367 ], [ -96.596224383447776, 40.729345981904913 ], [ -96.595972026496966, 40.729758848216456 ], [ -96.594493604090374, 40.728960588655035 ], [ -96.593265643808778, 40.728297534097358 ], [ -96.592542646360258, 40.727915719825276 ], [ -96.592047754962252, 40.728439730799693 ], [ -96.591638653128456, 40.728239912523257 ], [ -96.590744210834004, 40.727835695166689 ], [ -96.590435968873848, 40.727642154536746 ], [ -96.589540597111053, 40.727079954466639 ], [ -96.589260480640306, 40.726931032507856 ], [ -96.587926612760285, 40.726232022677564 ], [ -96.587124026397888, 40.726232781539949 ], [ -96.587124160951802, 40.726308243561718 ], [ -96.586885901861265, 40.726311899748062 ], [ -96.587014146686755, 40.72656151071358 ], [ -96.587006340209527, 40.727316202973974 ], [ -96.587020379695161, 40.731023130409163 ], [ -96.587031408156335, 40.74044236473641 ], [ -96.586970561481323, 40.740444383410981 ], [ -96.586964587514828, 40.741812186041777 ], [ -96.587025876081171, 40.741814705148933 ], [ -96.58695026050718, 40.75478044981454 ], [ -96.586889312840725, 40.754782661946045 ], [ -96.58688613300744, 40.755329778638291 ], [ -96.588108666264091, 40.755337357678115 ], [ -96.588111276673629, 40.755917353986518 ], [ -96.588350823147934, 40.756284631499547 ], [ -96.588860062469422, 40.756508243817628 ], [ -96.588949937991529, 40.756496529605087 ], [ -96.588956595876638, 40.756550359860718 ], [ -96.58948312412231, 40.756482324153545 ], [ -96.589474594859894, 40.756664177625098 ], [ -96.589393344576507, 40.756937013677749 ], [ -96.589229663586252, 40.757189337039293 ], [ -96.589181457046465, 40.75756607917257 ], [ -96.589218490664337, 40.757566954616891 ], [ -96.589256283924627, 40.757776993130825 ], [ -96.589797163706322, 40.758096165410045 ], [ -96.589800471281009, 40.758826329479213 ], [ -96.59184857335957, 40.758836972110188 ], [ -96.591848480245957, 40.758911414199147 ], [ -96.59501347664397, 40.758928973733681 ], [ -96.595012937556248, 40.758065412762896 ], [ -96.595362604634531, 40.758065133143077 ], [ -96.595371145684894, 40.75835447867496 ], [ -96.595446666847153, 40.758682267829016 ], [ -96.595664575334325, 40.75897064564839 ], [ -96.595998626144677, 40.759185181431647 ], [ -96.59640868906169, 40.759302608857929 ], [ -96.596356828713212, 40.759518515845031 ], [ -96.596113354086896, 40.759993648167402 ], [ -96.596020560062044, 40.760272031723268 ], [ -96.595979587770231, 40.760557476467945 ], [ -96.595991204606918, 40.760844435384968 ], [ -96.596055159583415, 40.761127338964933 ], [ -96.596167767293323, 40.76139552464128 ], [ -96.596236189980388, 40.76148173700826 ], [ -96.596175779462413, 40.761507606628847 ], [ -96.596359675480343, 40.761731558321422 ], [ -96.596561654492092, 40.761849661565059 ], [ -96.597164806577084, 40.762010341081556 ], [ -96.597583894429704, 40.762092475489247 ], [ -96.598044058823277, 40.76212740093171 ], [ -96.598133349465954, 40.762257966668436 ], [ -96.597774931908091, 40.762410082858572 ], [ -96.597687096869606, 40.762451149439208 ], [ -96.597580705319203, 40.762513379124393 ], [ -96.597444821018357, 40.762619912981968 ], [ -96.597007433120922, 40.762487527454724 ], [ -96.596823400602304, 40.762774293858776 ], [ -96.596738695449488, 40.763125311955406 ], [ -96.596720406254306, 40.763408595675273 ], [ -96.596629728018939, 40.763608800449575 ], [ -96.596443974980048, 40.763807425060769 ], [ -96.596273014383371, 40.764007295649435 ], [ -96.596214235844045, 40.764179465581201 ], [ -96.596202086878947, 40.764269324540663 ], [ -96.596192494762875, 40.764340261651377 ], [ -96.596185391283655, 40.764392802723854 ], [ -96.596190690424351, 40.764548890239894 ], [ -96.596199325477571, 40.764803238529161 ], [ -96.59620653222899, 40.76501550489148 ], [ -96.596404638883172, 40.765313690962962 ], [ -96.596403085814643, 40.765359702775299 ], [ -96.596174376560114, 40.765365995160501 ], [ -96.595839581917332, 40.765583722809467 ], [ -96.595783720549022, 40.765624627968243 ], [ -96.595734144862092, 40.765670236681125 ], [ -96.595691683703706, 40.765719820254141 ], [ -96.595656883931468, 40.765772743414544 ], [ -96.595630192993326, 40.765828322184795 ], [ -96.595611954164397, 40.765885841887446 ], [ -96.595602404169853, 40.765944562545407 ], [ -96.59560166369647, 40.76600372787879 ], [ -96.595609743297771, 40.766062576114741 ], [ -96.59562653864171, 40.766120349888716 ], [ -96.595651834049434, 40.766176305251804 ], [ -96.595685303664681, 40.766229721577041 ], [ -96.595726516177407, 40.766279910567839 ], [ -96.595774941912424, 40.766326227970168 ], [ -96.595829956379404, 40.76636807537664 ], [ -96.595890853277496, 40.766404916445573 ], [ -96.595956845683531, 40.766436274201375 ], [ -96.596036163010908, 40.766469359704239 ], [ -96.595949915848394, 40.766590067469558 ], [ -96.595904041697665, 40.766660596475781 ], [ -96.595844734195765, 40.766756374175415 ], [ -96.59579679795273, 40.766838849570384 ], [ -96.59576945752535, 40.766891976816318 ], [ -96.595730966145169, 40.766966774387114 ], [ -96.596174939789492, 40.767090515667995 ], [ -96.596151574607276, 40.767142490888723 ], [ -96.596354380262085, 40.767199015024651 ], [ -96.596378950502739, 40.767147375688268 ], [ -96.596818927370833, 40.767270000157339 ], [ -96.5969857111903, 40.767075655247204 ], [ -96.597180933905889, 40.766847090144751 ], [ -96.597302926367078, 40.766704262091309 ], [ -96.597381070970513, 40.76661277018102 ], [ -96.597478553453428, 40.766435519151607 ], [ -96.597676710806837, 40.766316307139185 ], [ -96.597907148891949, 40.766287991703159 ], [ -96.59860836822989, 40.766283881983263 ], [ -96.59924351749217, 40.766284275259778 ], [ -96.599406871544673, 40.767839422540355 ], [ -96.599874671410277, 40.767811017833075 ], [ -96.599896487749291, 40.767915435445552 ], [ -96.599907017117218, 40.767939284718913 ], [ -96.599918986370227, 40.767966944897374 ], [ -96.599936345819714, 40.767996257014794 ], [ -96.599954548075146, 40.768025028602118 ], [ -96.599976742027593, 40.768052599330488 ], [ -96.599995822074376, 40.768074976580941 ], [ -96.600016035673036, 40.768094578603794 ], [ -96.600040225593901, 40.768117450490287 ], [ -96.600067111708171, 40.768138087708117 ], [ -96.600122850464842, 40.768178127304488 ], [ -96.600195504657719, 40.768227790261534 ], [ -96.600298640664619, 40.768298289369078 ], [ -96.60040911571221, 40.768373803163861 ], [ -96.600546246071801, 40.768467537873242 ], [ -96.600649305907311, 40.768537982579886 ], [ -96.600720425629859, 40.768592410125869 ], [ -96.600768563094704, 40.768635776222091 ], [ -96.600827112854191, 40.768700528663764 ], [ -96.60085984849016, 40.768744238756838 ], [ -96.600887677371887, 40.768788821272551 ], [ -96.600912483575399, 40.768835372584924 ], [ -96.600925572519415, 40.768864028498029 ], [ -96.600937628809305, 40.768895323750691 ], [ -96.600947153209219, 40.768924586575181 ], [ -96.600960818773842, 40.768980610309328 ], [ -96.60098755655325, 40.769159841729881 ], [ -96.601029096157745, 40.769459433095683 ], [ -96.60098064697975, 40.76949912622139 ], [ -96.600978942152935, 40.769819789705537 ], [ -96.601054432232701, 40.769818287960426 ], [ -96.60104105534073, 40.770919035049239 ], [ -96.601256781864549, 40.770919176792816 ], [ -96.602342221556512, 40.770927971460452 ], [ -96.602327728833458, 40.771930863062842 ], [ -96.602320899729406, 40.77223564139085 ], [ -96.601021808033423, 40.772227588740058 ], [ -96.601015860615291, 40.772620898969826 ], [ -96.598739021328441, 40.772615852832729 ], [ -96.59879129431306, 40.76948262495484 ], [ -96.59424884446959, 40.769575151446929 ], [ -96.591844934232356, 40.769570100981305 ], [ -96.591351057001901, 40.76956450250087 ], [ -96.590216065669921, 40.769560973268518 ], [ -96.589569258132585, 40.76956303260814 ], [ -96.588692550009171, 40.769560309119534 ], [ -96.588682014555687, 40.771819991339903 ], [ -96.587933636383227, 40.771817981214092 ], [ -96.587912166176721, 40.773914910223318 ], [ -96.588364664948841, 40.77392002395711 ], [ -96.588340244584003, 40.775946761513644 ], [ -96.588649711617663, 40.776109125578536 ], [ -96.588387112969045, 40.77649347825232 ], [ -96.588383566731324, 40.776955411921115 ], [ -96.588275827917727, 40.777120177546131 ], [ -96.588272024849616, 40.777927371005809 ], [ -96.58906582338237, 40.777778807924776 ], [ -96.589070112139197, 40.777122319401009 ], [ -96.589233013388778, 40.777122758863527 ], [ -96.589230831909347, 40.777586894375744 ], [ -96.590504484393122, 40.777592651377219 ], [ -96.590563571374105, 40.777868615100189 ], [ -96.59017407782548, 40.778071862505243 ], [ -96.589492191447917, 40.778852390040015 ], [ -96.589143210303405, 40.780219771336327 ], [ -96.589055159410393, 40.780667678014495 ], [ -96.588942999372478, 40.781508746508329 ], [ -96.589025184494943, 40.782342829451075 ], [ -96.590122884107146, 40.782265510968784 ], [ -96.590583858694885, 40.781845221686638 ], [ -96.59064803603971, 40.781688448380407 ], [ -96.590688689357492, 40.781648509982425 ], [ -96.590784038578036, 40.781503309342149 ], [ -96.590748059244817, 40.781439742466368 ], [ -96.591115896490692, 40.779839768536213 ], [ -96.591337208338388, 40.779746197712058 ], [ -96.59219952485401, 40.779813551313573 ], [ -96.593833666925761, 40.778552418363624 ], [ -96.594847341062575, 40.777882435881899 ], [ -96.594376865944824, 40.777468186029964 ], [ -96.59463231216931, 40.777297227639956 ], [ -96.595107840123333, 40.77771030994893 ], [ -96.595416318406365, 40.777506478416512 ], [ -96.595749795757698, 40.777552194001927 ], [ -96.595742639678846, 40.778635766084577 ], [ -96.596392505766303, 40.778640678294302 ], [ -96.596387152541951, 40.779394856682863 ], [ -96.595556110662628, 40.779394113412181 ], [ -96.595651045182152, 40.781513648328747 ], [ -96.595194306351928, 40.781521590134801 ], [ -96.595121902396031, 40.780977859055646 ], [ -96.594446304597199, 40.781088525601859 ], [ -96.593824037232039, 40.781315645332967 ], [ -96.593285971193723, 40.781642942735118 ], [ -96.592862338696079, 40.782037289402702 ], [ -96.592566778414792, 40.782173972794084 ], [ -96.591510188989048, 40.783025252695225 ], [ -96.591797560088651, 40.78313878264975 ], [ -96.592443276722136, 40.783194543046264 ], [ -96.592527694557347, 40.783030644044118 ], [ -96.592697722013156, 40.783023307347307 ], [ -96.592813071388079, 40.782933488350309 ], [ -96.593106856434446, 40.782818425350065 ], [ -96.593357079787069, 40.783181254963331 ], [ -96.594028747788769, 40.782865431714647 ], [ -96.594613243309567, 40.782366944678145 ], [ -96.594990390886252, 40.782194917146647 ], [ -96.594809757327496, 40.781750987146253 ], [ -96.595242509344288, 40.781683686221342 ], [ -96.59583090472681, 40.781681445804409 ], [ -96.595823989150219, 40.78250434833447 ], [ -96.595633786902809, 40.782756196516679 ], [ -96.595223180710136, 40.783122115248986 ], [ -96.594861535464958, 40.783338906506032 ], [ -96.594842478324026, 40.783403330786541 ], [ -96.594838850793579, 40.783727988932966 ], [ -96.595574609920007, 40.783766125106339 ], [ -96.595579456942147, 40.784065418122978 ], [ -96.592626769253357, 40.784056109521508 ], [ -96.589897810180446, 40.78404587947508 ], [ -96.589896223835424, 40.784320333780904 ], [ -96.589892168393348, 40.78502220698978 ], [ -96.589799744308138, 40.785047575889209 ], [ -96.589733888287626, 40.785071472610838 ], [ -96.589671809390552, 40.785099058948653 ], [ -96.589611636898198, 40.785131229258496 ], [ -96.589553923860834, 40.785168102874437 ], [ -96.589503539543401, 40.785206259555444 ], [ -96.589456906504665, 40.785247949175023 ], [ -96.589414758743303, 40.785292703231747 ], [ -96.589375782877383, 40.78534264836555 ], [ -96.589339979180352, 40.78539999878096 ], [ -96.58931127278062, 40.785460528436104 ], [ -96.589289082006033, 40.785528246532415 ], [ -96.58927773490835, 40.785586859573591 ], [ -96.589273312301643, 40.785654983667584 ], [ -96.589269785719281, 40.786056212963771 ], [ -96.589263723714978, 40.786114584700158 ], [ -96.589255197169933, 40.786160436301564 ], [ -96.589241032450474, 40.786213668546104 ], [ -96.589222401363244, 40.786266171202392 ], [ -96.589198585160631, 40.786319297025379 ], [ -96.589174035266254, 40.786364662156217 ], [ -96.589145344966511, 40.786409965203539 ], [ -96.589101789104859, 40.786468120192623 ], [ -96.589060863910063, 40.786514604918573 ], [ -96.588747465706192, 40.786847514765668 ], [ -96.588680169693035, 40.786854468617584 ], [ -96.58853763207469, 40.786865883215768 ], [ -96.588350488477843, 40.786874106638791 ], [ -96.588121558986259, 40.786875637470345 ], [ -96.587833226980649, 40.786876218525258 ], [ -96.587657687316337, 40.786876572886264 ], [ -96.587602722253536, 40.786876683530807 ], [ -96.587554466440793, 40.786873419712343 ], [ -96.587518269371643, 40.786866376396432 ], [ -96.587484747747865, 40.786855921804118 ], [ -96.587455999988734, 40.786843407538015 ], [ -96.587425055983545, 40.786825295067736 ], [ -96.587397155549013, 40.786803201663865 ], [ -96.587374550496207, 40.786778884265551 ], [ -96.587353828395166, 40.786746415853344 ], [ -96.587339487048752, 40.786704532523494 ], [ -96.587330988723565, 40.786660995667333 ], [ -96.58725925320131, 40.786274961548109 ], [ -96.586808036571867, 40.786272989854034 ], [ -96.584239990819569, 40.786263250597408 ], [ -96.584237420765973, 40.785648880912433 ], [ -96.583878720578056, 40.785647566252941 ], [ -96.582368959348301, 40.785642020733611 ], [ -96.582364822931211, 40.784296637083166 ], [ -96.582364927498574, 40.784022179731288 ], [ -96.582150146293628, 40.78402150467943 ], [ -96.581471381993481, 40.784019369701006 ], [ -96.580027770593446, 40.783888566304029 ], [ -96.579016059711833, 40.784011617268391 ], [ -96.578041156304764, 40.784008525484701 ], [ -96.577379392350778, 40.783978974807383 ], [ -96.577378232880093, 40.784143646721986 ], [ -96.577378100378127, 40.784304817774789 ], [ -96.577377022454826, 40.785475065784347 ], [ -96.578857463918766, 40.785479765532898 ], [ -96.578856788550155, 40.78622189678736 ], [ -96.579073453677381, 40.786626016302172 ], [ -96.580547291667159, 40.787770624969845 ], [ -96.580487071421643, 40.787840647070119 ], [ -96.580672097264738, 40.787926325882765 ], [ -96.581236969083321, 40.78833432599599 ], [ -96.582153158004033, 40.787970879164504 ], [ -96.582153663039463, 40.788431526884601 ], [ -96.583127734090837, 40.788512407047172 ], [ -96.583258150240525, 40.788523044585276 ], [ -96.58468567506425, 40.788979631640331 ], [ -96.587268741862459, 40.78897486522014 ], [ -96.587265218797512, 40.787972488671997 ], [ -96.587550031910681, 40.787972113976451 ], [ -96.587823553463252, 40.788136474627514 ], [ -96.588559592674429, 40.788328791635493 ], [ -96.589648881444404, 40.788269230943904 ], [ -96.589727148964386, 40.78900299294358 ], [ -96.589395650229733, 40.790037141915349 ], [ -96.589395507846319, 40.790690448542861 ], [ -96.589395339763371, 40.791465962824986 ], [ -96.591372762176405, 40.792071167353264 ], [ -96.592821396461574, 40.792514503972527 ], [ -96.594176939681674, 40.792515794835332 ], [ -96.596487424251947, 40.792517958467144 ], [ -96.596484158712741, 40.791526409955296 ], [ -96.597880108539783, 40.791537495235509 ], [ -96.597882039622647, 40.791186388176747 ], [ -96.598532049378676, 40.791185250975872 ], [ -96.598531737400123, 40.791082329646052 ], [ -96.600466380534499, 40.791078924921202 ], [ -96.600448918774276, 40.791266045254801 ], [ -96.600723826188869, 40.791307901108866 ], [ -96.600952874704774, 40.791342773852577 ], [ -96.601275492303728, 40.791391891382354 ], [ -96.601238952391299, 40.784714215811505 ], [ -96.601236543827667, 40.784385023716411 ], [ -96.601854725806717, 40.784361791858018 ], [ -96.603690132690971, 40.784364904165997 ], [ -96.604544495169634, 40.78437669927451 ], [ -96.604968779128129, 40.784410439176575 ], [ -96.605692400966959, 40.784413822244055 ], [ -96.605817622349235, 40.784511240978652 ], [ -96.605852407889017, 40.787360335733787 ], [ -96.605834819653396, 40.787447901634579 ], [ -96.605674379878337, 40.787451186397554 ], [ -96.605676078104963, 40.787646313693209 ], [ -96.605833655969903, 40.787647940631189 ], [ -96.605850237299819, 40.787762095874101 ], [ -96.605888568344184, 40.791686478311725 ], [ -96.604086293377435, 40.79167963595701 ], [ -96.604076581472313, 40.792619273963481 ], [ -96.605125153747167, 40.792622084433056 ], [ -96.604721523338952, 40.792729165617253 ], [ -96.60449282495459, 40.792850968439886 ], [ -96.604307385028804, 40.792990750814091 ], [ -96.604654304045368, 40.793259377504455 ], [ -96.604769255796882, 40.793422694397108 ], [ -96.604798502442321, 40.793555729476708 ], [ -96.604795996085699, 40.794143198813416 ], [ -96.604018171182716, 40.794139665289499 ], [ -96.604016374321191, 40.794605315468154 ], [ -96.603932059422959, 40.794603579200832 ], [ -96.603926210663062, 40.794768192751384 ], [ -96.604015738859943, 40.794770059782898 ], [ -96.604013981036076, 40.795225390823866 ], [ -96.60310027712994, 40.795217954884741 ], [ -96.603072075404512, 40.79616585010934 ], [ -96.603983429052533, 40.796380428602639 ], [ -96.604012388148291, 40.796595625711404 ], [ -96.603283423842456, 40.796590738819951 ], [ -96.603338307647178, 40.796975869307246 ], [ -96.603556801468272, 40.796978485030678 ], [ -96.603550354448828, 40.797374778314904 ], [ -96.602795954144185, 40.797368078724602 ], [ -96.601999462197909, 40.796732115621616 ], [ -96.601275831288149, 40.796726867049763 ], [ -96.601271541783632, 40.798707823284708 ], [ -96.596504580007732, 40.798667648129857 ], [ -96.596502355808269, 40.797871719777881 ], [ -96.596494872918555, 40.795166615241953 ], [ -96.592921802941973, 40.795136498867322 ], [ -96.592925434298337, 40.796468853399539 ], [ -96.59292947841621, 40.798636836102858 ], [ -96.586717383267427, 40.798581640472555 ], [ -96.586717812015166, 40.798718894892794 ], [ -96.586663611077753, 40.798718126022393 ], [ -96.58666497402929, 40.798910270629563 ], [ -96.586755760563037, 40.798980190735485 ], [ -96.586775001458506, 40.801692848246638 ], [ -96.59267140009085, 40.801491065140759 ], [ -96.59308648867156, 40.801516478622538 ], [ -96.592981998875473, 40.802403983066057 ], [ -96.593860971289331, 40.803720036301421 ], [ -96.593842142418765, 40.804156191956096 ], [ -96.593803011334359, 40.805075138689105 ], [ -96.593766215462253, 40.805939223079186 ], [ -96.593752197504884, 40.806268397961475 ], [ -96.593717153176883, 40.807091335077658 ], [ -96.593688532612447, 40.807763398867237 ], [ -96.593659327923589, 40.808449180361087 ], [ -96.593652318423892, 40.808613766825474 ], [ -96.593625448340617, 40.809244686059927 ], [ -96.593598578924599, 40.809875603418433 ], [ -96.5935717078018, 40.810506521600409 ], [ -96.593551059130107, 40.810991336987726 ], [ -96.59173941809216, 40.810975103164594 ], [ -96.591322595683366, 40.812386490838499 ], [ -96.591225866331214, 40.81238748843375 ], [ -96.590717826231355, 40.81238076325775 ], [ -96.590715022449132, 40.812539521704316 ], [ -96.590487445031968, 40.812539254748941 ], [ -96.590468771456202, 40.813058829096462 ], [ -96.590464966188108, 40.813141148023931 ], [ -96.590461276155267, 40.81330577118225 ], [ -96.592353770941699, 40.813322383020726 ], [ -96.592353768546772, 40.813324049739606 ], [ -96.593677229840964, 40.813335341910211 ], [ -96.594438810927969, 40.813341932289845 ], [ -96.596425436047809, 40.81335911825893 ], [ -96.602265465431714, 40.813412759055623 ], [ -96.602265457359024, 40.813414425770532 ], [ -96.606086872144559, 40.813442634185883 ], [ -96.609792912535056, 40.813421128750107 ], [ -96.613254847182915, 40.813400931961887 ], [ -96.61607878650851, 40.813385574699574 ], [ -96.625058593725427, 40.813334391740881 ], [ -96.630597468924222, 40.813368674238291 ], [ -96.641753579719591, 40.813436900733571 ], [ -96.641889190034235, 40.812434353369376 ], [ -96.641990215192195, 40.811687468406589 ], [ -96.64208876001841, 40.810973176541097 ], [ -96.642165845884264, 40.810414412376502 ], [ -96.642247632658908, 40.809821570862397 ], [ -96.642363393428127, 40.809325237894669 ], [ -96.642571801781202, 40.808700932360402 ], [ -96.642781347718099, 40.808222689718036 ], [ -96.64303078533689, 40.807755569210919 ], [ -96.64326836557467, 40.807376268383322 ], [ -96.643592126515102, 40.806937225168312 ], [ -96.643848762586529, 40.806589202875777 ], [ -96.644144677073541, 40.806187910228431 ], [ -96.644143879375477, 40.7989207373803 ], [ -96.644163069817395, 40.791631476790556 ], [ -96.644164290134867, 40.791631478155189 ], [ -96.644163070914956, 40.791629810063561 ], [ -96.644158082972481, 40.788152353703524 ], [ -96.644152633970364, 40.784344774575473 ], [ -96.644152677524119, 40.784194080090067 ], [ -96.644171134417647, 40.783752897203698 ], [ -96.644199111594162, 40.78342025703693 ], [ -96.644496480651497, 40.781190104682061 ], [ -96.64448790430292, 40.780847330350518 ], [ -96.644456202720733, 40.780495497753222 ], [ -96.644339901499393, 40.779851379834845 ], [ -96.64428758072647, 40.779457471245102 ], [ -96.644269011442404, 40.779127557718098 ], [ -96.644299071383415, 40.776990832140704 ], [ -96.644298845957238, 40.773933140434963 ], [ -96.644298536109204, 40.769727479131681 ], [ -96.644295243829831, 40.768822483701669 ], [ -96.644301389890032, 40.766118729455819 ], [ -96.644309925131893, 40.762936450624721 ], [ -96.644319936682848, 40.75979669533794 ], [ -96.644328510110569, 40.756244098322199 ], [ -96.644342336370258, 40.755734033186684 ], [ -96.644350550518254, 40.754645807677782 ], [ -96.64435059261011, 40.754581529770789 ], [ -96.644702833449031, 40.754754222690941 ], [ -96.644995456033314, 40.754900397381604 ], [ -96.645393732187202, 40.755046759904026 ], [ -96.645811658914951, 40.755158515740639 ], [ -96.646311251826972, 40.755226543930242 ], [ -96.646783197932692, 40.755247933731908 ], [ -96.647306046371341, 40.755254038194117 ], [ -96.64851498547786, 40.755257850708375 ], [ -96.64959901374192, 40.755265001912058 ], [ -96.65079010765929, 40.755272177553373 ], [ -96.652195326681252, 40.755286191642135 ], [ -96.65219966396684, 40.755284325450738 ], [ -96.652202521609127, 40.755296922771457 ], [ -96.653794077904934, 40.755305253652722 ], [ -96.656843718726819, 40.755314681069265 ], [ -96.659538186346822, 40.75531877029281 ], [ -96.661621495417791, 40.755315874241731 ], [ -96.663369375494639, 40.755316876342327 ], [ -96.663373861543121, 40.755318555745617 ], [ -96.671472781550165, 40.755340661744555 ], [ -96.675063461432188, 40.755364450727399 ], [ -96.682519240314249, 40.755432437274969 ], [ -96.682522829859224, 40.747756137772633 ], [ -96.682522832912454, 40.747747869804918 ], [ -96.682525859316698, 40.739569769679136 ], [ -96.682531099041356, 40.739569768129137 ], [ -96.687094240934158, 40.739565908216491 ], [ -96.687695600784124, 40.739514621730102 ], [ -96.688005357553308, 40.739457029165173 ], [ -96.687997681486564, 40.739445285424658 ], [ -96.68799897780066, 40.739445680725154 ], [ -96.68823407583919, 40.739398227511302 ], [ -96.688492936688263, 40.739317416366454 ], [ -96.688953514666153, 40.739150219872791 ], [ -96.689648016380616, 40.738897355532487 ], [ -96.690297750363953, 40.738664809356763 ], [ -96.690939849961424, 40.73851284685896 ], [ -96.69144769116626, 40.738459488274707 ], [ -96.691978567030134, 40.738454932256815 ], [ -96.692648451195197, 40.738458400411524 ], [ -96.693373409654598, 40.73846215029991 ], [ -96.696112361481028, 40.73847627373646 ], [ -96.698837590278828, 40.738490263226581 ], [ -96.70154125430993, 40.738504077436879 ], [ -96.701511189611722, 40.73473739209804 ], [ -96.701512363850384, 40.733767690866948 ], [ -96.701512372252864, 40.73376239258225 ], [ -96.701511380012434, 40.728490259422003 ], [ -96.701511016336752, 40.728147959757713 ], [ -96.701510836870654, 40.72796213246842 ], [ -96.701512008143055, 40.727924212286148 ], [ -96.701389425768738, 40.727826378348695 ], [ -96.700430949516786, 40.726490210297605 ], [ -96.70028612180927, 40.726289438172685 ], [ -96.699151434510199, 40.724707514007626 ], [ -96.698031570110544, 40.723146157834648 ], [ -96.697809633484198, 40.722836715572328 ], [ -96.696540258419745, 40.721066787456472 ], [ -96.69523381417136, 40.719245057283516 ], [ -96.693988419309733, 40.717508350641843 ], [ -96.692619107231479, 40.715598721675754 ], [ -96.6919947748504, 40.714727553271416 ], [ -96.691994105851109, 40.714480253006769 ], [ -96.691992132757406, 40.713750900047287 ], [ -96.691991838785441, 40.713642103869788 ], [ -96.692058931098799, 40.713601324265035 ], [ -96.692964183559383, 40.713051087076124 ], [ -96.692917470209878, 40.712994569920852 ], [ -96.692857014425002, 40.712922525797239 ], [ -96.692802441604186, 40.712754215087209 ], [ -96.692892619207754, 40.712601859915679 ], [ -96.693037238789557, 40.712357524002293 ], [ -96.693257580595088, 40.712216822894504 ], [ -96.693347946168615, 40.712159119144331 ], [ -96.693416300952762, 40.712115469818414 ], [ -96.69350007164401, 40.712075695303341 ], [ -96.69350038049231, 40.71207557642812 ], [ -96.69364869735368, 40.712018364945983 ], [ -96.696392202196265, 40.712007766697383 ], [ -96.694320554312768, 40.708132876063289 ], [ -96.692021168663473, 40.703839768905695 ], [ -96.692019080023499, 40.703476103469022 ], [ -96.691890707452515, 40.70329013382257 ], [ -96.691728817307251, 40.70328973838204 ], [ -96.690502296450219, 40.701028153103714 ], [ -96.688942628081762, 40.698141620364794 ], [ -96.688592153952428, 40.697492965912787 ], [ -96.699567296658444, 40.697506359387774 ], [ -96.699823546893569, 40.697527150427284 ], [ -96.699824967763689, 40.697392465511918 ], [ -96.699849279824207, 40.693798982719606 ], [ -96.690175243671092, 40.693743262434985 ], [ -96.690108393524142, 40.695781782219747 ], [ -96.687293954929714, 40.695784305745448 ], [ -96.688074561657686, 40.697294439644295 ], [ -96.685393676751048, 40.697291762501465 ], [ -96.685388508453457, 40.697245139170676 ], [ -96.682337043731039, 40.697245175125495 ], [ -96.682343259302812, 40.699175647291931 ], [ -96.682506279320265, 40.699568886774614 ], [ -96.683459248024661, 40.701711585290987 ], [ -96.683949758120235, 40.702672576707279 ], [ -96.684600983942019, 40.703728981827126 ], [ -96.685247108523797, 40.70463487906175 ], [ -96.684736536769748, 40.704634061400547 ], [ -96.682685412320978, 40.704630756058172 ], [ -96.682324763218375, 40.704630170527842 ], [ -96.672996406092224, 40.704614646763666 ], [ -96.67299397141943, 40.708231602194296 ], [ -96.668217886400114, 40.708227738563551 ], [ -96.668213986703009, 40.711758421930341 ], [ -96.66560018694166, 40.711759490076631 ], [ -96.665239598045233, 40.711712974569295 ], [ -96.663616791078539, 40.711713603217426 ], [ -96.663627690627933, 40.704600041861219 ], [ -96.65848477238039, 40.704594419613734 ], [ -96.661096541801427, 40.708353014227015 ], [ -96.660532653234256, 40.708590942992934 ], [ -96.659645236068712, 40.708590192236933 ], [ -96.659642408362842, 40.708775815069757 ], [ -96.659633035472424, 40.708878620981139 ], [ -96.659621223510669, 40.708962522933049 ], [ -96.659602310940954, 40.709062009194042 ], [ -96.659581811655883, 40.709147222768763 ], [ -96.659367157255332, 40.709947799118673 ], [ -96.659232996085748, 40.710448157501553 ], [ -96.659318514299798, 40.710456946597915 ], [ -96.659404099771479, 40.710471758822798 ], [ -96.659506542951661, 40.710497959666775 ], [ -96.659580669360125, 40.710523248476512 ], [ -96.659655309099492, 40.710554798261299 ], [ -96.659721578165815, 40.710588700645609 ], [ -96.659795784813809, 40.710634551334017 ], [ -96.659850010982709, 40.710674553110856 ], [ -96.659901387075479, 40.710718928600087 ], [ -96.659951109745265, 40.710769799579801 ], [ -96.659991429176344, 40.710818998799816 ], [ -96.660025424715101, 40.710868601676871 ], [ -96.660061656965198, 40.71093481946717 ], [ -96.660087309288485, 40.71099752108902 ], [ -96.660102978222227, 40.711050652903857 ], [ -96.660112810099733, 40.711100073409646 ], [ -96.660117989283563, 40.711146150282133 ], [ -96.660119413355318, 40.711187414189133 ], [ -96.660119181410579, 40.711297860007001 ], [ -96.653947645852469, 40.711293710871644 ], [ -96.6539177225347, 40.724323041414138 ], [ -96.652392291115547, 40.724321886855677 ], [ -96.650864600309447, 40.724320710510412 ], [ -96.649120641072841, 40.724319343053601 ], [ -96.649107637094914, 40.726469412990348 ], [ -96.653915469221175, 40.726472076860176 ], [ -96.653912633477546, 40.727291528954922 ], [ -96.653908264562887, 40.728553792782066 ], [ -96.653907695086275, 40.728718468168637 ], [ -96.65390340229213, 40.72995877947173 ], [ -96.653899363519798, 40.731125598925637 ], [ -96.653889207285317, 40.733583360782106 ], [ -96.645679731260316, 40.733597575530446 ], [ -96.645699137689576, 40.732128343373233 ], [ -96.645700672493604, 40.731933090784501 ], [ -96.64565508987458, 40.731914599386549 ], [ -96.645600656475622, 40.731894510907722 ], [ -96.645549802249676, 40.731878790934594 ], [ -96.645497666928264, 40.731863605337807 ], [ -96.645426522141335, 40.731846917040535 ], [ -96.645355059096957, 40.731833734958741 ], [ -96.645245815731528, 40.731820182246331 ], [ -96.645149339553214, 40.73181460681765 ], [ -96.644572500255123, 40.731813290600272 ], [ -96.644577010901699, 40.729966390250119 ], [ -96.644540930185499, 40.729964204752584 ], [ -96.644544710505102, 40.728414627208679 ], [ -96.644634252080024, 40.728249849396093 ], [ -96.644546634087789, 40.72780012729492 ], [ -96.644548200677747, 40.72697765940714 ], [ -96.644638373913054, 40.726703053027784 ], [ -96.644640661991133, 40.726194680058875 ], [ -96.641480576860801, 40.726224299734646 ], [ -96.641480509242641, 40.726199050886251 ], [ -96.640127638146254, 40.726201148941406 ], [ -96.640127477999854, 40.726226396795468 ], [ -96.637545951954962, 40.726223511355307 ], [ -96.637113274422489, 40.72620357689155 ], [ -96.635057285296668, 40.726205871269265 ], [ -96.63462418612481, 40.726206591875027 ], [ -96.634263917185095, 40.726207190839759 ], [ -96.633950753778365, 40.726207709917581 ], [ -96.633621844727998, 40.726208254038724 ], [ -96.63335600582036, 40.726208693859164 ], [ -96.632885999112773, 40.7262094687878 ], [ -96.631993614370558, 40.726210935194359 ], [ -96.630646865739493, 40.726212873781172 ], [ -96.629447402687148, 40.726214528456346 ], [ -96.628899014741052, 40.726207119801124 ], [ -96.628676988735606, 40.726213918613674 ], [ -96.627292063714378, 40.726215804718564 ], [ -96.626013325538267, 40.726217531427977 ], [ -96.625456698998946, 40.726199821470935 ], [ -96.625449137097306, 40.726351166215515 ], [ -96.625456329476407, 40.726605558269938 ], [ -96.625449049252651, 40.726353966589713 ], [ -96.625449137097306, 40.726351166215515 ], [ -96.625449193926968, 40.726199582381341 ], [ -96.625456698998946, 40.726199821470935 ], [ -96.625456709871671, 40.726199586457497 ], [ -96.626013325538267, 40.726217531427977 ] ], [ [ -96.625542493234718, 40.728493131217888 ], [ -96.625664776000747, 40.729188270783524 ], [ -96.625741503127756, 40.729767454460841 ], [ -96.625658065274024, 40.729969420530161 ], [ -96.625428027536927, 40.729969462534491 ], [ -96.62542283539392, 40.730616375630092 ], [ -96.625162601910802, 40.730476760619638 ], [ -96.624993946278011, 40.730400245054668 ], [ -96.624820355384074, 40.730330886068892 ], [ -96.624516757227056, 40.730230258112783 ], [ -96.624230753875054, 40.730157284904891 ], [ -96.623920357996639, 40.730100148174522 ], [ -96.623643551505836, 40.730068069254635 ], [ -96.623431746368226, 40.730055175190543 ], [ -96.623216764112186, 40.730052240704559 ], [ -96.622997497427804, 40.730059749600521 ], [ -96.62272905171659, 40.730083527621794 ], [ -96.622437533759779, 40.730126282534535 ], [ -96.622223906279018, 40.73016815098773 ], [ -96.62196772236112, 40.730230688980733 ], [ -96.621745307640452, 40.730296516266804 ], [ -96.621373109277883, 40.730432851584411 ], [ -96.620995875127647, 40.73057275308291 ], [ -96.620620741401737, 40.73070819821281 ], [ -96.620641623100539, 40.726971119362581 ], [ -96.620640619476575, 40.72664612039695 ], [ -96.620692433252742, 40.726626614328055 ], [ -96.620827555071827, 40.726588206664516 ], [ -96.620984609169682, 40.72655809849536 ], [ -96.621292672689009, 40.726540029319011 ], [ -96.625043041690816, 40.726508129052135 ], [ -96.625043239619629, 40.726593182740999 ], [ -96.625279255451801, 40.726596281945227 ], [ -96.625290520416556, 40.726815023515051 ], [ -96.625292384701808, 40.72687037742805 ], [ -96.625308942471818, 40.727053078367675 ], [ -96.625323535425949, 40.727172835383051 ], [ -96.625340667563094, 40.727328903803119 ], [ -96.625447210356285, 40.727885504389249 ], [ -96.625542493234718, 40.728493131217888 ] ] ] } },
{ "type": "Feature", "properties": { "OBJECTID": 1625, "CCDIST10_": null, "CCDIST10_I": null, "CCDIST": 2, "GlobalID": "{4CD2847B-A8EC-4B90-B493-198453C5855D}", "Councilor": "Tom Duden", "AtLarge1": "Sandra Washington", "AtLarge2": "Tom Beckius", "AtLarge3": "Bennie Shobe", "CreatedBy": "NCSSER", "CreatedDate": "2024-05-29T12:22:46Z", "EditedBy": "NCSSER", "EditedDate": "2024-08-13T13:52:59Z", "ShapeSTArea": 3589181.2614371134, "ShapeSTLength": 12261.646133359965 }, "geometry": { "type": "Polygon", "coordinates": [ [ [ -96.705318184063728, 40.702352701239867 ], [ -96.705227246034696, 40.70177572996986 ], [ -96.705161257621015, 40.701322434120648 ], [ -96.705018517383891, 40.700255107834302 ], [ -96.705010276192709, 40.699483100260643 ], [ -96.705060914123777, 40.699322925928918 ], [ -96.703418412359326, 40.699319912721492 ], [ -96.703349459363167, 40.699331549535835 ], [ -96.701750616711848, 40.699601349335097 ], [ -96.701431111701169, 40.699609389195366 ], [ -96.701433838349516, 40.699719270387895 ], [ -96.701431153719824, 40.699819461439581 ], [ -96.701431322105492, 40.699933740777986 ], [ -96.701429057131662, 40.700126835979042 ], [ -96.70142507389653, 40.700466343682614 ], [ -96.701421801418078, 40.700745233131855 ], [ -96.701418060317607, 40.701035662032297 ], [ -96.697239228793961, 40.701028122613835 ], [ -96.697478701794068, 40.70158027061602 ], [ -96.698349576235955, 40.703238487045901 ], [ -96.696820651526494, 40.703703575214519 ], [ -96.69542578405644, 40.70324830874231 ], [ -96.694689869703652, 40.701847060487687 ], [ -96.693649958294301, 40.701845210188601 ], [ -96.693647919846413, 40.70238489712041 ], [ -96.69202505651478, 40.702381439022723 ], [ -96.692023329965593, 40.702835460513555 ], [ -96.692021604576482, 40.70328948286901 ], [ -96.692021387454275, 40.703478935339106 ], [ -96.692021403563999, 40.703750536834619 ], [ -96.692019843479883, 40.703840118330014 ], [ -96.692455677304892, 40.70465157253382 ], [ -96.696755561178335, 40.704663858478405 ], [ -96.69839730195288, 40.704668077709577 ], [ -96.701675025279172, 40.704676291930426 ], [ -96.701700314693852, 40.702520311993609 ], [ -96.70240352623658, 40.702525086526023 ], [ -96.702593298779377, 40.702334245192418 ], [ -96.704562304264144, 40.702347588217577 ], [ -96.705318184063728, 40.702352701239867 ] ] ] } }
]
}
