{"type":"FeatureCollection","features":[{"type":"Feature","id":91,"geometry":{"type":"Polygon","coordinates":[[[-96.695325000088971,40.808126000156264],[-96.695325000088971,40.808076000292189],[-96.693678000100974,40.80806999984361],[-96.693677000276068,40.807738999980643],[-96.694222000074106,40.807702000304253],[-96.694227000096973,40.806927000024729],[-96.694221000249186,40.806826000284993],[-96.694436000334349,40.806826999811911],[-96.694437999984174,40.806383000311058],[-96.694220000424281,40.806383999844648],[-96.694220000424281,40.806316999782453],[-96.693675999552838,40.80627999999313],[-96.693675999552838,40.805805999691138],[-96.693729000154605,40.805671999691953],[-96.69373099980443,40.805339999878179],[-96.694232999944774,40.805342000336687],[-96.694231000294934,40.804719000103567],[-96.694144000256301,40.804719000103567],[-96.69390200040695,40.804719000103567],[-96.693909999904562,40.803620000050309],[-96.693914000102538,40.803088000187827],[-96.6937430003983,40.803042999887552],[-96.692467000131074,40.80305200022206],[-96.692462999933113,40.803615999709336],[-96.691797999586157,40.803613999878813],[-96.690678999677758,40.803610000217475],[-96.690682999875733,40.803011999859379],[-96.689996999612376,40.803011000275006],[-96.689998000335606,40.802865999860998],[-96.689505000416105,40.802862999741258],[-96.68938200039247,40.802862000154633],[-96.68938200039247,40.803008999746197],[-96.689213000338057,40.803008999746197],[-96.688390999632276,40.80300600031287],[-96.688392000355506,40.802781000268325],[-96.688062999569212,40.80278000000046],[-96.687959999637044,40.802775000020929],[-96.687845000009318,40.802768999773029],[-96.687845999834238,40.802844999699772],[-96.687665999909186,40.802844999699772],[-96.687665000084266,40.803003999783961],[-96.687122999760959,40.803001999934935],[-96.687123999585879,40.802758000223783],[-96.686660999803607,40.802753999830898],[-96.686547999825692,40.802753000242632],[-96.686546000175866,40.802840999992092],[-96.686184999602531,40.80283999972518],[-96.686183999777626,40.802998999821291],[-96.685462000427577,40.802995999707569],[-96.68536000032033,40.802990999744303],[-96.685361000145235,40.802878000338751],[-96.68536399961998,40.802474999881227],[-96.685120999945738,40.802474000288754],[-96.685110000075085,40.802995000122948],[-96.684559000429246,40.802993999858309],[-96.684560000254166,40.802715999826333],[-96.684436000405611,40.802715999826333],[-96.684063999961609,40.802710000253057],[-96.683945000135921,40.802707999715224],[-96.683945999960855,40.802760999668315],[-96.683585000285817,40.802760000080148],[-96.683237000131285,40.802753999830898],[-96.683145000069757,40.80269900001408],[-96.682955999923863,40.802607999945032],[-96.682825000402616,40.802558000003444],[-96.68277900037188,40.80253999987923],[-96.682698000181006,40.802516000159386],[-96.682594000423947,40.802484999885074],[-96.682451000308802,40.802454000276242],[-96.682382999638449,40.80244400026772],[-96.682257999964961,40.802424000246219],[-96.681790000159822,40.802364999739559],[-96.681123000163055,40.802282000055996],[-96.680860000397303,40.802236000293163],[-96.680575999816881,40.802169000123321],[-96.680323999921796,40.802094999978941],[-96.680205000096109,40.802052999841898],[-96.680078999699418,40.802008999799348],[-96.679817999583491,40.801899999846519],[-96.679569000061477,40.801776000231506],[-96.679353000151409,40.801652999989727],[-96.679108999753936,40.801490999887363],[-96.67888299979812,40.801313999802005],[-96.678708999720854,40.80115700033403],[-96.678543999864402,40.800987000062527],[-96.677958999883401,40.800365000054406],[-96.677768000087681,40.800192000234041],[-96.677595999660241,40.800055999842513],[-96.677394999818787,40.79991599996842],[-96.677161000365373,40.799775999799053],[-96.675880000075267,40.799100000246959],[-96.67538499960763,40.798838999671254],[-96.67555799985999,40.798801000145374],[-96.675705999998002,40.798780000058052],[-96.675807000280344,40.79877400012905],[-96.675906999839441,40.798772999800796],[-96.676003000098916,40.798780000058052],[-96.676075000068948,40.798787000314604],[-96.676179999650927,40.798801999793149],[-96.676282999583094,40.798814000325642],[-96.676609999821238,40.798853000171093],[-96.677559999675225,40.798966000308816],[-96.677802000422872,40.798980000101878],[-96.678020999807686,40.798978000131612],[-96.67834700022091,40.798941999976712],[-96.679003000347038,40.798941999976712],[-96.677534999560862,40.797251999937387],[-96.677501000123996,40.797195999969794],[-96.676846999647694,40.796200000280983],[-96.676696000034966,40.796200999967937],[-96.676707999730525,40.796233999829816],[-96.676788000096465,40.79637499967312],[-96.676826999556226,40.796487000266133],[-96.676846999647694,40.796601000032062],[-96.676848000370939,40.796715999961421],[-96.676830999754188,40.796830999691636],[-96.676794999769172,40.79694199983954],[-96.67674000041589,40.797050000099368],[-96.676669000270778,40.797152000107843],[-96.676581000407239,40.797245999870228],[-96.676456999660374,40.797346999907916],[-96.676470999904055,40.797383000247763],[-96.676517999759724,40.797471000316321],[-96.676593000102798,40.797570999665325],[-96.676720000324408,40.797693999990869],[-96.676768999829889,40.797758000247043],[-96.67680300016508,40.797827999776523],[-96.676820999708454,40.797901000256438],[-96.676822000431656,40.797975999976479],[-96.676807000363041,40.798049000293652],[-96.676742999890635,40.798193000013178],[-96.676711999928486,40.798325000161711],[-96.676622000415122,40.798787999962606],[-96.676218000184079,40.798739999841011],[-96.676207000313411,40.798727000326288],[-96.676156000259809,40.798652999744618],[-96.676075000068948,40.798545000052634],[-96.675982000182515,40.798443000144388],[-96.675909000387591,40.798382999845145],[-96.675819999800822,40.798337000100382],[-96.675634000027983,40.798250000155861],[-96.675531000095816,40.798226999901388],[-96.675208999880539,40.798189000025225],[-96.674830999588764,40.798159999765012],[-96.674515999944489,40.798101000228407],[-96.67410900023873,40.797983000317835],[-96.674060999659829,40.797963999972602],[-96.674018000002135,40.797941000299026],[-96.673978999644063,40.797913000271706],[-96.673845999574667,40.797780999983971],[-96.67380700011492,40.797752999889198],[-96.673673000220631,40.797683999945264],[-96.673340999959606,40.797541999815188],[-96.673094000087403,40.797428000305132],[-96.67287900000224,40.797328000060702],[-96.672875999629198,40.797606000217918],[-96.672877000352429,40.797736999829766],[-96.673002999850794,40.797799999701574],[-96.675090000054865,40.798843999947245],[-96.674878000342758,40.798884000101658],[-96.674680999800941,40.798903999829804],[-96.674563999625079,40.798907999774677],[-96.674289999988687,40.798941000331041],[-96.67405999983491,40.798941000331041],[-96.672849999689916,40.798941000331041],[-96.672848999865025,40.798648000134293],[-96.672366999816163,40.798660000014578],[-96.672365999991271,40.798478999889909],[-96.670790999973292,40.798457000047755],[-96.670442999818732,40.798447999770211],[-96.668060000236991,40.798463000005412],[-96.665675999932049,40.798476999904558],[-96.663281999581329,40.798461000019621],[-96.663281999581329,40.798893999966488],[-96.662320000031769,40.798482999860397],[-96.657663999574822,40.798488999815746],[-96.657662999749917,40.798936000062312],[-96.657268999564607,40.798936000062312],[-96.656471999871485,40.798934999736552],[-96.656168000097878,40.798934000090767],[-96.655302999734403,40.798932999764929],[-96.653665999792139,40.798932000119116],[-96.65247099971576,40.798930000147408],[-96.651356999830242,40.798928999821506],[-96.651282000385493,40.798928000175643],[-96.648903999928294,40.798924999877904],[-96.644138999691421,40.798918999961963],[-96.643278000424203,40.798926000203814],[-96.640992999853438,40.798945999919354],[-96.636389000173338,40.798984999687256],[-96.634598000245305,40.798999999801104],[-96.632962000127975,40.798970999895239],[-96.631664000119414,40.79894799989053],[-96.630734000356924,40.798932000119116],[-96.630725000136081,40.79820000033159],[-96.630700000021747,40.797933999953308],[-96.630638000097449,40.797590999789065],[-96.628898000223046,40.797801999707282],[-96.628774000374477,40.797807999724178],[-96.627674999659277,40.797789999671942],[-96.627674999659277,40.79882899979809],[-96.627368000410911,40.798818000275944],[-96.626944000088386,40.798811000022702],[-96.625139999741563,40.79877899972994],[-96.624981999557804,40.798782000034272],[-96.624975999710017,40.797274000178888],[-96.623602000431816,40.797278000221986],[-96.623609000104523,40.798826000175922],[-96.623359999684169,40.798838999671254],[-96.619316999695641,40.798926999849712],[-96.615609000341195,40.799007999679098],[-96.615492000165318,40.799005999709671],[-96.614851000107819,40.798995999861717],[-96.613783000253051,40.798978000131612],[-96.612638000405397,40.798959999716587],[-96.610731999951298,40.798928999821506],[-96.609168999628892,40.798903000183564],[-96.608970000335589,40.79889999988464],[-96.608027999979214,40.798884999748189],[-96.607879999841188,40.798878000182007],[-96.607220000415424,40.798849000222852],[-96.606931999637027,40.798843999947245],[-96.606100999608714,40.798830999772846],[-96.606099999783822,40.798884000101658],[-96.606098999958903,40.798936000062312],[-96.606093000111116,40.799313000089185],[-96.606064999623726,40.800114999681554],[-96.60601199992027,40.800319000323064],[-96.605982999607946,40.801807000157005],[-96.605975000110334,40.802236000293163],[-96.605960000041733,40.803052999805821],[-96.605956999668678,40.803184999809581],[-96.605919000033836,40.80515800005783],[-96.605898999942369,40.806161999663537],[-96.605905999615047,40.806601999802098],[-96.605930999729409,40.808122000086954],[-96.605934000102465,40.808313000238783],[-96.605936999577196,40.808525999752675],[-96.605955000018852,40.809606999906613],[-96.605974000285428,40.810809999795971],[-96.605987999630813,40.81166000017474],[-96.605991000003868,40.811825000326003],[-96.605991000003868,40.811856000316894],[-96.606072000194729,40.812639999854888],[-96.606086000438438,40.813377000020473],[-96.606087000263329,40.813432999933674],[-96.606088000088249,40.813495999864458],[-96.606071000369809,40.814805999784355],[-96.606063999798806,40.814866000193966],[-96.606054999577964,40.814939000290579],[-96.606887000329507,40.814939999695298],[-96.607036000292425,40.81494799969154],[-96.607177999684311,40.81497100027034],[-96.607299999883068,40.815004000318289],[-96.607417999883836,40.815047999903442],[-96.607668999954001,40.815176000199429],[-96.607926999696858,40.814885999865233],[-96.607960000207143,40.814837999828256],[-96.608002999864851,40.814774999812087],[-96.608064999789121,40.814650999778088],[-96.60810699962191,40.814519000145211],[-96.608128000436622,40.8143839999709],[-96.608123000413769,40.813485000053532],[-96.613210999792514,40.813456999784869],[-96.616076000321414,40.813442000218814],[-96.616074999598197,40.813630999806072],[-96.616308999949936,40.813625999964231],[-96.616580000111583,40.813636999751786],[-96.616794000371826,40.813662999736842],[-96.616955999855207,40.813666000048279],[-96.617334999971902,40.813653000057592],[-96.617515999721874,40.813655000265541],[-96.618001999968669,40.813673000094468],[-96.618539000269109,40.813730999963425],[-96.618700999752505,40.813722999820442],[-96.61896799971619,40.813688000288195],[-96.619130000097883,40.813681000243541],[-96.619291999581279,40.813666000048279],[-96.619504000191696,40.813634000118917],[-96.619612000146745,40.813625999964231],[-96.619720000101765,40.81362800017294],[-96.619826000406988,40.813644999905144],[-96.62047900016006,40.813631999910385],[-96.621237000393421,40.813551999677166],[-96.622096999835733,40.813475999774177],[-96.622152999912231,40.813526000328459],[-96.622195999569939,40.81354900004046],[-96.622246999623556,40.81356499968765],[-96.62229299965432,40.813585999856059],[-96.622376000393302,40.813640000064353],[-96.622423000248972,40.813660000105195],[-96.622472999579372,40.813675999725568],[-96.622610999671622,40.813741000310813],[-96.622821999558838,40.813869999829848],[-96.622937999909766,40.813956999695847],[-96.623102999766232,40.814064000046713],[-96.623505000347436,40.814339999945375],[-96.623589999837947,40.814390999941324],[-96.623635999868696,40.814412999940828],[-96.623780999633652,40.814468000247601],[-96.624008000312699,40.814580000224524],[-96.624102000024024,40.814620999822814],[-96.624455000201436,40.814812999710298],[-96.624505000430162,40.814828999732498],[-96.624928999854376,40.814898000208942],[-96.624978000258167,40.814913000125699],[-96.624975999710017,40.815406000078909],[-96.624989999953726,40.815517999832011],[-96.624996999626418,40.815573999977623],[-96.625024000288903,40.81568500005362],[-96.625045000205319,40.815713000061855],[-96.625062999748678,40.815682999906876],[-96.625088999687932,40.815569999677429],[-96.625097999908775,40.815533999684185],[-96.625123999848029,40.815346000157668],[-96.625128999870896,40.814947000286935],[-96.625129999695829,40.814930000208477],[-96.625134999718682,40.81442900005954],[-96.625374999918193,40.814463999880715],[-96.630608999785125,40.814728999870376],[-96.630629999701526,40.814660999986849],[-96.630667000409773,40.814444000082297],[-96.630675999732276,40.813422000112297],[-96.631356999972766,40.813423000219707],[-96.632900000203676,40.813425999862119],[-96.635100000385648,40.813436999682828],[-96.635651999856378,40.813440000004448],[-96.638325999691247,40.813455000250848],[-96.641679999941701,40.81347499966752],[-96.641755000284775,40.81347499966752],[-96.641824999706643,40.81347499966752],[-96.6441169999501,40.813487999693081],[-96.644145000437518,40.813487999693081],[-96.644203999988747,40.813487999693081],[-96.64648100016359,40.813494000331616],[-96.64775999990556,40.813500000289714],[-96.648827999760329,40.813509999992021],[-96.649512000373846,40.813517000054709],[-96.65132000002032,40.813523000010733],[-96.653628000157312,40.813527999860341],[-96.65377899977004,40.813528999966202],[-96.656108999648339,40.813533999815363],[-96.657270000287838,40.813537000132584],[-96.658499999626002,40.813540999875521],[-96.659143000231637,40.81353800023831],[-96.660899999824494,40.813528999966202],[-96.661015000350531,40.813528999966202],[-96.663319000289562,40.813534999921139],[-96.664746999994435,40.813532999709572],[-96.666275999981664,40.81353800023831],[-96.66779099972517,40.813544000192437],[-96.668131000382104,40.813544000192437],[-96.669304999643785,40.81354199998119],[-96.669415999971861,40.81354199998119],[-96.669481000269187,40.81354199998119],[-96.669481000269187,40.814449999954469],[-96.669482000094078,40.814513999690405],[-96.670191999748567,40.814514999781395],[-96.671513000221637,40.814513000279263],[-96.671510999673501,40.813538999664146],[-96.672781999917873,40.813537000132584],[-96.672884000025121,40.813538999664146],[-96.67462899992239,40.8135360000269],[-96.674997999993337,40.8135360000269],[-96.676304000397806,40.813533999815363],[-96.676486999797589,40.813532999709572],[-96.676629000087814,40.813532000283665],[-96.677599000033297,40.813532000283665],[-96.678313999710653,40.813531000177839],[-96.67940699967977,40.813528999966202],[-96.679676000191606,40.813528999966202],[-96.680277000066127,40.813527999860341],[-96.680866000245103,40.813545999723772],[-96.681149999927229,40.813554999993578],[-96.681992999651087,40.813581000010828],[-96.682261000338016,40.813583000220888],[-96.682406000102972,40.813583000220888],[-96.683741999746346,40.813588000065977],[-96.683735999898573,40.814664999661971],[-96.685180000395263,40.814672000282627],[-96.686624999818591,40.814678000134201],[-96.688069000315309,40.81468399998522],[-96.689513999738637,40.8146899998357],[-96.689519999586409,40.813597999755068],[-96.690964000083142,40.813603000278917],[-96.690959000060261,40.814695999685632],[-96.692421000100325,40.814703000303069],[-96.692708000155491,40.814703999711341],[-96.693854999652999,40.814710000239891],[-96.693858999850946,40.813615000174856],[-96.693858999850946,40.813552999782665],[-96.693861000399082,40.812514999788796],[-96.693862000223987,40.81245999990265],[-96.693864999698732,40.81136100022313],[-96.693864999698732,40.811292000147532],[-96.693868999896694,40.810263000173045],[-96.695315000043223,40.810268999743393],[-96.69532099989101,40.809169999809399],[-96.695325000088971,40.808126000156264]]]},"properties":{"AREALAND":11786451,"AREAWATER":76029,"BASENAME":"68510","CENTLAT":"+40.8065337","CENTLON":"-096.6484786","FUNCSTAT":"S","GEOID":"68510","HU100":9764,"INTPTLAT":"+40.8070972","INTPTLON":"-096.6483260","LSADC":"Z5","MTFCC":"G6350","NAME":"ZCTA5 68510","OBJECTID":91,"OID":"221704258328388","POP100":20669,"ZCTA5":"68510","ZCTA5CC":"B5"}},{"type":"Feature","id":94,"geometry":{"type":"Polygon","coordinates":[[[-96.910591000043112,40.839396000049462],[-96.910600000263955,40.835744000071315],[-96.892059000073488,40.835732000100833],[-96.887688000021896,40.835717000134608],[-96.875272999826052,40.835702000165],[-96.871188000004722,40.834562000021336],[-96.870834000002404,40.834196000214504],[-96.863815000055212,40.83644699976383],[-96.862312000007265,40.836923000177073],[-96.853755999676935,40.836829999963754],[-96.834753000427412,40.836654000116482],[-96.833652000062372,40.836642000310711],[-96.820703999764049,40.836612000107081],[-96.818229999945714,40.836589000236238],[-96.814628999823057,40.832895000259214],[-96.815756000127379,40.832077999806188],[-96.815643999974384,40.829213000205279],[-96.815592000095847,40.828914999714016],[-96.815571000179446,40.828545999683605],[-96.815575000377407,40.828297999889159],[-96.815387999881338,40.828297999889159],[-96.808127999909715,40.828296000122741],[-96.806162999904416,40.828296000122741],[-96.805900999963598,40.828295000239507],[-96.805791000358738,40.836545999747194],[-96.805720000213626,40.840847999680953],[-96.80587699967414,40.840818999715964],[-96.805869000176543,40.841381000222647],[-96.805710999992797,40.841381000222647],[-96.805688000426571,40.842802999743895],[-96.805356999990465,40.842800999735424],[-96.80031399991924,40.842777000308459],[-96.798944999765595,40.842769999935932],[-96.797744999666349,40.84276500025193],[-96.797428000372236,40.842763000242265],[-96.797332000112775,40.842761999897661],[-96.797343999808348,40.841377999805715],[-96.797753000062258,40.841379000171258],[-96.802622000056232,40.841379000171258],[-96.804150000218527,40.841379999857125],[-96.802285999597245,40.838651000290852],[-96.802228999695828,40.838567000057374],[-96.801977999625663,40.838203000080981],[-96.80124000038208,40.83713700001158],[-96.800891000402643,40.836618000012955],[-96.800128000146387,40.835510000254452],[-96.797018000293434,40.835495000238012],[-96.796188000090027,40.835475999759183],[-96.796183999892065,40.835906999908872],[-96.795377999978115,40.835906000140412],[-96.795382000176076,40.835493999783665],[-96.79195799960543,40.835502000019538],[-96.79184899982549,40.835504000248257],[-96.789368000334463,40.835508000025875],[-96.789257999831293,40.835508000025875],[-96.787473999575951,40.835511999803259],[-96.787230000076789,40.835513000257329],[-96.784610999595174,40.835520999811244],[-96.784500000165423,40.835520999811244],[-96.780858000034883,40.835529999817958],[-96.778012999597465,40.835661000004244],[-96.777836999870374,40.835703999708066],[-96.777827999649531,40.840465000268942],[-96.777680000409859,40.840463999889607],[-96.770591000142446,40.840461999810564],[-96.768968000443905,40.839198000291987],[-96.768310999594547,40.838699999811567],[-96.768307000294911,40.840762999818004],[-96.767369999961403,40.839870999966919],[-96.767012999586029,40.839486000237947],[-96.766944999813958,40.839381999948735],[-96.766906000354211,40.839012999723302],[-96.766917000224879,40.838724999761098],[-96.766882000064768,40.838149000160669],[-96.76688700008765,40.837984000244901],[-96.766923000072651,40.837739000312531],[-96.766918000049785,40.837656999766779],[-96.766887999912541,40.837492999730202],[-96.766885000437824,40.837451999997469],[-96.766893999760342,40.837369999776293],[-96.76688600026273,40.837288000133327],[-96.766826999813162,40.83700300008806],[-96.766821999790309,40.836838999792768],[-96.766836000034004,40.836550999900354],[-96.766825999988271,40.83626300011597],[-96.766846999904672,40.835974999760111],[-96.766844000429927,40.835687000192046],[-96.766889999562366,40.835276000291266],[-96.766897999958303,40.835030000084188],[-96.766897999958303,40.834864999881425],[-96.766921000422826,40.834536000071999],[-96.766917000224879,40.834412000277986],[-96.766891000285597,40.83429100031023],[-96.766923999897557,40.834004000020386],[-96.76693200029348,40.833633000158599],[-96.766919999699596,40.833181000102805],[-96.766904999630981,40.832975000273208],[-96.766888999737461,40.832893999765638],[-96.76683799968383,40.832775999872858],[-96.766825000163351,40.832694999801916],[-96.766825000163351,40.832570999963018],[-96.7668410000569,40.832447999712883],[-96.766914999676743,40.832165000260147],[-96.766924999722477,40.832041999936472],[-96.766916000399945,40.831630000036021],[-96.76694900001192,40.831095000252866],[-96.766949999836839,40.830601000147958],[-96.766962000430709,40.830478000321435],[-96.766988000369977,40.830314000197845],[-96.766989000194897,40.830231999983909],[-96.766964000080534,40.830110000008496],[-96.766962000430709,40.830068999788089],[-96.766983000347096,40.829946000334104],[-96.766979000149149,40.829905000012289],[-96.766955999684612,40.829824999692654],[-96.766943999989053,40.829700999924071],[-96.766944999813958,40.82957799978746],[-96.766981999623894,40.829332000189254],[-96.766983000347096,40.829209000047889],[-96.766933000118399,40.828385999746992],[-96.766940999615997,40.828262999890029],[-96.766959000057668,40.828139999804975],[-96.766959000057668,40.82805800030124],[-96.76693499976821,40.827564000001587],[-96.76693200029348,40.827070000100271],[-96.766926000445693,40.826987999953175],[-96.766907000179117,40.826907000288607],[-96.766876000216982,40.826828000335809],[-96.766755999668078,40.826643999822778],[-96.766523999864489,40.82622600020305],[-96.766456000092418,40.826069999773956],[-96.766442999673615,40.825986999831777],[-96.76643000015315,40.825948000298148],[-96.766379999924439,40.825876000000719],[-96.766292999885806,40.825771000191594],[-96.766242999657081,40.8256969998572],[-96.766180999732811,40.825630000264056],[-96.765856000042788,40.825352999827601],[-96.765760999608247,40.825253000195588],[-96.765641999782545,40.825115000319862],[-96.765507000063351,40.824987000168591],[-96.765112000053136,40.824648000226013],[-96.764989999854393,40.82451099971145],[-96.764953000044486,40.824481000136586],[-96.764604999889926,40.824284999906318],[-96.764476999843424,40.824208000118674],[-96.764429000162821,40.824190999694437],[-96.764219999925459,40.824145000164094],[-96.76406699976458,40.82410199976151],[-96.763701000066675,40.824021999918514],[-96.763648000363233,40.824015000284518],[-96.763595999586386,40.824015000284518],[-96.763543999707849,40.824029000231505],[-96.763491000004393,40.824037999758865],[-96.763219000017841,40.824033000021586],[-96.763058000359351,40.824018000127722],[-96.762953999703967,40.823996999862757],[-96.762798999893263,40.823956999889973],[-96.762640999709532,40.823928999962682],[-96.762372999920913,40.823891999797787],[-96.762265999790799,40.823889999898547],[-96.761890999872065,40.823941999978963],[-96.761783999741951,40.823946999723098],[-96.761622000258555,40.823937000234459],[-96.761190000438418,40.823899000124555],[-96.76113600001176,40.823897000225479],[-96.761083000308304,40.823900000074026],[-96.760710999864301,40.823959999735848],[-96.760494000129341,40.823983999857262],[-96.760392000022094,40.824006000074249],[-96.760345000166424,40.824025999709022],[-96.760228999815467,40.824092000296233],[-96.759823999759519,40.824209000063526],[-96.759560000168861,40.824257000117498],[-96.759459999711453,40.824286999793692],[-96.759318000319524,40.824347999727912],[-96.759042000135011,40.82447900025506],[-96.758733000338523,40.824644999731525],[-96.758615000337755,40.824730999804679],[-96.758279999703674,40.824999999977486],[-96.758138000311774,40.825123999699898],[-96.758043999702139,40.825225000135688],[-96.757989000348857,40.825295999851896],[-96.757657999912752,40.825904999705052],[-96.757606999859121,40.826023000269913],[-96.757589000315789,40.82610299973846],[-96.757571999699039,40.826432999839938],[-96.757518000170663,40.826717999780158],[-96.757515999622512,40.82675900003332],[-96.757538000262144,40.826881999960939],[-96.75752300019353,40.82712899971235],[-96.757527000391491,40.827210999685107],[-96.757614000430138,40.827699999754927],[-96.757620000277925,40.827781999701351],[-96.757596999813387,40.828029000178965],[-96.757600000186429,40.82807000030126],[-96.757653999714805,40.828272000202318],[-96.757672999981352,40.828476999809283],[-96.75769999974554,40.828599000070326],[-96.757710999616194,40.828764000233463],[-96.757693000072848,40.829380999800726],[-96.757673999806272,40.829504000302713],[-96.757633999623295,40.829622999764453],[-96.757553000330773,40.829775999729556],[-96.757539999911984,40.829816000270888],[-96.757534999889103,40.829856999968008],[-96.75749399988122,40.829976000155632],[-96.75738199972821,40.830237999787514],[-96.757334000047649,40.830310999959714],[-96.757268999750309,40.830375999877802],[-96.756961999603647,40.830610999991173],[-96.756898999854457,40.830677000142224],[-96.756683999769308,40.830963000037556],[-96.756379000170782,40.831399999997579],[-96.756319999721228,40.831469000228843],[-96.756014000297796,40.831702000203194],[-96.755615000089634,40.832038999776536],[-96.75544400038541,40.832198999734658],[-96.755405999852258,40.832228000072305],[-96.755184999919322,40.832347000082841],[-96.755056000047887,40.832422000293903],[-96.754503999678846,40.832683999776251],[-96.75435899991389,40.832738999886324],[-96.754158999897342,40.832804000142936],[-96.7539659995535,40.832878999837],[-96.753809999917891,40.832914000118365],[-96.753702999787777,40.832925000105867],[-96.753486000052789,40.832918999865711],[-96.753269000317829,40.832922999799294],[-96.752892999675865,40.832959999683204],[-96.752459000205917,40.8329589998703],[-96.751429999810881,40.832982000320818],[-96.751213000075893,40.832976000085871],[-96.751160000372465,40.832969000037636],[-96.751012000234454,40.832921000172412],[-96.750865999746267,40.832867000027626],[-96.750727999654018,40.832800000202177],[-96.750679000148523,40.832786999883268],[-96.750570000368569,40.832779999815067],[-96.750414999659569,40.832742000014584],[-96.750361000131221,40.83273999970249],[-96.750171999985326,40.832745999958838],[-96.750011000326822,40.832730000180362],[-96.749904000196707,40.832712999901752],[-96.749850999594955,40.832716000031198],[-96.749744000363151,40.832730000180362],[-96.74958100015651,40.832738999886324],[-96.749370000269323,40.832701999879077],[-96.749262000314289,40.832696000298448],[-96.749099000107677,40.832697000115317],[-96.748777999717319,40.832660000084637],[-96.748669999762285,40.832653000003042],[-96.748560999982317,40.832655000317708],[-96.748506999555659,40.832660000084637],[-96.748403999623491,40.832685000272946],[-96.748031000252908,40.83273999970249],[-96.747760999916167,40.832752000214604],[-96.74770700038782,40.832750999718861],[-96.747546999655938,40.832727000051555],[-96.747391000020315,40.832690999854577],[-96.747294999760854,40.832653000003042],[-96.747015000276676,40.832526999767119],[-96.746955999827122,40.832507999797066],[-96.74666799994705,40.832412000044059],[-96.746620000266475,40.832392000219649],[-96.74654099972544,40.832335999999437],[-96.746392999587442,40.832208000192345],[-96.746000999950283,40.831923000058232],[-96.74584500031466,40.831819999968346],[-96.744790999805275,40.83335100013349],[-96.744348999939405,40.833971999707408],[-96.743876000111371,40.834603000182092],[-96.743425999849592,40.83517299997304],[-96.742946000348894,40.835753000047816],[-96.742449000231431,40.836324999670254],[-96.741921000151819,40.836904999860941],[-96.741374999630551,40.837476999738023],[-96.739725999992729,40.839133000187751],[-96.740101999736382,40.839864999675861],[-96.740763999710282,40.840596999915164],[-96.741489000331683,40.841435000228394],[-96.741863000425511,40.841886000055879],[-96.742178000069785,40.842339999906429],[-96.742359999644648,40.842619999736762],[-96.742498999561832,40.842881000027873],[-96.742573000079986,40.842995000277774],[-96.742775999571251,40.843289000017343],[-96.743149999665064,40.844070000127068],[-96.743316000244732,40.844692000180153],[-96.743399000085418,40.845068999810614],[-96.743508999690278,40.845563999780197],[-96.743584000033337,40.847854000214802],[-96.743570999614548,40.848280999699625],[-96.743758000110617,40.849826999717244],[-96.743738999844055,40.850497000180368],[-96.743692999813291,40.85139599985439],[-96.743718999752545,40.857390000166305],[-96.743710000430042,40.857817000025378],[-96.743758000110617,40.858339000128488],[-96.743856000019903,40.858902999693157],[-96.744049000363759,40.859487999791135],[-96.74430100025883,40.860135999941456],[-96.744658999560798,40.860733000222247],[-96.745066000164883,40.861344000097688],[-96.745472999870671,40.861844999756244],[-96.745676000260275,40.862102000205596],[-96.745938000201093,40.8623450003318],[-96.746286000355624,40.862677000145105],[-96.746425000272808,40.862786000095412],[-96.746760999833455,40.863051999956525],[-96.74713900012523,40.863331999907615],[-96.747612999778156,40.863641000214507],[-96.749754000408885,40.865002999812347],[-96.75407400040686,40.867699000110541],[-96.75751099959966,40.869876000313056],[-96.758457999978901,40.870451000007165],[-96.758827000049848,40.87067500017033],[-96.760607999932162,40.871763000081707],[-96.761375000386352,40.872223999661323],[-96.762055999728503,40.872563000158266],[-96.762638000234787,40.872806999830445],[-96.764876999876492,40.873444000031327],[-96.764834000218769,40.878478000255512],[-96.764829000195917,40.879083999759764],[-96.764826999647767,40.879392999916647],[-96.76453799994276,40.879382999962729],[-96.761873000328734,40.879370999744339],[-96.759069999724105,40.879357999731731],[-96.758888999974133,40.879356999939624],[-96.758827999874768,40.879356999939624],[-96.758842000118463,40.879532000002591],[-96.758885999601077,40.87990599966907],[-96.758918000286442,40.880070999788963],[-96.758945999875536,40.880212999826362],[-96.758950000073497,40.880285000188088],[-96.758237999870886,40.880261999854604],[-96.757977999579893,40.880254000268302],[-96.757861000302341,40.88024999979563],[-96.757768000415922,40.880242999986564],[-96.757524000018449,40.880230000145218],[-96.757406000017681,40.880212999826362],[-96.757337000420705,40.880200999758451],[-96.757189000282693,40.880175999836361],[-96.75700500015968,40.880144999865578],[-96.756920999595778,40.880131000224559],[-96.756867999892322,40.880117999682007],[-96.756840000303242,40.880110999859035],[-96.756795000097398,40.880100000232694],[-96.756368000300142,40.879994000282259],[-96.755918999863241,40.879882999883101],[-96.751403999871613,40.879797999837109],[-96.750500000048376,40.879747999679111],[-96.749638000057928,40.879686999788426],[-96.748776999892399,40.879612000090738],[-96.74877600006748,40.87967000000932],[-96.748765000196826,40.880770999901948],[-96.748757999625838,40.881434000117025],[-96.748754000326187,40.881785999854571],[-96.748735000059611,40.883726000188254],[-96.748221000223722,40.883721999925385],[-96.747135999752189,40.883712999672646],[-96.745908999888755,40.883701999965744],[-96.745363000265812,40.883697999701475],[-96.744364000008019,40.883691000257052],[-96.743938999860575,40.883687999718781],[-96.743941000408725,40.883486000288563],[-96.743944999708361,40.883118000246199],[-96.743946000431592,40.882977000066084],[-96.743948999906323,40.88275199967682],[-96.743957000302245,40.882093000121365],[-96.743959999776976,40.881846000093901],[-96.743281999909556,40.881846000093901],[-96.743246999749445,40.881699999778945],[-96.74318599965008,40.881434999877769],[-96.741398999919994,40.881440000039483],[-96.741157999895592,40.881440999800141],[-96.740921999894013,40.881687999980613],[-96.740731000098307,40.881950000289322],[-96.740582999960324,40.882229000045463],[-96.740481999677968,40.882520000312709],[-96.740428999974526,40.882816999777255],[-96.740419999753698,40.882966999974506],[-96.740418000103872,40.883072999917907],[-96.740404999685083,40.884016999985839],[-96.739355000271971,40.884038000250825],[-96.739327999609486,40.886155000043004],[-96.739177999821663,40.886266999798316],[-96.739125999943113,40.886307000198585],[-96.738990000398999,40.886407999760365],[-96.739122999570071,40.886508999847138],[-96.739276999555841,40.886624999770063],[-96.739157999730168,40.886830000202174],[-96.739122999570071,40.887058000016367],[-96.739120000095326,40.89345799984352],[-96.7487330004098,40.89352699996379],[-96.748757999625838,40.900784000226132],[-96.739126999768033,40.900755000019871],[-96.739120000095326,40.908793000297159],[-96.73913400033905,40.913449000032983],[-96.739135000163955,40.913656000071683],[-96.739140000186822,40.915288999752519],[-96.739068000216804,40.929809000150811],[-96.743067999649313,40.929881999859603],[-96.749216000283539,40.929994999937826],[-96.758509999857452,40.930166000265245],[-96.770244999637725,40.930125999918744],[-96.770566999853003,40.930125000215199],[-96.772583999736867,40.930118000253749],[-96.774163999777684,40.930112999699112],[-96.777316000361779,40.930102000242158],[-96.777450000256081,40.93009899977298],[-96.779279999643862,40.930050999712755],[-96.786650999943575,40.929858999802022],[-96.795532999788819,40.929797000256023],[-96.795541000184755,40.928852999895042],[-96.795666999683121,40.915404000198421],[-96.79565199961452,40.915335999746439],[-96.795779999661036,40.900821000236689],[-96.795788000056945,40.896612000022849],[-96.795792000254906,40.894563999726557],[-96.79579300007984,40.894241999975186],[-96.795794999729651,40.893877000065864],[-96.795795999554556,40.893733000317873],[-96.795795999554556,40.893517000108289],[-96.795808000148426,40.890845000313689],[-96.795818000194188,40.890824999790453],[-96.795802000300654,40.890595000129274],[-96.795782000209172,40.890447999797125],[-96.795767000140557,40.890367999904143],[-96.795991000446534,40.887920000149464],[-96.796178999869198,40.887626000176198],[-96.796531000221705,40.887736999813718],[-96.79689100007181,40.887835000238312],[-96.797255999944795,40.887918000144822],[-96.797382000341486,40.887940999855054],[-96.798411999663116,40.888014999960937],[-96.799282999874393,40.888038999977525],[-96.799969999962656,40.8880269999703],[-96.801135999726711,40.888002999949414],[-96.802239999566481,40.887892000078956],[-96.803626000336877,40.887634000229738],[-96.804878000314673,40.88737699972468],[-96.807681000020963,40.886733000007297],[-96.808276999872632,40.886671000081314],[-96.809871999982093,40.886566999834038],[-96.811355999763478,40.886555000239021],[-96.814988999673162,40.886534000093597],[-96.815166999948403,40.884603999740136],[-96.815279999926318,40.882218999840859],[-96.815103000374307,40.871753000333719],[-96.81353599985394,40.871744999719134],[-96.812062999943223,40.871763000081707],[-96.809189999916711,40.871797000300319],[-96.808435999881311,40.871804000323152],[-96.808183999986227,40.871806000135514],[-96.806957999947699,40.871815999875452],[-96.805458000272807,40.871829000010635],[-96.796392000304536,40.871814000063438],[-96.795906999882632,40.871813000157381],[-96.795907999707552,40.871691999868553],[-96.795971000355053,40.864547000309742],[-96.795978000027745,40.863759000186533],[-96.795999999769052,40.859602000006625],[-96.796004999791947,40.859554999816396],[-96.795987000248573,40.859149000297649],[-96.796017000385817,40.857273999969422],[-96.796721000192491,40.857278999917668],[-96.805534000440787,40.85730800015363],[-96.805685000053529,40.85730800015363],[-96.814084000025034,40.857336000252239],[-96.815053000145596,40.857341000195802],[-96.815172999796189,40.857342000320337],[-96.815496999661278,40.857206999675327],[-96.834345999823313,40.857506000160058],[-96.85350499960677,40.857467000143856],[-96.863046999776103,40.857486999876301],[-96.862850999957516,40.871920000206146],[-96.868278000168289,40.871926000311667],[-96.872404999822407,40.871929999928859],[-96.872425999738809,40.88069900006888],[-96.872451999678077,40.886684999697231],[-96.887647000014013,40.886465999835792],[-96.88883299986955,40.886448999760404],[-96.891679000131887,40.886407999760365],[-96.891642000321966,40.879232999793473],[-96.891514000275464,40.871950999953029],[-96.895170999576294,40.871959999767284],[-96.898681000360654,40.871969000259611],[-96.901150999981013,40.871974999681406],[-96.901157999653734,40.871956000151911],[-96.901249999715219,40.871761000268101],[-96.901257000286236,40.871720999907431],[-96.901249999715219,40.871681000201846],[-96.901234999646618,40.871639999884231],[-96.90119199998891,40.87156499990018],[-96.901161999851681,40.871530000331404],[-96.901126999691584,40.871498999708095],[-96.901084999858782,40.871472000073673],[-96.901038000003112,40.871450999897576],[-96.900987999774415,40.871434999953031],[-96.900935999895864,40.871424000243628],[-96.90082799994083,40.871412999853099],[-96.900556999779184,40.871412999853099],[-96.900396999945613,40.871392000337579],[-96.900293000188526,40.871365999893044],[-96.90024499960964,40.871347000188791],[-96.900200000302135,40.871323000232785],[-96.900160000119158,40.871294000019581],[-96.900133000354984,40.871260000221966],[-96.900121999586005,40.871219000322903],[-96.900121999586005,40.871135999853088],[-96.9001359998297,40.871053999875997],[-96.900151999723249,40.871013999767513],[-96.900203999601771,40.870942000190638],[-96.900237999936962,40.870909000131931],[-96.900279999769737,40.870885000017161],[-96.900382999701904,40.870854999691645],[-96.900434999580455,40.870843999885878],[-96.900489000007127,40.870844999806565],[-96.900704999917195,40.870866000174878],[-96.900812999872215,40.870865000254504],[-96.900920999827264,40.870851000009516],[-96.900971999880881,40.870837999682301],[-96.901017000086711,40.870815000142237],[-96.901042000201073,40.870778000333701],[-96.901051000421916,40.870738000058424],[-96.901054999721566,40.87065399974145],[-96.901048000048846,40.870613000146399],[-96.901027999957378,40.870575000300278],[-96.900995000345432,40.870542000058663],[-96.900952999614319,40.870515000034047],[-96.900906999583569,40.870495000159643],[-96.900856000428249,40.870478999984087],[-96.900810000397485,40.870458000172292],[-96.900724000183757,40.870406999825391],[-96.900689000023661,40.870376000034852],[-96.900629999574122,40.870306000301078],[-96.900587999741333,40.870281000038595],[-96.9004510003723,40.870213000064865],[-96.900376999854132,40.870152000218781],[-96.900349000265052,40.870116999903082],[-96.900333000371504,40.870077999840063],[-96.90032400015069,40.870036999888399],[-96.900319000127809,40.869954999908899],[-96.900330999823382,40.869871999892474],[-96.90035599993773,40.86979200026105],[-96.900382999701904,40.869756999755104],[-96.900458999869883,40.869697000106214],[-96.900504999900633,40.869676000046454],[-96.900557999604104,40.869666999921748],[-96.900612999855682,40.869663000167861],[-96.900665999559124,40.869666999921748],[-96.900767999666385,40.869696000168247],[-96.900862000276021,40.869737000331057],[-96.900944000291787,40.86979200026105],[-96.901115999820917,40.86995100017235],[-96.901190000339085,40.870010000337118],[-96.901277000377718,40.870059999698697],[-96.901326999708118,40.870076999907795],[-96.901381000134791,40.870082000248196],[-96.901436000386397,40.870081000315984],[-96.901489999914745,40.870075000043258],[-96.901540999968361,40.870059999698697],[-96.901577999778297,40.870031000290943],[-96.901591000197087,40.869991000243758],[-96.901588999648951,40.869949000304011],[-96.901545000166337,40.869786999898793],[-96.901524000249935,40.869665000044833],[-96.901520000051974,40.869581999664909],[-96.901528000447897,40.869542000025739],[-96.901564000432913,40.869461999995657],[-96.901590000372167,40.869426999994552],[-96.901626000357183,40.869398000309566],[-96.901721999718333,40.86935599999368],[-96.901822000175756,40.869323999767509],[-96.901925999932828,40.869302000324801],[-96.902036000436013,40.869288999693453],[-96.90207499989576,40.869264999670804],[-96.902094999987227,40.869223999895048],[-96.902094999987227,40.869183000093855],[-96.902079000093721,40.869143000213718],[-96.902047000306652,40.869110999884548],[-96.901961000092925,40.869058999911147],[-96.901853000137905,40.868966999910391],[-96.901809999581886,40.868941999821622],[-96.901669000014877,40.868881000163285],[-96.901633000029875,40.868850000337645],[-96.901611000288568,40.868812000159032],[-96.901596000219939,40.868772000054776],[-96.901578999603188,40.868690999820529],[-96.901552999663934,40.868486000269343],[-96.90149199956457,40.868472000200661],[-96.901443000059075,40.868455000258784],[-96.901274000004676,40.86835099992016],[-96.901224999600871,40.868333999947204],[-96.901017000086711,40.868286999839576],[-96.900868000123808,40.868227000217345],[-96.900823999742869,40.868202999809782],[-96.900790000306003,40.868177000150936],[-96.90079600015379,40.868135999701515],[-96.900822999917963,40.868096999830328],[-96.900853999880113,40.868063999712383],[-96.901094999904529,40.86784000022687],[-96.901120000018878,40.867803000114613],[-96.901156999828814,40.867725999924801],[-96.901176999920295,40.867643999800713],[-96.901176999920295,40.867603999670187],[-96.901170000247603,40.867562000254416],[-96.901156999828814,40.867522000074366],[-96.901136999737318,40.867483999812997],[-96.901109999973144,40.86744800015309],[-96.901075999637953,40.867415999684141],[-96.901032999980259,40.867389999716345],[-96.90098600012459,40.867369000283574],[-96.900832000138791,40.86732800001321],[-96.900728000381719,40.867304999933232],[-96.900674999779952,40.867301000036669],[-96.900566000000012,40.867302000010817],[-96.9004029997934,40.867296000165602],[-96.900295999663285,40.867275999998256],[-96.900247999982696,40.867258999749389],[-96.900208999624638,40.867228999818984],[-96.900181999860465,40.867193999996275],[-96.900187999708237,40.867152000320424],[-96.900211000172774,40.867115999800681],[-96.900349000265052,40.866937000284871],[-96.900413999664053,40.866872000215707],[-96.900469999740551,40.866801000192673],[-96.900534000212957,40.866687000139919],[-96.900544000258705,40.866647000110667],[-96.900544000258705,40.866605000087937],[-96.900536999687688,40.866565000009111],[-96.900523000342318,40.866524999906176],[-96.900483000159355,40.866448000268363],[-96.900344000242171,40.866271000285053],[-96.900300999686138,40.866194999663463],[-96.900278000119926,40.866114999665754],[-96.900274999746884,40.866072999984965],[-96.900279999769737,40.866032000270849],[-96.900303000234302,40.865994999827684],[-96.90033900021929,40.86596400000969],[-96.900422999884881,40.865911000287198],[-96.900468999915631,40.865890999701556],[-96.900621000251604,40.865844999894151],[-96.900959000360416,40.86571400026758],[-96.901034999630085,40.865656999669795],[-96.901060999569339,40.865620999696041],[-96.901079000011009,40.865581999702378],[-96.901089000056743,40.865541999684993],[-96.901090999706582,40.865500000320154],[-96.901084000033862,40.86546000025325],[-96.901067000315436,40.865420000162231],[-96.901041000376182,40.865384000059592],[-96.901002999843016,40.865354999962733],[-96.900909000131691,40.865313999804094],[-96.900611000205856,40.86521399999009],[-96.900472000288687,40.865150000274454],[-96.900439999603321,40.865117000046588],[-96.900366999808398,40.865056000261511],[-96.900154000271371,40.864928999793605],[-96.900020000377069,40.864857999725459],[-96.899936999638072,40.864805999809029],[-96.899826000208307,40.864714000013691],[-96.899797999720903,40.864678000206695],[-96.899790000223305,40.864639000337064],[-96.89980299974377,40.864555999771603],[-96.899823999660185,40.864474999815187],[-96.899843999751653,40.86443699984342],[-96.899872000239071,40.864400999885845],[-96.899904999851017,40.864367999964131],[-96.899945000033995,40.864341000139497],[-96.900075999555256,40.864265000020431],[-96.900109000065527,40.864234000071939],[-96.900134000179889,40.864198000004023],[-96.900213999647519,40.864042999959722],[-96.900242999959829,40.864002999692218],[-96.900248999807602,40.863962000055267],[-96.90024499960964,40.863919999688363],[-96.900222999868348,40.863883000103336],[-96.900190000256373,40.863849999923517],[-96.90015000007341,40.863821999860981],[-96.899837000078975,40.863659000062604],[-96.899797999720903,40.863630999919323],[-96.899724999925965,40.86356900009374],[-96.899662000176775,40.863503000084108],[-96.899575999963062,40.863350999873546],[-96.899548000373954,40.863271999872183],[-96.899544000176007,40.863230999782694],[-96.899546999650738,40.863189000310982],[-96.899558000419717,40.863149000207024],[-96.899646000283255,40.862954000203466],[-96.89966499965152,40.862873000325898],[-96.899667000199656,40.862791000306935],[-96.899683999918096,40.862667999748524],[-96.899710999682284,40.862588000245843],[-96.899775999979596,40.862474999781632],[-96.899904999851017,40.862204000065205],[-96.899950000056876,40.862083999934285],[-96.899955000079729,40.862043999842349],[-96.899941999660953,40.861962000155806],[-96.899914999896751,40.861881999800417],[-96.899832000056094,40.861729999945965],[-96.899679999720121,40.861510999725574],[-96.899628999666504,40.86139399988803],[-96.899580000161009,40.861233999746659],[-96.899563000442569,40.861028000141957],[-96.899551999673591,40.860987000022149],[-96.899531999582123,40.86094900008726],[-96.899401999885782,40.860817000215704],[-96.899346999634204,40.86082099982454],[-96.899293000105843,40.860819999752493],[-96.899082000218655,40.860857999761343],[-96.898934000080644,40.86090799991856],[-96.898775000071993,40.86093599985427],[-96.898534999872467,40.861030999669183],[-96.898338000228975,40.861099000239655],[-96.898287000175344,40.86111299982889],[-96.898233999573591,40.861121999757422],[-96.898180000045215,40.861123999892335],[-96.898125999618543,40.86112000030181],[-96.89807000044037,40.861090000308046],[-96.898009000341006,40.861090000308046],[-96.897909999708489,40.861057000095379],[-96.897866000225875,40.861033999875637],[-96.897832999715604,40.861001999704378],[-96.897812999624108,40.860962999708264],[-96.897764000118627,40.860890000002208],[-96.897594000239309,40.860587000222715],[-96.897473999690391,40.860449999921215],[-96.897417999613907,40.860378999807203],[-96.897373000306374,40.860357000110483],[-96.897322000252743,40.86034299968204],[-96.89726799982607,40.860334999727051],[-96.897216999772439,40.860322000052953],[-96.897168000266959,40.860303999977305],[-96.897029000349775,40.860239000191932],[-96.896976999572928,40.860234999868545],[-96.896873999640775,40.860265000249612],[-96.89682500013528,40.860283999736545],[-96.896793000348239,40.860315000175056],[-96.896731000423955,40.860429999724545],[-96.896629000316707,40.860835000151951],[-96.896584000110849,40.860952999688124],[-96.896537000255208,40.861188000101556],[-96.896498999722056,40.861228000031048],[-96.896461000087214,40.861256999896902],[-96.896372000398742,40.861304000238242],[-96.896117999955536,40.86137600010376],[-96.896065000252094,40.861382999869477],[-96.896010000000516,40.861379999678782],[-96.895906000243428,40.861357000250649],[-96.895809999983967,40.86131999991315],[-96.895727999968202,40.861265999805873],[-96.895554999715841,40.861107000102379],[-96.895390999684309,40.860942999666484],[-96.895312999866505,40.860835000151951],[-96.895194999865723,40.860650000196834],[-96.895117000047918,40.860496000078854],[-96.895066999819207,40.860335999806416],[-96.895040999879953,40.860172000179126],[-96.895030999834191,40.860049000192213],[-96.895052999575512,40.859719999701184],[-96.895030999834191,40.859555999907542],[-96.895000999696975,40.859478000227732],[-96.894942999970638,40.859233999678267],[-96.894882999696193,40.859120000188284],[-96.894831999642562,40.859002000104297],[-96.894819999947003,40.858962000189329],[-96.894814000099231,40.858921000149522],[-96.894790999634679,40.858884999911318],[-96.894748999801891,40.858849999755371],[-96.894660000113419,40.858698999841174],[-96.894621999580281,40.858669000109693],[-96.894573999899706,40.85865299979443],[-96.894517999823222,40.858651000264331],[-96.89441800026411,40.858681000003962],[-96.894364999662344,40.858690999687667],[-96.894311999958887,40.858684999741719],[-96.894205999653678,40.858664000266366],[-96.894048000368244,40.858691999791816],[-96.893998000139533,40.85870699999375],[-96.893901000055152,40.858744999856015],[-96.893880000138751,40.858781000170254],[-96.893886999811457,40.858822000296762],[-96.89390899955275,40.858860000092996],[-96.893946000260982,40.858889999737968],[-96.894039000147401,40.85893099979701],[-96.894079000330379,40.858958999888969],[-96.894105000269661,40.858996000186508],[-96.894125000361129,40.859033999882982],[-96.894133999683646,40.859073999754472],[-96.894121999988101,40.859114000281181],[-96.894075000132418,40.859133000098325],[-96.894020999705759,40.859139000003644],[-96.893967000177383,40.859133000098325],[-96.893819000039386,40.859081999861715],[-96.893776000381692,40.859056000019109],[-96.893726999977886,40.859052000303699],[-96.893663000403777,40.859108999792021],[-96.893607000327279,40.859068999941712],[-96.893459000189281,40.859018999755087],[-96.893352999884073,40.859002000104297],[-96.893249999951905,40.858976000230228],[-96.893145000369913,40.858955000167761],[-96.893044000087571,40.858925999973458],[-96.892830999652247,40.858893000041448],[-96.892565000411778,40.858857999889722],[-96.892402000205152,40.858851999958937],[-96.89213100004352,40.858858999991391],[-96.892023000088471,40.858868000226138],[-96.891900999889742,40.858890999839169],[-96.891909000285651,40.858593999702471],[-96.8919400002478,40.857544000031844],[-96.891944000445761,40.855386000282088],[-96.891957999791146,40.848427000319745],[-96.891962999814027,40.845696000144386],[-96.891963999638918,40.845040999964048],[-96.891967999836879,40.843001000285483],[-96.900663999909298,40.842975000248138],[-96.903033000145655,40.842969000238071],[-96.906420000008069,40.842959000220056],[-96.910581999822284,40.842947000196475],[-96.910591000043112,40.839396000049462]]]},"properties":{"AREALAND":74220875,"AREAWATER":2814985,"BASENAME":"68524","CENTLAT":"+40.8715100","CENTLON":"-096.8025897","FUNCSTAT":"S","GEOID":"68524","HU100":2081,"INTPTLAT":"+40.9069918","INTPTLON":"-096.7873676","LSADC":"Z5","MTFCC":"G6350","NAME":"ZCTA5 68524","OBJECTID":94,"OID":"221704258328482","POP100":5843,"ZCTA5":"68524","ZCTA5CC":"B5"}},{"type":"Feature","id":3408,"geometry":{"type":"Polygon","coordinates":[[[-97.006492000163789,40.738277999773857],[-97.00648399976788,40.738111000196263],[-97.00645100015592,40.737978000298],[-97.006395000079422,40.737838000261085],[-97.006251000139358,40.737624999989897],[-97.006101000351549,40.737413000289038],[-97.006027999658301,40.737322999826439],[-97.005998000419382,40.737287000288013],[-97.005925999551053,40.737186000136475],[-97.005896000312134,40.737133000265182],[-97.005885000441481,40.737076000086766],[-97.005882000068425,40.736979999783379],[-97.005872000022691,40.73687999974544],[-97.00585000028137,40.736783999839886],[-97.005748000174137,40.736635000208388],[-97.005608000432048,40.736494000163056],[-97.005282999843729,40.736249999793642],[-97.005133000055892,40.736127999954029],[-97.00498200044315,40.735958999918175],[-97.004047999584373,40.734794000009636],[-97.003866000009495,40.734591000218359],[-97.003718999696403,40.734488000187987],[-97.003589000000062,40.734448000053945],[-97.003375999564724,40.734419999809603],[-97.002186000409537,40.734418999873597],[-97.002019999829869,40.734416000065508],[-97.001932999791237,40.734399999725142],[-97.00185199960039,40.734364999903171],[-97.001778999805452,40.734307000138237],[-97.00171900042929,40.734229000186872],[-97.001690000116994,40.734138000241487],[-97.00167400022346,40.73402799991689],[-97.001685999919033,40.732698999878622],[-97.001670999850418,40.732560000268585],[-97.001623999994735,40.732477999769884],[-97.00139200019116,40.732279000272896],[-97.001151999991635,40.732103000194414],[-97.000828000126546,40.731831000085663],[-97.000632000307959,40.73168400020726],[-97.000401000329276,40.731470999973865],[-97.000291999651026,40.731349000220206],[-96.999920999930254,40.730856999691326],[-96.999803999754391,40.730672000005512],[-96.996760000023656,40.730674999982405],[-96.987335999855091,40.730647000192505],[-96.987335000030185,40.730282999808828],[-96.987323000334626,40.72972699986002],[-96.987319999961571,40.728056999987174],[-96.98733300038036,40.727041000259156],[-96.987324999984438,40.726816000218847],[-96.987341999702892,40.725411999912424],[-96.987336999680011,40.72499899978726],[-96.987335000030185,40.724471000299111],[-96.987315999763609,40.723310999916833],[-96.987314999938704,40.721580000042273],[-96.987305999717876,40.720512000124153],[-96.987299999870089,40.719775000151401],[-96.990439999860286,40.719770000051632],[-96.991985999565941,40.719775000151401],[-96.992009999855398,40.718573999991712],[-96.992009000030464,40.718317999860233],[-96.992010999680303,40.71817600030964],[-96.992014000053345,40.718039000005433],[-96.992031999596691,40.717887000058539],[-96.992030999771785,40.716949000187846],[-96.992029999946865,40.716206999890794],[-96.992577000293053,40.716209000310165],[-96.996852999910075,40.716228999734106],[-96.996857000108051,40.714568000310486],[-96.996892000268147,40.713595999694029],[-96.996925999705013,40.712881999943704],[-96.996924000055202,40.712113999704535],[-96.996893000093038,40.711581999711129],[-96.99686799997869,40.711150000275545],[-96.996872000176637,40.710779999779106],[-96.996888000070186,40.710611999670043],[-96.996886000420361,40.710577999888208],[-96.996883999872225,40.71052600022837],[-96.996879999674277,40.710454999671327],[-96.996879999674277,40.710443999818004],[-96.996840000389611,40.710329999993192],[-96.996842000039422,40.71024900032161],[-96.996862999955823,40.710167999870585],[-96.996903000138801,40.710101999758059],[-96.996992999652164,40.710042000032317],[-96.997099999782293,40.710020000187455],[-96.99729399995104,40.710004000109976],[-96.997572999610298,40.71000600003476],[-97.000110999901054,40.710022000111721],[-97.001567000093345,40.710024000035972],[-97.001535000306291,40.708632999749959],[-97.001535000306291,40.708283999664459],[-97.001536000131196,40.707226999969926],[-97.001545000352039,40.705796999858862],[-97.001536999956116,40.705114000338959],[-97.001522999712407,40.703853999794212],[-97.001514000389889,40.703094999881124],[-97.001490999925352,40.701177999739116],[-97.001489000275541,40.699142000085757],[-97.001492999575191,40.698114000032504],[-97.001377999947451,40.698114000032504],[-97.000311999742507,40.69811600031435],[-96.999299999964236,40.698117000114685],[-96.999275999674808,40.698117000114685],[-96.998905999778927,40.698110000149697],[-96.99743799989109,40.698103999984554],[-96.997240000422678,40.698106000266698],[-96.997221000156117,40.698106000266698],[-96.995840000306899,40.697939999801243],[-96.995611999802961,40.697939999801243],[-96.990967000114992,40.697942000088261],[-96.990875999878369,40.697942000088261],[-96.990864000182825,40.697942000088261],[-96.990768999748255,40.697942000088261],[-96.990741000159176,40.697939999801243],[-96.990727999740372,40.697939999801243],[-96.989755000320173,40.697942999891268],[-96.9745850000986,40.697949999873813],[-96.974083999783176,40.697959000142127],[-96.974068999714561,40.697949999873813],[-96.964710999668227,40.698012999683506],[-96.964295999566545,40.698017000253209],[-96.963847000027968,40.698021000141544],[-96.963769000210164,40.698021000141544],[-96.963656000232262,40.698021999943364],[-96.963580000064269,40.698021999943364],[-96.963339000039852,40.698022999745113],[-96.963171999635279,40.698022999745113],[-96.96303000024335,40.698022999745113],[-96.962841999922389,40.698024000227925],[-96.962494999592749,40.698025000029702],[-96.962155999659046,40.698025999831401],[-96.961753000151219,40.698025999831401],[-96.961668999587317,40.698031000201958],[-96.961491000210401,40.698011999881608],[-96.96135999979083,40.697956000052834],[-96.961326000353964,40.697917000241567],[-96.961252999660701,40.697852999855677],[-96.961200999782164,40.697764000185252],[-96.96118599971355,40.697683000213488],[-96.961178000215952,40.697298999713503],[-96.961193000284567,40.696600000336808],[-96.961195999759298,40.696458000102027],[-96.961190999736431,40.695725000201612],[-96.961200999782164,40.694977999822129],[-96.961199000132353,40.694449000086806],[-96.961196999584217,40.694034000226949],[-96.961190999736431,40.691923999953481],[-96.96120599980506,40.690427999752252],[-96.961223000421811,40.688728000057331],[-96.961226999721447,40.687614000333248],[-96.961208000353182,40.686451000238826],[-96.961230999919408,40.684002999781903],[-96.961240999965142,40.683336999941922],[-96.960984999872096,40.683329999786565],[-96.960565999572452,40.683330999808788],[-96.958629999879449,40.683332999853228],[-96.95748400020689,40.683328999764285],[-96.955413999721273,40.683321000266901],[-96.954642000142513,40.683313000087395],[-96.952955999796458,40.683316000154811],[-96.952026999858873,40.683305999929452],[-96.951683999727194,40.683307999974637],[-96.951692999948037,40.68358200014849],[-96.951701000343945,40.68430000000442],[-96.951677000054488,40.685078000088261],[-96.951677000054488,40.685789000279613],[-96.951667000008754,40.686777000284152],[-96.951631999848658,40.690207000296382],[-96.951630000198847,40.690449999938458],[-96.951631999848658,40.691111000008696],[-96.951605000084484,40.692482999943728],[-96.951605999909376,40.693396000312873],[-96.951591999665695,40.694102000318665],[-96.951598000411792,40.694864000086149],[-96.951586999642814,40.695222000298223],[-96.951579999970122,40.695676000034069],[-96.951579000145202,40.696694999811662],[-96.951568000274548,40.696807000179973],[-96.951542000335294,40.696924000132562],[-96.951486000258811,40.697063999741729],[-96.951424000334512,40.697180000109661],[-96.951122000210731,40.697667999703413],[-96.951036999821909,40.697783999700647],[-96.950984000118467,40.697845000058528],[-96.95096099965393,40.69786200013715],[-96.950916000346396,40.697893999992928],[-96.950744999743875,40.697946999784051],[-96.95059699960585,40.697972000300574],[-96.950241999778612,40.69800100001622],[-96.94943400021485,40.698004000103502],[-96.949392000382062,40.698004000103502],[-96.94917899994671,40.697997999928809],[-96.949153000007442,40.69881299986892],[-96.949157000205417,40.699258000240569],[-96.949157000205417,40.699293000135995],[-96.949172000274018,40.701676999951722],[-96.949168000076057,40.703126000221978],[-96.949167000251151,40.70321099996211],[-96.949157000205417,40.704412999792673],[-96.949189999817378,40.707406999784347],[-96.9491920003655,40.710390999756491],[-96.949199999863112,40.71126499966136],[-96.949203000236167,40.711591999778392],[-96.94919499984023,40.712430999797839],[-96.948412000390832,40.712427000093918],[-96.945725999962065,40.712428999945885],[-96.945037000223977,40.712435999767905],[-96.944709999985832,40.712437000034228],[-96.944364000379437,40.712438999885947],[-96.942750999828306,40.712425000241844],[-96.940102000107771,40.71243200006424],[-96.939059000367379,40.712448999824453],[-96.937497999694784,40.712456000325247],[-96.936752999880227,40.712448999824453],[-96.936365000441015,40.712445000121612],[-96.935804999676037,40.712446999973032],[-96.934956999929312,40.71245000009057],[-96.934727999600454,40.712448000239235],[-96.933821000302473,40.712440000152213],[-96.932503000202445,40.712445999706866],[-96.930286000302061,40.712456000325247],[-96.930086000285527,40.712453000207972],[-96.930097999981101,40.713694999750174],[-96.930103999828873,40.715285999896778],[-96.930077999889605,40.716850999723363],[-96.930075000414874,40.717283000298153],[-96.930065000369126,40.718425999929401],[-96.930082000087566,40.719903000261951],[-96.930076000239779,40.720842000180269],[-96.930072000041818,40.721592999674947],[-96.930053999600148,40.723163000174438],[-96.930024000361257,40.724616999689488],[-96.930043999554414,40.725884999996325],[-96.930052999775256,40.726815000168571],[-96.930048999577295,40.726974999854185],[-96.930025000186149,40.728029999808463],[-96.930027999660894,40.729240999674708],[-96.930036000056802,40.730003999732041],[-96.929995000048933,40.732223999958002],[-96.929990999850972,40.732448000126681],[-96.930003000444856,40.733383000232834],[-96.930010000117548,40.733950000319133],[-96.929995000048933,40.735542000228527],[-96.930026999835974,40.737057999912793],[-96.92998300035336,40.738778000204562],[-96.929957000414106,40.740327000066067],[-96.929960999713742,40.740979999870703],[-96.929985999828105,40.741390000005325],[-96.92998300035336,40.741510999894061],[-96.929507999977218,40.741505000236643],[-96.927081999839444,40.741514000062899],[-96.92494100010704,40.741497000238844],[-96.924464000081073,40.741497000238844],[-96.923965000313785,40.741495999728592],[-96.922415000410155,40.74150699989567],[-96.921608999597922,40.741491999729249],[-96.920237999794438,40.741467999728179],[-96.91709399960628,40.741454000063911],[-96.91466400016887,40.741466999898108],[-96.914388999809262,40.741467999728179],[-96.912469999834698,40.741461000236733],[-96.91092800032699,40.741469000238858],[-96.910887000319121,40.752209000313528],[-96.910884999770985,40.752773999851676],[-96.910878999923213,40.754103000309001],[-96.910878999923213,40.754218999971599],[-96.910872000250507,40.755932000141982],[-96.910872000250507,40.755955000074401],[-96.910872000250507,40.756086999798825],[-96.910872000250507,40.75613800031811],[-96.910869999702371,40.756462999866137],[-96.910844999588008,40.763180999742076],[-96.910842999938197,40.763567999747274],[-96.910839999565141,40.764515999975615],[-96.910832999892463,40.766255000337424],[-96.910832999892463,40.766274999687596],[-96.910816999998914,40.770461000296088],[-96.910787999686605,40.776813000169703],[-96.910784000386954,40.777752000197232],[-96.910775000166126,40.779773000167225],[-96.910750999876683,40.784943999850839],[-96.910753000424819,40.7903930000138],[-96.910753000424819,40.790486000051608],[-96.910754000249725,40.793242000080141],[-96.91075599989955,40.796231000090337],[-96.91075599989955,40.797152999780458],[-96.91075699972447,40.799367999991667],[-96.910751999701588,40.800406000275956],[-96.910740999830949,40.802855000327874],[-96.910728000310471,40.805517000106434],[-96.910725999762334,40.806083000161102],[-96.910714000066747,40.808533999842354],[-96.910689999777318,40.813833000172643],[-96.910689999777318,40.813922999707088],[-96.91067399988377,40.81708100005531],[-96.910672000233959,40.817496000067209],[-96.910669999685823,40.81784400022179],[-96.910663999838036,40.818957000263019],[-96.910658999815183,40.820023000307522],[-96.910657000165372,40.820393000177432],[-96.910657999990264,40.820584999675056],[-96.916507999800359,40.820704000185877],[-96.917964999817542,40.82077999996617],[-96.919585999866285,40.820883000209307],[-96.920399000351225,40.82094599986339],[-96.916372000256231,40.820864000301938],[-96.916311000156867,40.822949999781358],[-96.916177000262579,40.827649999688127],[-96.916183999935257,40.828437999700775],[-96.91570600008437,40.828437999700775],[-96.914011000415798,40.828429999971924],[-96.913269999900862,40.828440000142606],[-96.912645999561803,40.828442999785651],[-96.91209699956579,40.828448999751117],[-96.911997000006693,40.828451000192622],[-96.911441000337987,40.828446000108293],[-96.911449999660519,40.829430999921783],[-96.910616000157475,40.829415000023083],[-96.910616000157475,40.829740999830868],[-96.910605000286807,40.833987999865812],[-96.910605000286807,40.834086000327076],[-96.910605000286807,40.834101999778277],[-96.910601999913766,40.835017999984402],[-96.910600000263955,40.835744000071315],[-96.910591000043112,40.839396000049462],[-96.910581999822284,40.842947000196475],[-96.906420000008069,40.842959000220056],[-96.903033000145655,40.842969000238071],[-96.900663999909298,40.842975000248138],[-96.891967999836879,40.843001000285483],[-96.891963999638918,40.845040999964048],[-96.891962999814027,40.845696000144386],[-96.891957999791146,40.848427000319745],[-96.891944000445761,40.855386000282088],[-96.8919400002478,40.857544000031844],[-96.891909000285651,40.858593999702471],[-96.891900999889742,40.858890999839169],[-96.892023000088471,40.858868000226138],[-96.89213100004352,40.858858999991391],[-96.892402000205152,40.858851999958937],[-96.892565000411778,40.858857999889722],[-96.892830999652247,40.858893000041448],[-96.893044000087571,40.858925999973458],[-96.893145000369913,40.858955000167761],[-96.893249999951905,40.858976000230228],[-96.893352999884073,40.859002000104297],[-96.893459000189281,40.859018999755087],[-96.893607000327279,40.859068999941712],[-96.893663000403777,40.859108999792021],[-96.893726999977886,40.859052000303699],[-96.893776000381692,40.859056000019109],[-96.893819000039386,40.859081999861715],[-96.893967000177383,40.859133000098325],[-96.894020999705759,40.859139000003644],[-96.894075000132418,40.859133000098325],[-96.894121999988101,40.859114000281181],[-96.894133999683646,40.859073999754472],[-96.894125000361129,40.859033999882982],[-96.894105000269661,40.858996000186508],[-96.894079000330379,40.858958999888969],[-96.894039000147401,40.85893099979701],[-96.893946000260982,40.858889999737968],[-96.89390899955275,40.858860000092996],[-96.893886999811457,40.858822000296762],[-96.893880000138751,40.858781000170254],[-96.893901000055152,40.858744999856015],[-96.893998000139533,40.85870699999375],[-96.894048000368244,40.858691999791816],[-96.894205999653678,40.858664000266366],[-96.894311999958887,40.858684999741719],[-96.894364999662344,40.858690999687667],[-96.89441800026411,40.858681000003962],[-96.894517999823222,40.858651000264331],[-96.894573999899706,40.85865299979443],[-96.894621999580281,40.858669000109693],[-96.894660000113419,40.858698999841174],[-96.894748999801891,40.858849999755371],[-96.894790999634679,40.858884999911318],[-96.894814000099231,40.858921000149522],[-96.894819999947003,40.858962000189329],[-96.894831999642562,40.859002000104297],[-96.894882999696193,40.859120000188284],[-96.894942999970638,40.859233999678267],[-96.895000999696975,40.859478000227732],[-96.895030999834191,40.859555999907542],[-96.895052999575512,40.859719999701184],[-96.895030999834191,40.860049000192213],[-96.895040999879953,40.860172000179126],[-96.895066999819207,40.860335999806416],[-96.895117000047918,40.860496000078854],[-96.895194999865723,40.860650000196834],[-96.895312999866505,40.860835000151951],[-96.895390999684309,40.860942999666484],[-96.895554999715841,40.861107000102379],[-96.895727999968202,40.861265999805873],[-96.895809999983967,40.86131999991315],[-96.895906000243428,40.861357000250649],[-96.896010000000516,40.861379999678782],[-96.896065000252094,40.861382999869477],[-96.896117999955536,40.86137600010376],[-96.896372000398742,40.861304000238242],[-96.896461000087214,40.861256999896902],[-96.896498999722056,40.861228000031048],[-96.896537000255208,40.861188000101556],[-96.896584000110849,40.860952999688124],[-96.896629000316707,40.860835000151951],[-96.896731000423955,40.860429999724545],[-96.896793000348239,40.860315000175056],[-96.89682500013528,40.860283999736545],[-96.896873999640775,40.860265000249612],[-96.896976999572928,40.860234999868545],[-96.897029000349775,40.860239000191932],[-96.897168000266959,40.860303999977305],[-96.897216999772439,40.860322000052953],[-96.89726799982607,40.860334999727051],[-96.897322000252743,40.86034299968204],[-96.897373000306374,40.860357000110483],[-96.897417999613907,40.860378999807203],[-96.897473999690391,40.860449999921215],[-96.897594000239309,40.860587000222715],[-96.897764000118627,40.860890000002208],[-96.897812999624108,40.860962999708264],[-96.897832999715604,40.861001999704378],[-96.897866000225875,40.861033999875637],[-96.897909999708489,40.861057000095379],[-96.898009000341006,40.861090000308046],[-96.89807000044037,40.861090000308046],[-96.898125999618543,40.86112000030181],[-96.898180000045215,40.861123999892335],[-96.898233999573591,40.861121999757422],[-96.898287000175344,40.86111299982889],[-96.898338000228975,40.861099000239655],[-96.898534999872467,40.861030999669183],[-96.898775000071993,40.86093599985427],[-96.898934000080644,40.86090799991856],[-96.899082000218655,40.860857999761343],[-96.899293000105843,40.860819999752493],[-96.899346999634204,40.86082099982454],[-96.899401999885782,40.860817000215704],[-96.899531999582123,40.86094900008726],[-96.899551999673591,40.860987000022149],[-96.899563000442569,40.861028000141957],[-96.899580000161009,40.861233999746659],[-96.899628999666504,40.86139399988803],[-96.899679999720121,40.861510999725574],[-96.899832000056094,40.861729999945965],[-96.899914999896751,40.861881999800417],[-96.899941999660953,40.861962000155806],[-96.899955000079729,40.862043999842349],[-96.899950000056876,40.862083999934285],[-96.899904999851017,40.862204000065205],[-96.899775999979596,40.862474999781632],[-96.899710999682284,40.862588000245843],[-96.899683999918096,40.862667999748524],[-96.899667000199656,40.862791000306935],[-96.89966499965152,40.862873000325898],[-96.899646000283255,40.862954000203466],[-96.899558000419717,40.863149000207024],[-96.899546999650738,40.863189000310982],[-96.899544000176007,40.863230999782694],[-96.899548000373954,40.863271999872183],[-96.899575999963062,40.863350999873546],[-96.899662000176775,40.863503000084108],[-96.899724999925965,40.86356900009374],[-96.899797999720903,40.863630999919323],[-96.899837000078975,40.863659000062604],[-96.90015000007341,40.863821999860981],[-96.900190000256373,40.863849999923517],[-96.900222999868348,40.863883000103336],[-96.90024499960964,40.863919999688363],[-96.900248999807602,40.863962000055267],[-96.900242999959829,40.864002999692218],[-96.900213999647519,40.864042999959722],[-96.900134000179889,40.864198000004023],[-96.900109000065527,40.864234000071939],[-96.900075999555256,40.864265000020431],[-96.899945000033995,40.864341000139497],[-96.899904999851017,40.864367999964131],[-96.899872000239071,40.864400999885845],[-96.899843999751653,40.86443699984342],[-96.899823999660185,40.864474999815187],[-96.89980299974377,40.864555999771603],[-96.899790000223305,40.864639000337064],[-96.899797999720903,40.864678000206695],[-96.899826000208307,40.864714000013691],[-96.899936999638072,40.864805999809029],[-96.900020000377069,40.864857999725459],[-96.900154000271371,40.864928999793605],[-96.900366999808398,40.865056000261511],[-96.900439999603321,40.865117000046588],[-96.900472000288687,40.865150000274454],[-96.900611000205856,40.86521399999009],[-96.900909000131691,40.865313999804094],[-96.901002999843016,40.865354999962733],[-96.901041000376182,40.865384000059592],[-96.901067000315436,40.865420000162231],[-96.901084000033862,40.86546000025325],[-96.901090999706582,40.865500000320154],[-96.901089000056743,40.865541999684993],[-96.901079000011009,40.865581999702378],[-96.901060999569339,40.865620999696041],[-96.901034999630085,40.865656999669795],[-96.900959000360416,40.86571400026758],[-96.900621000251604,40.865844999894151],[-96.900468999915631,40.865890999701556],[-96.900422999884881,40.865911000287198],[-96.90033900021929,40.86596400000969],[-96.900303000234302,40.865994999827684],[-96.900279999769737,40.866032000270849],[-96.900274999746884,40.866072999984965],[-96.900278000119926,40.866114999665754],[-96.900300999686138,40.866194999663463],[-96.900344000242171,40.866271000285053],[-96.900483000159355,40.866448000268363],[-96.900523000342318,40.866524999906176],[-96.900536999687688,40.866565000009111],[-96.900544000258705,40.866605000087937],[-96.900544000258705,40.866647000110667],[-96.900534000212957,40.866687000139919],[-96.900469999740551,40.866801000192673],[-96.900413999664053,40.866872000215707],[-96.900349000265052,40.866937000284871],[-96.900211000172774,40.867115999800681],[-96.900187999708237,40.867152000320424],[-96.900181999860465,40.867193999996275],[-96.900208999624638,40.867228999818984],[-96.900247999982696,40.867258999749389],[-96.900295999663285,40.867275999998256],[-96.9004029997934,40.867296000165602],[-96.900566000000012,40.867302000010817],[-96.900674999779952,40.867301000036669],[-96.900728000381719,40.867304999933232],[-96.900832000138791,40.86732800001321],[-96.90098600012459,40.867369000283574],[-96.901032999980259,40.867389999716345],[-96.901075999637953,40.867415999684141],[-96.901109999973144,40.86744800015309],[-96.901136999737318,40.867483999812997],[-96.901156999828814,40.867522000074366],[-96.901170000247603,40.867562000254416],[-96.901176999920295,40.867603999670187],[-96.901176999920295,40.867643999800713],[-96.901156999828814,40.867725999924801],[-96.901120000018878,40.867803000114613],[-96.901094999904529,40.86784000022687],[-96.900853999880113,40.868063999712383],[-96.900822999917963,40.868096999830328],[-96.90079600015379,40.868135999701515],[-96.900790000306003,40.868177000150936],[-96.900823999742869,40.868202999809782],[-96.900868000123808,40.868227000217345],[-96.901017000086711,40.868286999839576],[-96.901224999600871,40.868333999947204],[-96.901274000004676,40.86835099992016],[-96.901443000059075,40.868455000258784],[-96.90149199956457,40.868472000200661],[-96.901552999663934,40.868486000269343],[-96.901578999603188,40.868690999820529],[-96.901596000219939,40.868772000054776],[-96.901611000288568,40.868812000159032],[-96.901633000029875,40.868850000337645],[-96.901669000014877,40.868881000163285],[-96.901809999581886,40.868941999821622],[-96.901853000137905,40.868966999910391],[-96.901961000092925,40.869058999911147],[-96.902047000306652,40.869110999884548],[-96.902079000093721,40.869143000213718],[-96.902094999987227,40.869183000093855],[-96.902094999987227,40.869223999895048],[-96.90207499989576,40.869264999670804],[-96.902036000436013,40.869288999693453],[-96.901925999932828,40.869302000324801],[-96.901822000175756,40.869323999767509],[-96.901721999718333,40.86935599999368],[-96.901626000357183,40.869398000309566],[-96.901590000372167,40.869426999994552],[-96.901564000432913,40.869461999995657],[-96.901528000447897,40.869542000025739],[-96.901520000051974,40.869581999664909],[-96.901524000249935,40.869665000044833],[-96.901545000166337,40.869786999898793],[-96.901588999648951,40.869949000304011],[-96.901591000197087,40.869991000243758],[-96.901577999778297,40.870031000290943],[-96.901540999968361,40.870059999698697],[-96.901489999914745,40.870075000043258],[-96.901436000386397,40.870081000315984],[-96.901381000134791,40.870082000248196],[-96.901326999708118,40.870076999907795],[-96.901277000377718,40.870059999698697],[-96.901190000339085,40.870010000337118],[-96.901115999820917,40.86995100017235],[-96.900944000291787,40.86979200026105],[-96.900862000276021,40.869737000331057],[-96.900767999666385,40.869696000168247],[-96.900665999559124,40.869666999921748],[-96.900612999855682,40.869663000167861],[-96.900557999604104,40.869666999921748],[-96.900504999900633,40.869676000046454],[-96.900458999869883,40.869697000106214],[-96.900382999701904,40.869756999755104],[-96.90035599993773,40.86979200026105],[-96.900330999823382,40.869871999892474],[-96.900319000127809,40.869954999908899],[-96.90032400015069,40.870036999888399],[-96.900333000371504,40.870077999840063],[-96.900349000265052,40.870116999903082],[-96.900376999854132,40.870152000218781],[-96.9004510003723,40.870213000064865],[-96.900587999741333,40.870281000038595],[-96.900629999574122,40.870306000301078],[-96.900689000023661,40.870376000034852],[-96.900724000183757,40.870406999825391],[-96.900810000397485,40.870458000172292],[-96.900856000428249,40.870478999984087],[-96.900906999583569,40.870495000159643],[-96.900952999614319,40.870515000034047],[-96.900995000345432,40.870542000058663],[-96.901027999957378,40.870575000300278],[-96.901048000048846,40.870613000146399],[-96.901054999721566,40.87065399974145],[-96.901051000421916,40.870738000058424],[-96.901042000201073,40.870778000333701],[-96.901017000086711,40.870815000142237],[-96.900971999880881,40.870837999682301],[-96.900920999827264,40.870851000009516],[-96.900812999872215,40.870865000254504],[-96.900704999917195,40.870866000174878],[-96.900489000007127,40.870844999806565],[-96.900434999580455,40.870843999885878],[-96.900382999701904,40.870854999691645],[-96.900279999769737,40.870885000017161],[-96.900237999936962,40.870909000131931],[-96.900203999601771,40.870942000190638],[-96.900151999723249,40.871013999767513],[-96.9001359998297,40.871053999875997],[-96.900121999586005,40.871135999853088],[-96.900121999586005,40.871219000322903],[-96.900133000354984,40.871260000221966],[-96.900160000119158,40.871294000019581],[-96.900200000302135,40.871323000232785],[-96.90024499960964,40.871347000188791],[-96.900293000188526,40.871365999893044],[-96.900396999945613,40.871392000337579],[-96.900556999779184,40.871412999853099],[-96.90082799994083,40.871412999853099],[-96.900935999895864,40.871424000243628],[-96.900987999774415,40.871434999953031],[-96.901038000003112,40.871450999897576],[-96.901084999858782,40.871472000073673],[-96.901126999691584,40.871498999708095],[-96.901161999851681,40.871530000331404],[-96.90119199998891,40.87156499990018],[-96.901234999646618,40.871639999884231],[-96.901249999715219,40.871681000201846],[-96.901257000286236,40.871720999907431],[-96.901249999715219,40.871761000268101],[-96.901157999653734,40.871956000151911],[-96.901150999981013,40.871974999681406],[-96.908324999738923,40.871992999981458],[-96.908421999823304,40.871993999884744],[-96.910494999783651,40.871999000080372],[-96.910494999783651,40.872151000140697],[-96.910499999806518,40.87573999970683],[-96.910504999829385,40.878584999720573],[-96.910504999829385,40.879268999837933],[-96.910505999654305,40.879745000320504],[-96.910507000377521,40.880567000171524],[-96.910508000202441,40.880979999879287],[-96.910509999852266,40.882545999772553],[-96.910513000225308,40.884558999743128],[-96.910514000050227,40.88514800021165],[-96.910514999875133,40.885452999745553],[-96.910515999700038,40.88647600007782],[-96.91052200044615,40.892277999796754],[-96.910524999920867,40.894381999675872],[-96.910526999570706,40.896388000033461],[-96.910529999943734,40.899006000152681],[-96.910531999593573,40.900979000159062],[-96.910534000141695,40.90307799976388],[-96.910534000141695,40.903358000169533],[-96.910534999966615,40.904407999789562],[-96.910535999791534,40.905073000296014],[-96.910544000187443,40.914240999687529],[-96.910545000012362,40.915487000136231],[-96.910548000385418,40.917836000165536],[-96.910550999860135,40.919808999757414],[-96.910555000058096,40.922565000069156],[-96.910558000431152,40.924699999770141],[-96.910558000431152,40.924933000321111],[-96.910558000431152,40.925037999759077],[-96.910560000080977,40.926213999984782],[-96.91056500010383,40.929890999939026],[-96.911421000246506,40.929869999978138],[-96.912349000359185,40.929883000245574],[-96.91310599986933,40.92988899984605],[-96.913471999567236,40.929895999831771],[-96.913894000239935,40.929904000202342],[-96.915014999798146,40.92988899984605],[-96.915798999970789,40.929902999816683],[-96.916142999927374,40.929909000094099],[-96.916435999830327,40.929914999692215],[-96.917357000270314,40.92991600007764],[-96.918297999903487,40.929948000187046],[-96.919734999829203,40.929962999851227],[-96.920595000169811,40.929962000145167],[-96.921602999750107,40.929976999806186],[-96.923413999769636,40.929985999872621],[-96.924570000386282,40.930006999796646],[-96.9258530003262,40.930015999858995],[-96.92685000003587,40.930033000275067],[-96.927666999820445,40.930033999980004],[-96.928264000395345,40.930036999773485],[-96.929215999899171,40.930047000215183],[-96.929473999642028,40.930038999861978],[-96.929651999917255,40.930033999980004],[-96.929702999970885,40.930034999684985],[-96.929706000343927,40.929985000166958],[-96.929702999970885,40.92987499987246],[-96.929694999574963,40.929814999758051],[-96.92970100032106,40.929042999895628],[-96.929709999643578,40.92855699983425],[-96.929694999574963,40.928214000178109],[-96.929691000275326,40.927465999899759],[-96.929688999727176,40.927036000071737],[-96.929682000054484,40.926440000276493],[-96.929678999681428,40.926159000115199],[-96.929678999681428,40.925382999840522],[-96.929677999856537,40.923772999888762],[-96.929670000358925,40.922841000153475],[-96.929660000313177,40.921918999807254],[-96.929670000358925,40.920401000218575],[-96.929687000077351,40.919257000265198],[-96.929686000252445,40.918347000094066],[-96.929697999948004,40.916369999983033],[-96.929688999727176,40.915692999981346],[-96.929689999552082,40.915645000318648],[-96.929692999925152,40.91555100005796],[-96.92965500029031,40.913588999811999],[-96.929656999940136,40.911524999978809],[-96.929651000092349,40.90948499991093],[-96.929626999802892,40.908457000125352],[-96.929644000419643,40.90566200010683],[-96.929656999940136,40.904478000122062],[-96.929647999719293,40.903349999980406],[-96.929647999719293,40.903210999679992],[-96.929646999894373,40.902178000179241],[-96.929651999917255,40.901198000192196],[-96.929657999765027,40.901023999853017],[-96.930226999852522,40.901019999956873],[-96.930894999674209,40.901021000100705],[-96.93182699998485,40.901022999709276],[-96.932344000193794,40.901023999853017],[-96.932952999565941,40.901035000075311],[-96.934101999611556,40.901036999683456],[-96.934968999624871,40.901042999865474],[-96.935432000305454,40.901057999978697],[-96.936146000157891,40.901060999729317],[-96.936362000067959,40.90105599969219],[-96.936680999910195,40.901046999760219],[-96.937664000274452,40.901047999903597],[-96.938356000385596,40.901032000323504],[-96.940968000296195,40.901050000190338],[-96.941180999833207,40.901049000046953],[-96.942397999650893,40.90104000011403],[-96.943760999956751,40.901054000084613],[-96.94464100038887,40.90105599969219],[-96.945796000282286,40.901047999903597],[-96.947127999727684,40.901047999903597],[-96.948710000316666,40.901064000158804],[-96.949862999661917,40.901074999695453],[-96.950923999843994,40.901074999695453],[-96.951066000134233,40.901084000302653],[-96.951615000130218,40.901079000267266],[-96.952410000173515,40.901070000338379],[-96.953097000261778,40.901075999838461],[-96.953488999898937,40.901079000267266],[-96.953770000106331,40.901082000016928],[-96.955108000297827,40.901078000124308],[-96.955959000417636,40.901087000052108],[-96.956197999893931,40.901089999801414],[-96.957002000158042,40.901084999766475],[-96.962441000064388,40.90110300029788],[-96.96342799972831,40.901106000046468],[-96.964243999687994,40.901108999794921],[-96.964493000108348,40.901109999937404],[-96.96601000039999,40.901095999978629],[-96.967160000270525,40.901098000263929],[-96.967862000427388,40.901104999903978],[-96.967862000427388,40.901031000179835],[-96.967847000358773,40.900910999809007],[-96.96782499971917,40.90059100001892],[-96.967828999917131,40.899492999706098],[-96.967829999742037,40.899239999774906],[-96.96783700031304,40.898258000021123],[-96.967857000404535,40.897420000132669],[-96.967821000419519,40.896697999732396],[-96.967828999917131,40.895586999765058],[-96.967835999589823,40.8950439997869],[-96.967827000267306,40.894376000247703],[-96.967827000267306,40.893436999851673],[-96.967812000198677,40.892188000022834],[-96.967803999802769,40.890934000260032],[-96.967803999802769,40.89035899987617],[-96.96780499962766,40.88966099993894],[-96.967806000350905,40.888325000184203],[-96.967807000175824,40.88814299994872],[-96.967797999954982,40.887651000000659],[-96.967802999977849,40.887108000085021],[-96.967808999825635,40.886908000262729],[-96.967268000225545,40.886849999895603],[-96.965615000389789,40.886703999753394],[-96.964693000124882,40.886645000204595],[-96.964061000288211,40.886617000273681],[-96.962943000204731,40.886575999698643],[-96.962487000095152,40.886570999924906],[-96.959897999750766,40.886547999738539],[-96.958854000185454,40.886551000147143],[-96.958196000409487,40.886553999876533],[-96.956739000392304,40.886542000279157],[-96.954735999853838,40.886532999730775],[-96.953517000386341,40.88653499977729],[-96.951262999777725,40.886525999907121],[-96.950231999732864,40.886536000140076],[-96.948629000125806,40.88652399986033],[-96.948658000438115,40.885589000235761],[-96.948687999677034,40.884204999695214],[-96.94869100005009,40.884055000266407],[-96.948694000423131,40.883719000067622],[-96.948682999654167,40.883187000282675],[-96.948676999806381,40.88247399983279],[-96.948690000225184,40.881809000337604],[-96.948686999852143,40.881011000138201],[-96.948701000095838,40.878948999963804],[-96.948682999654167,40.878182000148662],[-96.948667999585552,40.876177999728583],[-96.948670000133689,40.875914999822811],[-96.948675000156555,40.875272999675367],[-96.948659000263035,40.873934999755946],[-96.948656999714899,40.873134000068902],[-96.948661999737752,40.872084999853463],[-96.951781999636481,40.87208700033657],[-96.958419999817181,40.872091999845885],[-96.963123999954703,40.872095000230594],[-96.967722999611922,40.872097999935832],[-96.967716999764122,40.870944000028977],[-96.967748999551176,40.869125999764826],[-96.967753999574057,40.868365999972539],[-96.967756999947099,40.867877000318451],[-96.96776100014506,40.867053999841005],[-96.967763999619791,40.866348000128667],[-96.967773999665539,40.865810000019309],[-96.96779200010721,40.864858999736491],[-96.967802000152943,40.863940000189942],[-96.96780499962766,40.863660000091791],[-96.967801000328024,40.862259000137414],[-96.967812000198677,40.861669999817991],[-96.967860999704186,40.859250999948955],[-96.967849999833518,40.857750999719443],[-96.967853000206574,40.85767000027321],[-96.967854999856399,40.857601000138345],[-96.967840999612676,40.857429999671709],[-96.967813999848502,40.852111999944739],[-96.967801000328024,40.850942000207247],[-96.967798999779887,40.850602999789139],[-96.96779100028229,40.849404000300133],[-96.967807000175824,40.848479999762439],[-96.967802000152943,40.847645000320199],[-96.967797999954982,40.845075999940264],[-96.967808000000716,40.844337999672611],[-96.96780499962766,40.844165999987418],[-96.967788999734154,40.843334000202155],[-96.967794999581926,40.843129000320829],[-96.967958999613472,40.84313100031941],[-96.968700000128408,40.843125000323454],[-96.969722999777318,40.843129000320829],[-96.971204000083958,40.843129000320829],[-96.974230000271348,40.843121999985478],[-96.979382000122541,40.843131999978901],[-96.980706000070342,40.843147999965161],[-96.981127000019811,40.843149999963209],[-96.981616999566256,40.843129999980306],[-96.984333000132253,40.843165000286213],[-96.985499999721213,40.843181000264565],[-96.986570999949038,40.843187999914036],[-96.986622000002654,40.843187999914036],[-96.987181000044401,40.84319199990761],[-96.987653000047501,40.84319500024241],[-96.988757999712192,40.843191000249028],[-96.989315000104099,40.843193999904329],[-96.990326999882384,40.843201000232028],[-96.991568999814419,40.843203999886839],[-96.993671999911996,40.843219000197614],[-96.99455300016902,40.84321500020571],[-96.995065000355098,40.843211999871812],[-96.996245000362848,40.843227999838817],[-96.997293000126135,40.843225000185043],[-96.99916900044299,40.843243000144156],[-97.000203999787473,40.843239000153659],[-97.001075999823669,40.843239000153659],[-97.001923999570394,40.843247999792112],[-97.003161000377887,40.843241000148915],[-97.00364300042672,40.843243000144156],[-97.004139999645886,40.843245999797062],[-97.005188000307484,40.843239999811523],[-97.00602299963542,40.843243999801906],[-97.006031000031342,40.842745999818149],[-97.006036999879129,40.841500000114003],[-97.006020999985608,40.840970999977252],[-97.006056999970625,40.839558000028916],[-97.006060000343652,40.839210000314758],[-97.006061999993477,40.838935000324312],[-97.006072000039225,40.837523000214738],[-97.006075000412267,40.837060999946189],[-97.006081000260068,40.836038999796266],[-97.006086000282934,40.835316000233092],[-97.006101000351549,40.834180000106258],[-97.006108999849161,40.833238000097722],[-97.006117000245069,40.832185000153075],[-97.006143000184338,40.830461999995663],[-97.006163000275819,40.828732999986961],[-97.006193000413063,40.827121999726522],[-97.006205999933528,40.825653999781181],[-97.006256999987158,40.823754999760851],[-97.006256000162239,40.823341000117743],[-97.006252999789197,40.822396999808745],[-97.00626100018512,40.821715000335146],[-97.006246000116505,40.821399999680025],[-97.006245000291585,40.821133999835013],[-97.006243999568355,40.820869000278051],[-97.006242999743449,40.820444000278755],[-97.006275000428829,40.819038000119768],[-97.006267999857812,40.81839099988872],[-97.006262000010025,40.817794000202497],[-97.00626100018512,40.817217000230535],[-97.006288999774213,40.815330000260161],[-97.006282000101507,40.814309999849414],[-97.006284999576252,40.8142210002555],[-97.006287000124374,40.814148000048725],[-97.006270000405948,40.81345599967792],[-97.006284999576252,40.812575000230638],[-97.006266000207987,40.811387999878448],[-97.006262000010025,40.810726999795378],[-97.0062600003602,40.81041999985748],[-97.00623100004789,40.807946000197227],[-97.006221000002142,40.807434999730518],[-97.006217999629101,40.806792000041817],[-97.006215000154356,40.806408000205643],[-97.006201999735552,40.805647999744714],[-97.006196999712699,40.804785000181511],[-97.006201999735552,40.803792999775688],[-97.00619599988778,40.803044999735334],[-97.00617900016934,40.802567999994785],[-97.006183000367315,40.801604999899844],[-97.006173000321553,40.800613999865185],[-97.006163000275819,40.799688000066034],[-97.005784000159139,40.799686000117099],[-97.00394600037545,40.799691999963713],[-97.002726000184694,40.799675999691551],[-97.001986000393003,40.799671999792956],[-97.001239000030282,40.799678000320824],[-97.000346000077712,40.799667999894062],[-96.999310999834904,40.799663999994983],[-96.998865999595964,40.799652000296199],[-96.998540000081036,40.799654999881092],[-96.998068999902856,40.79966599994453],[-96.99671099961985,40.799656999830908],[-96.995783000405495,40.799660000095614],[-96.99469499956092,40.799641000230395],[-96.993880000324467,40.799636000014438],[-96.992970999580038,40.799624999945983],[-96.991988999938997,40.799617999777844],[-96.991337000010844,40.799630000162765],[-96.989250999631707,40.799622999995151],[-96.988524000258764,40.799609999973313],[-96.988268999990652,40.799613000240143],[-96.987369000365376,40.799622999995151],[-96.986997999746308,40.799619999728776],[-96.985836000180186,40.799611000288955],[-96.984333999957158,40.799611000288955],[-96.983644000394165,40.799615000191274],[-96.982784999878461,40.799596000313173],[-96.981949999652201,40.799613999875703],[-96.98091899960734,40.799600999852103],[-96.979732999751803,40.799609000337696],[-96.978689000186492,40.799594999997311],[-96.97767300021026,40.799596999948989],[-96.976499999875188,40.799589999777893],[-96.975559000242029,40.799593000045569],[-96.97406399969168,40.799581000333959],[-96.973103999791945,40.799587000190058],[-96.971828000423031,40.799585000238082],[-96.971255999962509,40.799598000264822],[-96.970306000108508,40.799581999969995],[-96.967945000268088,40.799574000161179],[-96.967956000138742,40.7983550000043],[-96.967944000443168,40.797359999692887],[-96.967931000024365,40.797270999806344],[-96.967950000290941,40.796213000290507],[-96.967947999742805,40.79496400029926],[-96.967937999697071,40.794163000079138],[-96.967951999940766,40.793066999910423],[-96.967948999567724,40.790503000271144],[-96.96793299967419,40.789203000049248],[-96.967936999872165,40.788115000132684],[-96.967937999697071,40.787990000122704],[-96.967927999651337,40.786926999806631],[-96.967921999803536,40.786268999788518],[-96.967915000130844,40.785440000251882],[-96.967919000328806,40.785098000009839],[-96.967912999582708,40.784481999951957],[-96.967922999628456,40.782522999925931],[-96.967917999605575,40.781745999704228],[-96.967925000176578,40.781512999760601],[-96.967929000374539,40.781383999927847],[-96.967987000100877,40.781136999923319],[-96.968054999872919,40.780946999713429],[-96.968151000132394,40.780805999757639],[-96.968234999797971,40.78070700024665],[-96.968371000240424,40.780575999684409],[-96.968505000134726,40.780487999670498],[-96.968721000044795,40.780386999835493],[-96.969112999681954,40.780227000072102],[-96.9691789998042,40.780199999984745],[-96.969730000348335,40.780008999884771],[-96.970511000147923,40.779699000227225],[-96.97127600005399,40.779378999721573],[-96.971784000042106,40.779183000266158],[-96.972144999717131,40.779041000021756],[-96.972954999829028,40.778706999764026],[-96.973640000267466,40.778443000107174],[-96.975135999744396,40.777826000265435],[-96.975478999876074,40.777664999809318],[-96.975929999962801,40.777487000177594],[-96.976216000193062,40.777339999854668],[-96.976472000286094,40.777190999940387],[-96.976607000005302,40.777056000026249],[-96.976669999754492,40.77696100027493],[-96.976808999671675,40.776721000011634],[-96.976935999893271,40.776441000195874],[-96.977299000116432,40.77564300033486],[-96.977479999866404,40.775278999947894],[-96.977669999837218,40.774915000287713],[-96.977864000005965,40.774594999866075],[-96.977899999990967,40.774535999798637],[-96.978093000334823,40.774300999701843],[-96.978173999627359,40.774219000326418],[-96.978247000320607,40.774170000112086],[-96.97838100021491,40.774114999745159],[-96.978481999598912,40.774083999815169],[-96.978619999691205,40.774067000154602],[-96.978658000224357,40.774066000134418],[-96.978771000202258,40.77406500011422],[-96.979266999596476,40.774132000073742],[-96.9801329997849,40.774231999877443],[-96.980429999885814,40.774260999703955],[-96.981203000187804,40.77428900018122],[-96.984831000074621,40.774281000046059],[-96.987284999801474,40.77429899966851],[-96.988356000029285,40.774323000064641],[-96.990146000132412,40.774348999803642],[-96.991708999556508,40.774390999779236],[-96.994731000444247,40.774406000007076],[-96.995790000078173,40.774407000022144],[-96.997444999563768,40.77441400012718],[-96.998670999602297,40.77441200009725],[-96.999944000394791,40.774415000142135],[-97.001389999643024,40.774401999946612],[-97.002768999842417,40.774407000022144],[-97.004060000178242,40.774402999961787],[-97.005270000323236,40.774389999763933],[-97.006144999834177,40.774390999779236],[-97.006288999774213,40.774393999825065],[-97.006292999972175,40.774279000012115],[-97.006286000299482,40.774070000215062],[-97.006287000124374,40.773221000148347],[-97.006299999644867,40.771829999675255],[-97.006330999607002,40.770275999871501],[-97.006369999965059,40.767511999676664],[-97.006369000140154,40.766678000109607],[-97.006368000315234,40.766186999780253],[-97.006395000079422,40.765105000023077],[-97.006395000079422,40.765083000010009],[-97.006407999599887,40.7640429996816],[-97.006409000323131,40.763051000187616],[-97.006426999866463,40.761721999660473],[-97.006420000193785,40.760289000009827],[-97.006410999972942,40.758916000034233],[-97.006432999714249,40.75838700000245],[-97.006414000345998,40.756232999900142],[-97.006417999645635,40.755955999686655],[-97.006416999820729,40.755692000136001],[-97.006414000345998,40.755036000280853],[-97.006417999645635,40.754881999843526],[-97.006435000262371,40.754220999928798],[-97.006426999866463,40.752515000276361],[-97.006436999912211,40.750589000264938],[-97.006442999759997,40.750052000335202],[-97.006460000376748,40.748578000034101],[-97.00646799987436,40.747352999824386],[-97.00645100015592,40.744974000331034],[-97.006447999782864,40.743711000014187],[-97.006477999920094,40.742419999934626],[-97.006463999676399,40.741673999795637],[-97.006465000399615,40.74084199970514],[-97.006478999744999,40.739645999889966],[-97.006481000293149,40.73862099993093],[-97.006492000163789,40.738277999773857]]]},"properties":{"AREALAND":143910185,"AREAWATER":1883337,"BASENAME":"68423","CENTLAT":"+40.8010838","CENTLON":"-096.9511974","FUNCSTAT":"S","GEOID":"68423","HU100":441,"INTPTLAT":"+40.8074772","INTPTLON":"-096.9574496","LSADC":"Z5","MTFCC":"G6350","NAME":"ZCTA5 68423","OBJECTID":3408,"OID":"221704258328030","POP100":1007,"ZCTA5":"68423","ZCTA5CC":"B5"}},{"type":"Feature","id":3581,"geometry":{"type":"Polygon","coordinates":[[[-96.644213000209575,40.857984999828048],[-96.644223000255337,40.85786600032327],[-96.644126999995848,40.857244000272026],[-96.644075000117311,40.857132999778749],[-96.644126999995848,40.857105000273776],[-96.644092999660657,40.856160000189028],[-96.644152000110196,40.856066999790698],[-96.644091000010832,40.856099999771629],[-96.644092999660657,40.855972000330297],[-96.64412000032317,40.854393000191997],[-96.64412000032317,40.853848999751094],[-96.644121000148061,40.852806000285355],[-96.644121999972981,40.851763000028349],[-96.644121999972981,40.851489000014865],[-96.644121999972981,40.851265999725499],[-96.644122999797887,40.850367999876468],[-96.644123999622806,40.84959499981548],[-96.644123999622806,40.84922999967894],[-96.644125000346023,40.848635000210031],[-96.644126000170942,40.847592000209652],[-96.644126999995848,40.846547999814234],[-96.644127999820768,40.846200000104744],[-96.644127999820768,40.845534999840027],[-96.644128999645673,40.844548000121215],[-96.644130000368904,40.843560000321055],[-96.644131000193795,40.842564000001204],[-96.642818999941568,40.842557999953925],[-96.642818999941568,40.841281999984567],[-96.644132000018715,40.841279999930194],[-96.644132000018715,40.840551999910886],[-96.644132000018715,40.840291999665212],[-96.644132000018715,40.83930299990751],[-96.644132999843634,40.838285999683912],[-96.644132999843634,40.837658000188426],[-96.644132999843634,40.837269999916302],[-96.644133999668554,40.836280999926764],[-96.644133999668554,40.835286000109065],[-96.642931000094549,40.835277999847129],[-96.642822000314609,40.835277999847129],[-96.641737999668024,40.835271000041942],[-96.640545999964687,40.835264000236002],[-96.639353000436458,40.835256999749674],[-96.638919000068185,40.835253999735215],[-96.63816099983481,40.835249000163898],[-96.637795000136904,40.835246000149084],[-96.637807999657397,40.834882000287891],[-96.636968000306567,40.834867999913484],[-96.636858999628316,40.834865999665531],[-96.636858999628316,40.834744999846706],[-96.635774999880013,40.834741000023094],[-96.635774999880013,40.835096999695033],[-96.635691000214436,40.835095999914358],[-96.635302999876913,40.83509399967334],[-96.635301000227088,40.834824999667426],[-96.635102000035474,40.834823999882644],[-96.635102000035474,40.83479700025093],[-96.634866999858829,40.834795000000831],[-96.634859000361217,40.835228000057263],[-96.634564999735034,40.835227000278557],[-96.634564999735034,40.834927999846649],[-96.634447999559157,40.834932000338654],[-96.634120000394432,40.834930000092683],[-96.634122000044243,40.834744000060766],[-96.633759999645989,40.834741999809076],[-96.633758999821083,40.834924999817311],[-96.633217000396087,40.834921999787774],[-96.633109000441067,40.834917999974799],[-96.632675000072794,40.83490100025724],[-96.632459000162726,40.834735999733425],[-96.63180899988437,40.83472800008478],[-96.631125000169163,40.834718999969184],[-96.631104000252776,40.835206000165009],[-96.630481999563528,40.835201999689495],[-96.630432000233142,40.835201999689495],[-96.630383999654242,40.835201999689495],[-96.629915000024184,40.83519799989341],[-96.629923000420106,40.834696000121262],[-96.629171000034532,40.834692000294645],[-96.629063000079483,40.834705000240028],[-96.62895400029953,40.834718000182811],[-96.628232000051185,40.834715000143952],[-96.62821600015765,40.835187000283028],[-96.627739999956589,40.835185000044753],[-96.627426999962154,40.835182999806378],[-96.627437000007887,40.834711000318492],[-96.626533000184651,40.83470600002655],[-96.626425000229631,40.834705000240028],[-96.625077999817265,40.834699000160967],[-96.625076000167454,40.834778000251724],[-96.624958000166686,40.834778000251724],[-96.624297000017691,40.834779999822651],[-96.624297000017691,40.834683999961072],[-96.621805999582591,40.834696000121262],[-96.621805999582591,40.834724000260096],[-96.621805999582591,40.834814999780086],[-96.621160000400536,40.834873999977205],[-96.620817000268858,40.834905999854797],[-96.620818999918683,40.835055999839732],[-96.620719000359571,40.835200000131294],[-96.620170000363586,40.835203999927266],[-96.62024399998343,40.835111999801484],[-96.620247000356471,40.834899000010331],[-96.620217000219228,40.83480499989124],[-96.619816000361254,40.834693999868172],[-96.61945099958993,40.834696999907969],[-96.619380000343142,40.834889000134154],[-96.6193769999701,40.835117999843163],[-96.619091999564745,40.835120000083457],[-96.619012000097129,40.83521200019814],[-96.617822000043617,40.835221000246797],[-96.617471000414326,40.835222999804373],[-96.617479999736858,40.834711000318492],[-96.615799000311981,40.834724000260096],[-96.615799000311981,40.835236000325239],[-96.615436999913754,40.835238999660845],[-96.615436999913754,40.835138000204601],[-96.615436999913754,40.834917999974799],[-96.615328999958706,40.834917999974799],[-96.615159000079387,40.834918999758166],[-96.614897999963489,40.834921000004513],[-96.614897000138583,40.83484400033278],[-96.614136000430463,40.834848000150217],[-96.613661000054321,40.834854000215792],[-96.612767000276818,40.834860000280777],[-96.612197000364418,40.834858000032575],[-96.611682999630204,40.834855999784381],[-96.611684000353435,40.834923000250761],[-96.611178000015144,40.834917999974799],[-96.611183000038011,40.835270000263883],[-96.609582999905683,40.835282000318045],[-96.608607000112428,40.835289000122074],[-96.607716999634576,40.835295000147688],[-96.60593300027756,40.835307999974773],[-96.605585000123,40.835304000185133],[-96.604042999716981,40.835289000122074],[-96.604039000417345,40.834587000172121],[-96.603985999815578,40.834580000293975],[-96.603943999982775,40.834552000094327],[-96.603916000393696,40.83452099983522],[-96.603916000393696,40.834494999869804],[-96.60383799967758,40.834493000290287],[-96.603771999555335,40.834491000031072],[-96.603658999577434,40.834488999771793],[-96.603580999759615,40.834487000192091],[-96.603492999896076,40.834484999932691],[-96.603396999636615,40.834482999673185],[-96.603196999620067,40.834484000142787],[-96.603098999710781,40.834484000142787],[-96.602916000310998,40.834482999673185],[-96.6027620003252,40.834482999673185],[-96.602695000378048,40.834482999673185],[-96.602629000255817,40.834482999673185],[-96.602563999958477,40.834484000142787],[-96.602486999965592,40.834484000142787],[-96.602390999706145,40.834484999932691],[-96.602286000124138,40.834484000142787],[-96.602178999994024,40.834482999673185],[-96.60207100003899,40.834481000093348],[-96.60196100043413,40.834478999833777],[-96.601847999557904,40.834475999784061],[-96.601732000105272,40.834474999994072],[-96.601613000279599,40.834474999994072],[-96.601491999905761,40.834474999994072],[-96.601371000430248,40.834474000204011],[-96.60125300042948,40.834471999944171],[-96.601137999903443,40.834471000154124],[-96.601025999750433,40.834468999894192],[-96.600916000145588,40.834468999894192],[-96.600807000365634,40.834468000104096],[-96.600697999687384,40.834467000313936],[-96.600594999755216,40.834464000263729],[-96.600475000104623,40.834465000053882],[-96.600138999645651,40.834459999743437],[-96.600029999865697,40.834459999743437],[-96.599925000283704,40.834459999743437],[-96.599820999628335,40.834458999953149],[-96.599721000069209,40.834458000162854],[-96.599622000335003,40.834458000162854],[-96.599522999702501,40.834458000162854],[-96.599504000334235,40.834458000162854],[-96.599505000159141,40.834507000064256],[-96.599502999611005,40.834577000248885],[-96.59950099996118,40.834648000147055],[-96.599499000311368,40.834721000221521],[-96.599497999588138,40.834792999750732],[-96.599497999588138,40.834864000097248],[-96.599496999763218,40.834930000092683],[-96.599495999938327,40.834992000213894],[-96.599495999938327,40.835048000229712],[-96.599497999588138,40.835136999744883],[-96.599504000334235,40.835194999876286],[-96.599509000357102,40.835246999927499],[-96.598567000000713,40.83523799988231],[-96.596873999981966,40.835222000025588],[-96.596334000206809,40.835216999772243],[-96.596274999757256,40.835215999993373],[-96.59587700027231,40.835212999977067],[-96.594307000277226,40.83519799989341],[-96.594320999622596,40.83438000016195],[-96.592242999639367,40.834360000251515],[-96.592229000293983,40.835178000229696],[-96.590415999726332,40.835160999899131],[-96.586801000258291,40.835126999904595],[-96.586771000121075,40.837716000153115],[-96.586741999808751,40.840082000003065],[-96.586715000044563,40.842420999745947],[-96.583576999704206,40.842347000324324],[-96.581933999914156,40.842308000219411],[-96.581902999952021,40.845767999985043],[-96.581866999967005,40.849852000226342],[-96.581912999997769,40.84985400002207],[-96.586648999922332,40.850042999809368],[-96.586634999678623,40.851558999932628],[-96.586581999975181,40.857213999881608],[-96.567552000063188,40.85640999998423],[-96.567506000032438,40.87086299973447],[-96.586561999883699,40.870983000261162],[-96.586418999768554,40.88541500026772],[-96.586418999768554,40.885759999981133],[-96.589408999970928,40.884189999835542],[-96.60077800005331,40.878239000152838],[-96.600860999893996,40.878194999713052],[-96.602891000196635,40.877120999822395],[-96.603025000090952,40.877200000282883],[-96.603329999689464,40.877521000281249],[-96.603399000184751,40.877593000175061],[-96.603478999652381,40.877653000139972],[-96.603584000132685,40.877709999920427],[-96.603733000095588,40.877750999875119],[-96.603914999670479,40.877776999849807],[-96.60429600033531,40.877799999688307],[-96.604763000315529,40.877802999814293],[-96.604945999715326,40.877812000191511],[-96.60508299998267,40.87782899976856],[-96.605181999716862,40.877854999712611],[-96.605297000242913,40.877901000006602],[-96.605409000395895,40.877967999742722],[-96.605492000236595,40.87805300010104],[-96.605539999917156,40.878122999794776],[-96.605574000252361,40.878210000252167],[-96.605595999993668,40.878335000084633],[-96.605581999749958,40.878493000051272],[-96.605457000076484,40.879948999867558],[-96.605430000312296,40.88073400022391],[-96.605404000373042,40.881953999980105],[-96.605399000350161,40.882194999751057],[-96.605400000175081,40.882803000022264],[-96.605364000190065,40.884654000304707],[-96.605355999794128,40.88503899971888],[-96.605354000144317,40.885144000034735],[-96.605233999595413,40.885134999975392],[-96.605226999922721,40.885547000004351],[-96.605345999748394,40.88557100023688],[-96.607485999655893,40.885578999859703],[-96.607620000448506,40.885508999901383],[-96.60780700004625,40.885425999689865],[-96.608053999918468,40.885340000269217],[-96.608320999882153,40.885265999888553],[-96.608586000196027,40.885220999662479],[-96.608747999679437,40.885208999823384],[-96.608889000144742,40.885208999823384],[-96.608965000312708,40.885210000206257],[-96.609073000267742,40.885217999872673],[-96.609285999804754,40.885249000184047],[-96.609719000348122,40.88527299984549],[-96.610040999665074,40.885309999702677],[-96.610203000046781,40.885309999702677],[-96.610527999736803,40.885290999925431],[-96.61069000011851,40.885293999711877],[-96.611014999808518,40.885313999869567],[-96.611502999705152,40.885327000070667],[-96.611702999721686,40.885322999904567],[-96.612388999985043,40.885274999930083],[-96.61266000014669,40.88528800013885],[-96.613093999616638,40.885318999738224],[-96.613255000173453,40.885329999855486],[-96.613307999876895,40.885329999855486],[-96.613363000128473,40.885329000153632],[-96.613846000002241,40.885274999930083],[-96.614437999655948,40.885219000255411],[-96.614918999879876,40.885158999678175],[-96.615026000010005,40.885141000241489],[-96.615241999920073,40.885128999708741],[-96.615350999700013,40.885127000298887],[-96.61556400013535,40.885153999797424],[-96.616173000405794,40.885247999801763],[-96.616441000194399,40.885277000014604],[-96.61753199961538,40.885290999925431],[-96.61795799958773,40.885228000303336],[-96.618362999643693,40.885208999823384],[-96.618724000217028,40.885226000217322],[-96.618885999700439,40.885224000131245],[-96.619156999862085,40.885210999909908],[-96.619481999552093,40.885212000292704],[-96.620402999992081,40.885173000293108],[-96.620942999767237,40.885132000181684],[-96.621213999928898,40.885132000181684],[-96.621538999618906,40.885150000300023],[-96.622613000219758,40.885263999803684],[-96.623110000337235,40.885308000298302],[-96.623205999698399,40.885322000202557],[-96.62400900013759,40.885413000187356],[-96.624225999872579,40.885418999749099],[-96.624333999827613,40.885413999887994],[-96.6244950003844,40.885391999679584],[-96.624516000300787,40.885386999816376],[-96.624770999670616,40.885329000153632],[-96.624911000311002,40.885297999879732],[-96.62501900026605,40.885290999925431],[-96.625290000427697,40.885288999841322],[-96.625568000262035,40.885160000061759],[-96.625616999767544,40.885143000330018],[-96.625668999646066,40.885130000092822],[-96.625723000072753,40.885130999797681],[-96.625735999593218,40.885132000181684],[-96.625776999601101,40.885137000064148],[-96.625940999632633,40.885173000293108],[-96.625991999686249,40.885189000313176],[-96.6260439995648,40.885196999982163],[-96.626206999771398,40.885199999772873],[-96.626578000390495,40.885263000100785],[-96.626950999761092,40.885313999869567],[-96.62711399996769,40.885322999904567],[-96.627166999671161,40.885320000119393],[-96.627221999922739,40.885311000083973],[-96.627272999976341,40.885302000047346],[-96.627375000083617,40.88527299984549],[-96.627519999848573,40.885215999786354],[-96.627572999552001,40.885210000206257],[-96.627734999933722,40.885226000217322],[-96.627996000049635,40.88528300026779],[-96.628104000004654,40.885292000307011],[-96.628211999959689,40.885293000009483],[-96.628591000076383,40.88526700027051],[-96.628914999941486,40.885249000184047],[-96.62924100035471,40.885254000057621],[-96.629282000362593,40.885249999887108],[-96.629509999968235,40.885233999881855],[-96.629944000336508,40.88522499983474],[-96.630052000291542,40.885233000178495],[-96.630157999698426,40.885249999887108],[-96.63031300040744,40.885290000222938],[-96.630366000110882,40.885297999879732],[-96.630419999639244,40.885299999963564],[-96.630474000065931,40.885295999795829],[-96.630629999701526,40.885261999718765],[-96.630730999983882,40.885231000092638],[-96.630837000289091,40.885212000292704],[-96.631480999821321,40.885141999946185],[-96.631801000386787,40.885095999930414],[-96.631909000341821,40.885091000044859],[-96.632064000152511,40.885130000092822],[-96.632116999855967,40.885137999768908],[-96.632224999811001,40.885141000241489],[-96.632388000017599,40.885134000270533],[-96.632981000394537,40.885084000068659],[-96.633296999863717,40.885026999846794],[-96.633778999912565,40.884966000067308],[-96.633993999997713,40.884943999709904],[-96.634152000181487,40.884915999738446],[-96.634830000048879,40.884767999983616],[-96.635139999670301,40.884692999930998],[-96.635353999930544,40.884662999750311],[-96.635677999795632,40.884643999787308],[-96.636328999898893,40.883992999868909],[-96.638782999625732,40.883624000201401],[-96.642184999556761,40.882940000262927],[-96.642875999842985,40.882800999862965],[-96.643049000095345,40.882810999979682],[-96.643048000270426,40.882742999971313],[-96.643051999570076,40.87857099974962],[-96.642146000097014,40.878566999854407],[-96.642124000355707,40.876211999717654],[-96.642170000386457,40.874960999729815],[-96.642184999556761,40.874838000039531],[-96.642222000264994,40.874760999879605],[-96.64229199968689,40.871333000045674],[-96.643624999855533,40.871341999943922],[-96.64377399981845,40.871338000291217],[-96.643855000009296,40.867854999715675],[-96.643916999933566,40.864370000001024],[-96.643974999659889,40.862156000310684],[-96.643966000337372,40.861936000084867],[-96.643940000398089,40.861736000295451],[-96.643884000321592,40.861484000094968],[-96.6438199998492,40.86128899994501],[-96.643740000381555,40.861098000171857],[-96.643634999901266,40.860894000285988],[-96.64351900044862,40.860707999742566],[-96.64364599977192,40.8606629998066],[-96.644033000284523,40.860515000178943],[-96.644034999934348,40.860417000069049],[-96.644050000002949,40.859828999761945],[-96.64405500002583,40.859636999765229],[-96.644077999592056,40.858678999795217],[-96.644101999881499,40.85843699991571],[-96.644128999645673,40.858292999831747],[-96.644145000437518,40.85821500002357],[-96.644213000209575,40.857984999828048]]]},"properties":{"AREALAND":28803860,"AREAWATER":0,"BASENAME":"68507","CENTLAT":"+40.8594871","CENTLON":"-096.6117202","FUNCSTAT":"S","GEOID":"68507","HU100":7099,"INTPTLAT":"+40.8594871","INTPTLON":"-096.6117202","LSADC":"Z5","MTFCC":"G6350","NAME":"ZCTA5 68507","OBJECTID":3581,"OID":"221704258328369","POP100":15680,"ZCTA5":"68507","ZCTA5CC":"B5"}},{"type":"Feature","id":3582,"geometry":{"type":"Polygon","coordinates":[[[-96.682222999804864,40.836584000085992],[-96.682221999979944,40.836087000122674],[-96.682115999674735,40.836139000153885],[-96.682117000397966,40.83599300032877],[-96.682108000177152,40.835897999953282],[-96.682109000002043,40.835522000265129],[-96.682109000002043,40.835429999901038],[-96.682109000002043,40.83521500021449],[-96.68190700033567,40.835250999720621],[-96.68170700031915,40.83527300027761],[-96.680867000070009,40.835276000291266],[-96.679491000243672,40.835279000304723],[-96.678214000151542,40.835282000318045],[-96.676956000325958,40.835283999873724],[-96.676891999853538,40.835285000331233],[-96.675788999838673,40.835286999886833],[-96.675760000424674,40.835286999886833],[-96.674578999693694,40.835289000122074],[-96.674286999615632,40.835289999899835],[-96.672811000230183,40.835292999912667],[-96.672810000405278,40.836578000177042],[-96.672810000405278,40.837228000297181],[-96.670817999737466,40.837228000297181],[-96.670570000040343,40.837069999743875],[-96.670412999681517,40.836956999930159],[-96.669698000004175,40.836392999772393],[-96.669501000360668,40.836252000002673],[-96.669246000092542,40.836099000028952],[-96.668935999572838,40.83593200023207],[-96.668615999905697,40.835777999749475],[-96.668236999789002,40.835618000272575],[-96.66810200006978,40.835571000059737],[-96.667815999839547,40.835471999979681],[-96.667574999815102,40.83537799999332],[-96.667425000027279,40.83533100029004],[-96.667267999668454,40.835298000160286],[-96.666949999651123,40.835247999705892],[-96.666734999565975,40.835233000309834],[-96.666572000257659,40.835222000025588],[-96.666354999624374,40.835219000009552],[-96.665752999924933,40.835256999749674],[-96.665545000410788,40.835270000263883],[-96.665218999997535,40.835274999833615],[-96.664894000307527,40.835267000250006],[-96.664516000015752,40.835247999705892],[-96.664244999854105,40.835240999897536],[-96.663868000285561,40.83527300027761],[-96.663542999697228,40.83527300027761],[-96.663273000258812,40.835253999735215],[-96.663163999580561,40.835255000193179],[-96.662786000187097,40.835279000304723],[-96.662678000232049,40.835276000291266],[-96.662195000358295,40.835219000009552],[-96.661980000273147,40.835204999706306],[-96.661762999639862,40.835212999977067],[-96.661166999788193,40.835206000165009],[-96.660894999801613,40.835210999739516],[-96.660787999671498,40.835204999706306],[-96.660734000143137,40.835193000317865],[-96.660579000332447,40.835159000339743],[-96.660016999917659,40.834909999668497],[-96.659724000014691,40.834803000321067],[-96.659491000386183,40.834697999694662],[-96.659340999700049,40.834649999721847],[-96.65929399984438,40.834629999892869],[-96.659209000353883,40.834578999825823],[-96.658862000024243,40.834318000148073],[-96.658696000342886,40.834212000318836],[-96.658432999678851,40.834067000124122],[-96.658251999928879,40.833976000257096],[-96.658016999752249,40.833873999757316],[-96.657820999933648,40.833802999709931],[-96.657344999732587,40.833605000238627],[-96.657055000202689,40.833492999760999],[-96.656905000414866,40.83344699988622],[-96.656541000366801,40.833362999855275],[-96.656338999802117,40.833302000057394],[-96.656235999869949,40.833280000205662],[-96.655964999708289,40.833263000068087],[-96.655378999902368,40.833181000102805],[-96.655164999642125,40.833155000291633],[-96.655003000158757,40.833146999772531],[-96.654521999934815,40.833148000262248],[-96.653766000249576,40.833150999692357],[-96.653779999594946,40.831156999882261],[-96.653834000021632,40.830343000000525],[-96.653746999982985,40.830341000295817],[-96.653710000173078,40.830341000295817],[-96.653716999845756,40.829353999991518],[-96.653726000066598,40.828084999958406],[-96.653726000066598,40.828019999833693],[-96.653725000241693,40.827957000101733],[-96.653721999868637,40.827045999736143],[-96.653720000218811,40.826244999933969],[-96.653757999853653,40.826244999933969],[-96.653848000265342,40.826244999933969],[-96.653797000211696,40.825687999875242],[-96.653796000386791,40.825247999870136],[-96.653793000013735,40.824331999962297],[-96.653789999640708,40.823188000260608],[-96.653788999815788,40.82301400015411],[-96.653820999602843,40.822121000120909],[-96.654290999956118,40.822120000144565],[-96.655696000094778,40.822119000168264],[-96.65723099992978,40.822117000215513],[-96.657226999731805,40.820810999851595],[-96.657225999906913,40.820757000041837],[-96.657225000081993,40.820705000183509],[-96.657229000279969,40.819330000016009],[-96.657220000059127,40.819218999920537],[-96.657191999571708,40.819108999661012],[-96.657144999716067,40.818999999922347],[-96.657081000141957,40.818900000229036],[-96.656418000343137,40.818129999716724],[-96.656306000190142,40.818001000323001],[-96.656230999847082,40.817898999723603],[-96.656179999793451,40.817799999771701],[-96.656139999610488,40.817681000169578],[-96.656125000440184,40.8175870001159],[-96.656121000242223,40.817117999940642],[-96.65611500039445,40.815339000287949],[-96.65611399967122,40.81527900030612],[-96.656108999648339,40.813533999815363],[-96.65377899977004,40.813528999966202],[-96.653628000157312,40.813527999860341],[-96.65132000002032,40.813523000010733],[-96.649512000373846,40.813517000054709],[-96.648827999760329,40.813509999992021],[-96.64775999990556,40.813500000289714],[-96.64648100016359,40.813494000331616],[-96.644203999988747,40.813487999693081],[-96.644145000437518,40.813487999693081],[-96.6441169999501,40.813487999693081],[-96.641824999706643,40.81347499966752],[-96.641792000094682,40.813719000088476],[-96.641793999744507,40.814170000128804],[-96.641796000292643,40.814587000174335],[-96.644145000437518,40.814605999840083],[-96.644145000437518,40.817088999793427],[-96.643394999701741,40.817084000212184],[-96.643555000433636,40.818912999871351],[-96.643676999734055,40.820318999960691],[-96.643809999803437,40.820705000183509],[-96.644145000437518,40.820707000178835],[-96.644145000437518,40.820759000035594],[-96.644142000064463,40.82262799977287],[-96.644141000239557,40.82310300018748],[-96.644141000239557,40.823384000333931],[-96.644140000414637,40.824451999809561],[-96.644138999691421,40.825686000030117],[-96.644137999866516,40.826385999913398],[-96.644136000216676,40.827847999949334],[-96.644136000216676,40.828018999946302],[-96.643932999827101,40.828018000058897],[-96.642680000024399,40.828010000279427],[-96.642679000199479,40.829835000332636],[-96.642931999919483,40.829835000332636],[-96.644135000391771,40.829838999772534],[-96.644135000391771,40.830335999674297],[-96.644135000391771,40.83132300031474],[-96.644135000391771,40.83165999977534],[-96.644135000391771,40.832309999856832],[-96.644133999668554,40.833298999954479],[-96.644133999668554,40.833386999972099],[-96.644133999668554,40.833473000262622],[-96.644133999668554,40.834289000044919],[-96.644133999668554,40.835286000109065],[-96.644133999668554,40.836280999926764],[-96.644132999843634,40.837269999916302],[-96.644132999843634,40.837658000188426],[-96.644132999843634,40.838285999683912],[-96.644132000018715,40.83930299990751],[-96.644132000018715,40.840291999665212],[-96.644132000018715,40.840551999910886],[-96.644132000018715,40.841279999930194],[-96.642818999941568,40.841281999984567],[-96.642818999941568,40.842557999953925],[-96.644131000193795,40.842564000001204],[-96.644130000368904,40.843560000321055],[-96.644128999645673,40.844548000121215],[-96.644127999820768,40.845534999840027],[-96.644127999820768,40.846200000104744],[-96.644126999995848,40.846547999814234],[-96.644126000170942,40.847592000209652],[-96.644125000346023,40.848635000210031],[-96.644123999622806,40.84922999967894],[-96.644123999622806,40.84959499981548],[-96.644122999797887,40.850367999876468],[-96.644121999972981,40.851265999725499],[-96.644121999972981,40.851489000014865],[-96.644121999972981,40.851763000028349],[-96.644121000148061,40.852806000285355],[-96.64412000032317,40.853848999751094],[-96.64412000032317,40.854393000191997],[-96.644092999660657,40.855972000330297],[-96.644091000010832,40.856099999771629],[-96.644152000110196,40.856066999790698],[-96.644092999660657,40.856160000189028],[-96.644126999995848,40.857105000273776],[-96.644075000117311,40.857132999778749],[-96.644126999995848,40.857244000272026],[-96.644223000255337,40.85786600032327],[-96.644213000209575,40.857984999828048],[-96.644145000437518,40.85821500002357],[-96.644128999645673,40.858292999831747],[-96.644101999881499,40.85843699991571],[-96.644077999592056,40.858678999795217],[-96.64405500002583,40.859636999765229],[-96.644050000002949,40.859828999761945],[-96.644034999934348,40.860417000069049],[-96.644033000284523,40.860515000178943],[-96.64364599977192,40.8606629998066],[-96.64351900044862,40.860707999742566],[-96.643634999901266,40.860894000285988],[-96.643740000381555,40.861098000171857],[-96.6438199998492,40.86128899994501],[-96.643884000321592,40.861484000094968],[-96.643940000398089,40.861736000295451],[-96.643966000337372,40.861936000084867],[-96.643974999659889,40.862156000310684],[-96.643916999933566,40.864370000001024],[-96.643855000009296,40.867854999715675],[-96.64377399981845,40.871338000291217],[-96.643624999855533,40.871341999943922],[-96.64229199968689,40.871333000045674],[-96.642222000264994,40.874760999879605],[-96.642184999556761,40.874838000039531],[-96.642170000386457,40.874960999729815],[-96.642124000355707,40.876211999717654],[-96.642146000097014,40.878566999854407],[-96.643051999570076,40.87857099974962],[-96.643048000270426,40.882742999971313],[-96.643049000095345,40.882810999979682],[-96.642875999842985,40.882800999862965],[-96.642184999556761,40.882940000262927],[-96.638782999625732,40.883624000201401],[-96.636328999898893,40.883992999868909],[-96.635677999795632,40.884643999787308],[-96.63627000034765,40.884588999970902],[-96.636810000122836,40.884550999997003],[-96.637399000301798,40.884477999807139],[-96.637615000211852,40.884462000294349],[-96.63783199994684,40.884455999966683],[-96.638252999896324,40.884460999900213],[-96.63852400005797,40.884453000142244],[-96.638898000151784,40.884400999994085],[-96.638950999855226,40.884398999883075],[-96.639003999558682,40.884410000153245],[-96.639053999787393,40.884425999678605],[-96.6392160001691,40.884432000008943],[-96.639541999684027,40.884429999898884],[-96.639867000272361,40.884420999742424],[-96.640083000182415,40.884403000105024],[-96.640289999871655,40.884355000142378],[-96.640501999583762,40.884319999864708],[-96.640710999821124,40.884274999674545],[-96.640869000004884,40.884249000214801],[-96.641181999999318,40.884179000207972],[-96.641382000015867,40.884114999807053],[-96.641673000269009,40.884007000051405],[-96.641823000056817,40.883958999801543],[-96.641981000240577,40.883928999967303],[-96.642194999602495,40.883906999944394],[-96.642869000170293,40.883808000090298],[-96.643065999813771,40.883800000253395],[-96.64314000033194,40.88379800012423],[-96.643356000242008,40.883781999767919],[-96.643440999732505,40.883773999927875],[-96.643439999907599,40.883835999851371],[-96.643438000257774,40.884199999742378],[-96.643538999641791,40.88418499988159],[-96.643586000395771,40.884179000207972],[-96.643699000373672,40.88416500006192],[-96.643963999789236,40.884118000325977],[-96.644285000179607,40.884080999802357],[-96.6447639998554,40.884007999773225],[-96.644865999962647,40.883980999807164],[-96.645142000147175,40.883867999854871],[-96.645228000360902,40.88384099983174],[-96.645281000064344,40.883832999998837],[-96.645332000117961,40.883817000330112],[-96.645438000423169,40.883803000107477],[-96.645655000158158,40.883793999865759],[-96.645763000113192,40.88379800012423],[-96.646083999605239,40.883837999979391],[-96.646301000238537,40.883828000017907],[-96.647234000374084,40.883860999749324],[-96.647589000201336,40.883943000163327],[-96.647748000209987,40.883970000144849],[-96.648072999900009,40.88397200026882],[-96.648289999634969,40.883963000050088],[-96.64861100002534,40.883919999742709],[-96.648989000317115,40.883901000245572],[-96.649098999921975,40.883889999890798],[-96.649150999800511,40.883886000317013],[-96.649575999947942,40.883818000054845],[-96.649730999758646,40.883781000042688],[-96.649827999843026,40.883744000009777],[-96.649908000208967,40.883687999718781],[-96.650001000095401,40.883646000318372],[-96.650083999936058,40.883592999807995],[-96.650145000035437,40.883547000073861],[-96.650430000440792,40.883332000302019],[-96.650462000227847,40.883297999895071],[-96.650555000114267,40.883149999917691],[-96.650718000320879,40.883039999793525],[-96.650754000305895,40.88301000022188],[-96.650772999674146,40.882971000282957],[-96.650807000009323,40.882850000012837],[-96.650807999834242,40.882808999820618],[-96.650766999826345,40.882521999801313],[-96.650759000328762,40.882441999834455],[-96.650750999932839,40.882358000104766],[-96.650733000389494,40.882277000191671],[-96.650726999643396,40.882087000258153],[-96.650697000404477,40.881965999730198],[-96.650649999650497,40.881848000282062],[-96.650621000236498,40.881684000273758],[-96.650606000167883,40.881519999859137],[-96.650597999771961,40.881355999717307],[-96.650562999611864,40.881193000291852],[-96.650552999566116,40.880946000301662],[-96.650560999962039,40.880823000185458],[-96.650617999863456,40.88049599989143],[-96.650612000015656,40.880166999780627],[-96.65062700008427,40.880085000121888],[-96.650653000023553,40.880004999926214],[-96.650692000381611,40.879929000126204],[-96.650817000055071,40.879746000106699],[-96.650981999911522,40.879532999792069],[-96.651075999622847,40.879383999754452],[-96.651079999820809,40.879343999924259],[-96.651077000346078,40.879268999837933],[-96.651113000331094,40.879229999732303],[-96.651263999943836,40.878965999928084],[-96.651303000301894,40.87888899981516],[-96.651326999693026,40.878807999732011],[-96.651386000142551,40.878739999686339],[-96.651560000219845,40.878580999826212],[-96.651700999786826,40.878518999734524],[-96.651782999802592,40.878465999873058],[-96.651813999764727,40.878431999683265],[-96.651890999757626,40.878322999676257],[-96.651955000230046,40.878257000108199],[-96.651995000413024,40.878229000024582],[-96.652029999674795,40.878197000011532],[-96.652151999873524,40.878060999953341],[-96.65231699972999,40.877897999885079],[-96.652388999699994,40.877837000327169],[-96.652472000438991,40.87778399991965],[-96.652649999815907,40.877688999685262],[-96.652731999831673,40.877635000020362],[-96.65296199998545,40.877526000059454],[-96.653059999894737,40.877492000066077],[-96.653126999841888,40.87747600022297],[-96.65316299982689,40.87746699980007],[-96.653531999897837,40.877413999775541],[-96.653628999982217,40.877415000276187],[-96.654003999900951,40.877458999875977],[-96.654056999604379,40.877469000120556],[-96.654104000358373,40.877488000105664],[-96.654404999758938,40.877664000172942],[-96.654547000049163,40.877724999890212],[-96.65464499995845,40.87775899976392],[-96.654824000058596,40.877852000268227],[-96.654911000097215,40.877901999820715],[-96.655024000075144,40.877989999702102],[-96.655132999855084,40.878082000070492],[-96.655291000038829,40.878194999713052],[-96.655830999814,40.878539999706383],[-96.655869000347138,40.878568000337623],[-96.655932000096328,40.878635999880821],[-96.65595300001273,40.878652999925535],[-96.65596999973117,40.878666000076606],[-96.656015999761934,40.878686000199572],[-96.656121000242223,40.878700999948201],[-96.6563029998171,40.878748000134841],[-96.656619000184591,40.878807999732011],[-96.656721000291853,40.878837000049927],[-96.656907000064678,40.878921999971588],[-96.657056000027595,40.878972000074263],[-96.657210000013379,40.879011000331907],[-96.657316000318588,40.879029000077345],[-96.657477999801984,40.879039999881655],[-96.657912000170256,40.879055000229286],[-96.657965999698618,40.879053999753424],[-96.658179000133956,40.879025000209801],[-96.658448999572371,40.879005999986695],[-96.658719999734032,40.879003999712651],[-96.658827999689052,40.878993999699958],[-96.658933000169355,40.878972000074263],[-96.659041000124404,40.878966999726103],[-96.65931200028605,40.878972000074263],[-96.659472000119635,40.878949999762078],[-96.659628999580136,40.878915999820883],[-96.659779000266269,40.878867999954075],[-96.660011999894778,40.878762999869416],[-96.660156999659733,40.878707000118396],[-96.660258999766981,40.878680999829768],[-96.660361999699148,40.878653999728236],[-96.660564000263832,40.878593000187813],[-96.660887000304015,40.87844300026596],[-96.660984000388396,40.878405000159347],[-96.661035000442027,40.878391999957024],[-96.661192999727447,40.87836200031628],[-96.662093000251048,40.878074000220728],[-96.662196000183215,40.878049000174528],[-96.662356999841677,40.87802899985909],[-96.662573999576665,40.877981000028321],[-96.662657000315647,40.877955999947041],[-96.662812999951271,40.877920999681479],[-96.663065999671247,40.87784699983542],[-96.663208999786391,40.877787999862178],[-96.663607000169648,40.877657000090416],[-96.663838000148345,40.877587999722742],[-96.664280999839107,40.877753000187035],[-96.664464999962135,40.8778410002665],[-96.664643000237362,40.877934999789922],[-96.664784999629262,40.877995000124059],[-96.665029000026749,40.878085000183695],[-96.665183000012519,40.878125000095437],[-96.665322999754622,40.87818799968673],[-96.665593000091349,40.878325999778532],[-96.665640999771938,40.878345000196887],[-96.665901000062931,40.878405000159347],[-96.665947000093681,40.878424999681954],[-96.666121000170961,40.878524999921218],[-96.666259000263224,40.878590999901292],[-96.666307999768705,40.878607999957516],[-96.666359999647241,40.878618999831787],[-96.666522999853868,40.878635999880821],[-96.666575999557324,40.878645000144729],[-96.66662300031129,40.878662000187134],[-96.666717999847535,40.878721000060594],[-96.667462999662121,40.878725999748156],[-96.667528999784352,40.878766999752777],[-96.667620000020946,40.878812000291894],[-96.667719999580058,40.878844000007625],[-96.667987000442068,40.878878999785108],[-96.668133000031929,40.878912999745296],[-96.668257999705403,40.878973999670052],[-96.668292000040609,40.879005000189309],[-96.668415999889163,40.879140999666397],[-96.668526000392319,40.879231999999512],[-96.668588000316603,40.87931400003577],[-96.668682999852834,40.879461999761268],[-96.668907999983745,40.879743000068792],[-96.669062999794434,40.879911999730034],[-96.669140999612239,40.879969000282024],[-96.66955400006411,40.880295999783627],[-96.669655000346452,40.880392999904593],[-96.669913999914229,40.880603999942906],[-96.670093999839281,40.880695000302261],[-96.670236999954426,40.880752999951007],[-96.67032800019102,40.880799000268638],[-96.670570000040343,40.880891999897791],[-96.67067200014759,40.880920000213308],[-96.67083000033135,40.880950000053119],[-96.67087999966175,40.880965999735672],[-96.670922000392849,40.880991000038534],[-96.671042000043457,40.88107500014479],[-96.671375000129373,40.881148999778127],[-96.671435000403847,40.881174999776484],[-96.671539000160919,40.881197999792704],[-96.671594000412497,40.881200000000398],[-96.671646000291034,40.881191999848305],[-96.671697000344665,40.881176999984923],[-96.671802999751549,40.881156999935456],[-96.671854999630085,40.881159000144443],[-96.671945000041788,40.881179000193292],[-96.671982999676601,40.881488999838623],[-96.672018999661617,40.881499999913281],[-96.672159000302031,40.881527999971581],[-96.672520999801961,40.881614000270751],[-96.672765000199448,40.881704999920686],[-96.672906999591333,40.881765999989135],[-96.672955999995139,40.881782000153635],[-96.673116999653629,40.881799999824736],[-96.673330000088939,40.881832000133471],[-96.673484999899671,40.881870000310258],[-96.673787999848358,40.88196200004014],[-96.673836000427244,40.881979999662285],[-96.673880999734777,40.882002000325755],[-96.673961000100732,40.882058999757085],[-96.674095999819926,40.882188000147742],[-96.674286999615632,40.882333000318248],[-96.674368999631398,40.88238799997194],[-96.674495000028088,40.882388999718259],[-96.674684999998917,40.882645000156053],[-96.674806000372726,40.88280599992148],[-96.674834999786725,40.882972999757939],[-96.67484999985534,40.882982999848672],[-96.674927999673145,40.883090000181362],[-96.674951000137682,40.883126999900661],[-96.674967000031202,40.883165999747654],[-96.674982999924737,40.88324799966442],[-96.674993999795376,40.883494999892989],[-96.675043000199182,40.883822000311923],[-96.675064999940489,40.883902999692459],[-96.675075999811156,40.884026000197238],[-96.675071999613195,40.884107999727625],[-96.675025999582431,40.884269000009091],[-96.674929000396361,40.884758000162606],[-96.674919000350627,40.884852000050309],[-96.674904000282012,40.885003999802912],[-96.674893000411373,40.885208999823384],[-96.674905000106932,40.885374000306221],[-96.675016000435008,40.886010999788041],[-96.675238000192863,40.886008999725739],[-96.675460999775623,40.88601299985033],[-96.675516999852121,40.886288000028429],[-96.675582999974353,40.886572999970262],[-96.675639999875756,40.886630000218823],[-96.675685999906506,40.886664999953936],[-96.675792000211729,40.88674700028924],[-96.675961000266128,40.886908999940779],[-96.676049000129666,40.887011999974135],[-96.67609500016043,40.887087999790424],[-96.676121999924618,40.887122999962443],[-96.676158999734525,40.887152000032721],[-96.676337999834672,40.887245999915592],[-96.676547999896968,40.88737699972468],[-96.676751000286544,40.887513000335602],[-96.67694700010513,40.88769399992119],[-96.676957999975784,40.887703999977631],[-96.676979999717105,40.887732000127748],[-96.676978999892185,40.88765999971789],[-96.677413000260458,40.887958000226241],[-96.67787600004273,40.888132999958621],[-96.678108999671238,40.888220999819872],[-96.678254000334519,40.88834399976944],[-96.678377000358154,40.88844999992903],[-96.678424000213809,40.888489999688865],[-96.678635000101011,40.888672000328143],[-96.679191999594607,40.888313999885668],[-96.679446999862748,40.888150000280476],[-96.681982999605353,40.886521999813496],[-96.681975999932661,40.88636800010029],[-96.681966999711832,40.886216999773332],[-96.681929000076991,40.885546000305773],[-96.681851000259186,40.884170999736746],[-96.681826999969743,40.883679000140603],[-96.681825000319932,40.883567000080333],[-96.681811000076223,40.882894000074927],[-96.681811999901143,40.882789000264268],[-96.681823999596688,40.881490000277687],[-96.681826000144824,40.881286000046558],[-96.681827999794649,40.880973999915128],[-96.681842999863278,40.878812000291894],[-96.681857000106973,40.876553999674918],[-96.681869999627452,40.874648999672438],[-96.681889999718919,40.871577000175044],[-96.681899999764681,40.869924999841267],[-96.681919999856163,40.865662999663499],[-96.681934000099872,40.864318999720652],[-96.681945999795445,40.862360999755289],[-96.680006999729386,40.862353000044031],[-96.680017999600054,40.860704000126958],[-96.680011999752267,40.860598999769465],[-96.67719999982512,40.860588999694421],[-96.676968000021517,40.860588000298286],[-96.676855000043616,40.860579000297243],[-96.676761000332291,40.860555999911512],[-96.676674000293659,40.860520999959128],[-96.676598999950571,40.860476999973315],[-96.676532999828353,40.860420000303357],[-96.676484000322858,40.860358000189514],[-96.676448000337842,40.860288000056975],[-96.676430999721092,40.8602169997693],[-96.676434999919067,40.859256999843588],[-96.676428000246361,40.859211000184345],[-96.676428000246361,40.858758999942793],[-96.676432000444322,40.858717999777355],[-96.676449999987653,40.858658999743284],[-96.676489000345725,40.858592000170539],[-96.676535000376475,40.858542999730297],[-96.676814000035733,40.858328999712199],[-96.676871999762056,40.858274999884159],[-96.676910000295209,40.858221000012087],[-96.676937999884302,40.858152999884062],[-96.67694700010513,40.858025000332987],[-96.676947999930036,40.85714800033373],[-96.679656999925029,40.85713100020277],[-96.681980999955528,40.8571150001954],[-96.681982999605353,40.857005000295068],[-96.679656999925029,40.857021000328963],[-96.679677000016497,40.853783000248043],[-96.682052000100626,40.853787000281592],[-96.682051000275735,40.853628999793095],[-96.681963000412196,40.853601000166051],[-96.681802999680301,40.853580999939894],[-96.681262000080224,40.853545000197023],[-96.68115300030027,40.853531999869837],[-96.681101000421748,40.853520999904653],[-96.681057000040809,40.853501000333786],[-96.681024000428849,40.853467000234126],[-96.680975999849949,40.853392000052494],[-96.680945999712719,40.853312999724082],[-96.680935999666985,40.853229999914028],[-96.68094700043595,40.85195400021815],[-96.680939999864933,40.851790000223779],[-96.680883999788435,40.851462999910112],[-96.680831999909913,40.851303000242879],[-96.680683999771901,40.850949999937583],[-96.680622999672522,40.850792000158002],[-96.680591999710387,40.850629000231372],[-96.680569999969094,40.850464999675424],[-96.68050899986973,40.850264999906479],[-96.68044500029562,40.850022000312613],[-96.680416999808216,40.849943000043005],[-96.680395000066909,40.849906000125152],[-96.680250000301953,40.849730999903265],[-96.680119999707287,40.849599000101826],[-96.679820999956561,40.849334000144218],[-96.679948000178143,40.849111000076668],[-96.680476000257755,40.848787999787774],[-96.680593000433632,40.848702000339529],[-96.680800999947778,40.848511999867021],[-96.680904999704836,40.848440000289528],[-96.68098000004791,40.848382000195507],[-96.681011000010045,40.848348000187066],[-96.681056000215904,40.848273000326593],[-96.681145999729267,40.848078000020301],[-96.681192999584937,40.848004000119786],[-96.681256000232437,40.847936999964119],[-96.681370000035258,40.847849000234781],[-96.681436999982409,40.84778399978056],[-96.681507000302602,40.8476720001551],[-96.681559000181139,40.847599999664901],[-96.681652999892464,40.847500000288896],[-96.681806999878262,40.847383000168207],[-96.681929000076991,40.847314000191879],[-96.681970000084874,40.847287999807925],[-96.682009000442946,40.847258999942618],[-96.682037999856931,40.847235000091402],[-96.682042000054892,40.84660999994172],[-96.682046000252853,40.846025999904448],[-96.682051000275735,40.845990999750391],[-96.681055000390998,40.845990999750391],[-96.681067000086557,40.844765000066936],[-96.682058999773346,40.844765000066936],[-96.682054999575385,40.844651999779906],[-96.682067000169255,40.842784999665341],[-96.682073000017027,40.842594999897095],[-96.682073999841947,40.842484000005719],[-96.682092000283603,40.8390460000426],[-96.68209800013139,40.837250000198082],[-96.682112000375099,40.836918999805171],[-96.682114000024924,40.836663999726468],[-96.682189000367998,40.836610999669588],[-96.682222999804864,40.836584000085992]]]},"properties":{"AREALAND":18114867,"AREAWATER":479385,"BASENAME":"68504","CENTLAT":"+40.8545062","CENTLON":"-096.6609831","FUNCSTAT":"S","GEOID":"68504","HU100":8400,"INTPTLAT":"+40.8544782","INTPTLON":"-096.6601837","LSADC":"Z5","MTFCC":"G6350","NAME":"ZCTA5 68504","OBJECTID":3582,"OID":"221704258328326","POP100":17155,"ZCTA5":"68504","ZCTA5CC":"B5"}},{"type":"Feature","id":3629,"geometry":{"type":"Polygon","coordinates":[[[-96.683032999916776,40.769455000101729],[-96.683042999962524,40.769188000136126],[-96.683023999695934,40.768940000269616],[-96.682976999840264,40.768655999911161],[-96.682914999915994,40.768411999841113],[-96.682832000075337,40.768152999960449],[-96.682798999565037,40.76806100005669],[-96.682772999625783,40.76799000033229],[-96.682759000280384,40.767945000055668],[-96.682545999845061,40.767259999868415],[-96.682519999905779,40.767053000015693],[-96.682519999905779,40.766435999850508],[-96.682519999905779,40.765675000234545],[-96.682519999905779,40.763938000009873],[-96.682519000080873,40.761136999749446],[-96.682519000080873,40.760428999736746],[-96.682519000080873,40.759534999724835],[-96.682555999890795,40.758605999942276],[-96.682566999761463,40.758446000119392],[-96.682565999936543,40.755482000100507],[-96.682565999936543,40.755430000138304],[-96.682565999936543,40.755380999678671],[-96.682565999936543,40.75475499996125],[-96.682565999936543,40.754295999981977],[-96.682551999692834,40.753757000077968],[-96.682538000347449,40.753198000010691],[-96.682519000080873,40.752893999785805],[-96.682519000080873,40.752100000280123],[-96.682519000080873,40.751015999806803],[-96.682519999905779,40.748788000098685],[-96.682519999905779,40.748185000134228],[-96.682520999730698,40.747748000029262],[-96.68252400010374,40.744981000133386],[-96.68252499992866,40.743995999895262],[-96.68252499992866,40.74390099984371],[-96.682525999753565,40.742980999703867],[-96.682353000399516,40.742980999703867],[-96.681271000301066,40.742979999896548],[-96.681272000125958,40.741634999726116],[-96.681528000219004,40.741634999726116],[-96.682528000301687,40.74163600023428],[-96.682528000301687,40.740803999668472],[-96.682528000301687,40.739568000072474],[-96.682526999578485,40.737781000006109],[-96.682525999753565,40.736748000009733],[-96.68252499992866,40.734673000154949],[-96.68252400010374,40.733692000212692],[-96.682521999555604,40.730330999704059],[-96.682520999730698,40.728602000017624],[-96.682519000080873,40.726402999956434],[-96.682515999707817,40.724623000189133],[-96.682514000058006,40.722850999989035],[-96.682514000058006,40.722717000110741],[-96.682512000408181,40.720339000004302],[-96.682510999684965,40.718949000231518],[-96.682510999684965,40.718798999980578],[-96.682510999684965,40.718504000021639],[-96.682510999684965,40.717298999988209],[-96.682509999860045,40.71544300007946],[-96.682509000035125,40.712139999940817],[-96.682509000035125,40.711876000107488],[-96.682324999912112,40.711874999832744],[-96.680314999700968,40.711869000226592],[-96.680153000217558,40.711869000226592],[-96.679282000006296,40.711866000082928],[-96.677770999562426,40.711861999664087],[-96.67489599988609,40.711852000318345],[-96.674314000278116,40.711851000043247],[-96.672991999980155,40.711847000304431],[-96.668211999674654,40.711849000173871],[-96.663435999567099,40.711851000043247],[-96.663435999567099,40.711339999805155],[-96.66344099958998,40.708030999777897],[-96.663447000336078,40.704599999686593],[-96.663467000427559,40.697356999718117],[-96.659841000190568,40.697352999789857],[-96.658591999687516,40.697351999978046],[-96.656558000085226,40.697349999673257],[-96.653387999957786,40.697345999744577],[-96.648164999961509,40.697338999698623],[-96.644407000378337,40.697333000145065],[-96.643160000423421,40.697332000332914],[-96.642491999703424,40.697330999839707],[-96.63885200012102,40.69732699990994],[-96.629728000426439,40.697315999931448],[-96.628523000304327,40.69731500011909],[-96.628037999882423,40.697314000306662],[-96.625352000351981,40.697309999694788],[-96.622735000418501,40.6973049999512],[-96.615817999680246,40.697294999781811],[-96.610369999553058,40.697286999917601],[-96.606282000256996,40.697279000052497],[-96.606236000226247,40.701034999971689],[-96.606192999670242,40.704536000273634],[-96.606169000279095,40.708224999992176],[-96.606155999860306,40.710081999855483],[-96.606144999989652,40.711788999979532],[-96.606146999639464,40.713544999917133],[-96.606150999837439,40.715406000056774],[-96.606150999837439,40.715428999705246],[-96.606154000210481,40.71674899967028],[-96.606158000408442,40.719083999691783],[-96.606158000408442,40.719482000072745],[-96.606159000233362,40.719790999923319],[-96.606159000233362,40.720058000146189],[-96.606160000058267,40.720545000135324],[-96.606163000431323,40.722449000225538],[-96.606163000431323,40.722693000144673],[-96.606061000324075,40.7252640000765],[-96.606051000278327,40.726189999837977],[-96.606051000278327,40.726373999673548],[-96.606122000423426,40.728621999802677],[-96.606108000179731,40.729290000334736],[-96.606093000111116,40.729995999712585],[-96.60609099956298,40.730082999872494],[-96.606076000392676,40.730801000252853],[-96.606073000019634,40.730957999920932],[-96.606047000080366,40.732195000169718],[-96.606023999615829,40.733296000303419],[-96.606245000447089,40.733516999737219],[-96.606490999596062,40.733793000223102],[-96.606676000442292,40.734073000009758],[-96.606848999796355,40.734522000010791],[-96.606839999575513,40.734717999811572],[-96.606796000092913,40.735021000155903],[-96.606572999611828,40.735388000250339],[-96.606857000192264,40.735563999807361],[-96.606816000184395,40.735672999717259],[-96.606762999582628,40.735759000025929],[-96.606682000290093,40.735854000134779],[-96.606622000015633,40.735915000333783],[-96.606550000045601,40.735991999757523],[-96.606425000372141,40.736133000186179],[-96.60632800028776,40.736268000186236],[-96.606317000417107,40.736284000077305],[-96.606227999830338,40.736439999834779],[-96.60616599990604,40.736582999801669],[-96.606094999760941,40.736805999688691],[-96.606076000392676,40.73691899988021],[-96.606069999646579,40.737061000282488],[-96.606084999715193,40.738102999790279],[-96.606093000111116,40.738706999831905],[-96.606093999936036,40.738721000074371],[-96.606123000248346,40.740779000259394],[-96.606122000423426,40.740913999679243],[-96.60611999987529,40.741393000179578],[-96.606119000050384,40.741498999898063],[-96.606112000377692,40.742769000057315],[-96.60610300015685,40.744404000242938],[-96.606095999585861,40.745821000332917],[-96.606087000263329,40.747331000060996],[-96.606083999890288,40.748122999887663],[-96.606084999715193,40.748578000034101],[-96.606086000438438,40.748890999764775],[-96.606087000263329,40.749244999885157],[-96.606088999913155,40.749863999792389],[-96.606088999913155,40.750044000004387],[-96.606093000111116,40.751700000324725],[-96.606095999585861,40.752513000267854],[-96.606098999958903,40.75365599975752],[-96.606102000331944,40.754508999943887],[-96.606103999981784,40.755248000290521],[-96.604014000302996,40.755245000060796],[-96.60315899998524,40.755243999757369],[-96.603229000305433,40.755362999695194],[-96.603302000100356,40.755473000123047],[-96.603389000139018,40.755624000339694],[-96.603507999964691,40.755809000042994],[-96.603563000216283,40.755879999851331],[-96.603665000323517,40.755976000094471],[-96.603745999616081,40.756030000212867],[-96.603841000050636,40.756070000297512],[-96.604046999914942,40.756121000149363],[-96.604153000220165,40.756137000028112],[-96.604359000084486,40.75618900011775],[-96.604407999589966,40.75620600026911],[-96.604502000199631,40.756246999855748],[-96.60467499955368,40.756347000036001],[-96.604754000094687,40.756402000139069],[-96.604894999661695,40.756527999993345],[-96.604989000271331,40.756627999750968],[-96.605088000005537,40.756775000305538],[-96.605358000342292,40.757269000218024],[-96.605519999825674,40.757528999915188],[-96.60555699963561,40.757606999762118],[-96.60564899969711,40.757756000044125],[-96.605807999705775,40.758106000237724],[-96.60585700010958,40.758179000152815],[-96.605888999896607,40.75821300011382],[-96.605997999676561,40.75830399978387],[-96.606037000034632,40.758332999757236],[-96.606079999692312,40.758358000052645],[-96.606114999852437,40.75837400007341],[-96.606115999677328,40.758513999750953],[-96.606125999723062,40.761276000199302],[-96.606131999570877,40.76284800022826],[-96.606133000294079,40.763251000338919],[-96.60613800031696,40.764635000325107],[-96.60613800031696,40.764699999945776],[-96.606145999814572,40.766951000038475],[-96.606154000210481,40.769196000204232],[-96.606155999860306,40.769738999766737],[-96.608408999745706,40.76972100026957],[-96.611228000243855,40.769698999743618],[-96.6137659996363,40.769679000063199],[-96.615764000151884,40.769663000042392],[-96.615761999603762,40.769233999663982],[-96.615737000387711,40.769125000331805],[-96.615633999557232,40.768753000172453],[-96.615630000257596,40.768620000325228],[-96.615636000105368,40.768488999739688],[-96.615665000417678,40.768345999662664],[-96.615704999702345,40.768230000159136],[-96.615745999710214,40.768146999985369],[-96.615773000372712,40.768094999725371],[-96.6158000001369,40.768051999741303],[-96.615821000053302,40.768020999703843],[-96.615867000084052,40.767959999697702],[-96.615872999931838,40.76801400028593],[-96.615893000023306,40.768051999741303],[-96.61592499981036,40.768088999745046],[-96.615964999993338,40.768119000321448],[-96.616009000374262,40.76812799994741],[-96.616062999902624,40.768110000013905],[-96.616108999933374,40.76808600009489],[-96.616182999553217,40.76802299992616],[-96.616230000307212,40.768008000298344],[-96.616287000208629,40.768013000174641],[-96.61633499988919,40.768031000134471],[-96.616375999897073,40.76805799972491],[-96.616450000415242,40.76811999975078],[-96.616513000164431,40.768187000262373],[-96.616616000096599,40.768282999740428],[-96.616638999662811,40.768320000295923],[-96.616652999906506,40.76835999978848],[-96.616659999579198,40.768401000042729],[-96.61666399977716,40.768606999676194],[-96.616678000020869,40.768688999854604],[-96.616694999739295,40.768727999704829],[-96.616724999876539,40.768761999712595],[-96.616763000409691,40.768793000084678],[-96.616806000067385,40.768816999748353],[-96.616857999945921,40.768829000257249],[-96.616912000372608,40.768836000269623],[-96.61709200029766,40.768845999897287],[-96.617289999766058,40.768857999720638],[-96.617334000146997,40.768862000114822],[-96.617452000147765,40.768872999836894],[-96.617560000102799,40.768869000123722],[-96.61761399963116,40.768871000320516],[-96.617703000217944,40.768878999746427],[-96.618324000183961,40.768774000231424],[-96.619340999985099,40.768780000149896],[-96.619337999612029,40.767893999750648],[-96.61987900011043,40.766937999743291],[-96.620126999807553,40.767018999813885],[-96.621637000426517,40.767019999940132],[-96.621682999558956,40.767687999947938],[-96.622121000125176,40.768378000334621],[-96.622081999767119,40.768961000269492],[-96.622074000269507,40.769023000133217],[-96.622068000421734,40.769700999915422],[-96.622378999868047,40.769703000087176],[-96.623388999996493,40.769674999718198],[-96.623614999952309,40.769690000330371],[-96.624527999996374,40.769699999829534],[-96.625106000304683,40.76969099973612],[-96.625271999986026,40.769692999908173],[-96.62586600018787,40.769704000173029],[-96.62601000012792,40.769719000098362],[-96.626287999962273,40.769719000098362],[-96.627308999961357,40.769716999927091],[-96.627400000197966,40.769724999931462],[-96.627453999726328,40.76972999967856],[-96.628608999619729,40.769750000023983],[-96.628785000245145,40.769745999683252],[-96.62921299986732,40.769737999681411],[-96.629305999753726,40.769713000264673],[-96.630519000271775,40.769710000007478],[-96.632701999836982,40.769705999664339],[-96.634783000193238,40.769702000001303],[-96.637154000079406,40.769711000093224],[-96.638994000411259,40.769719000098362],[-96.640709999996218,40.769726000016981],[-96.641915999943251,40.769730999764008],[-96.643379999633126,40.769737000276365],[-96.644225999730054,40.76973999985205],[-96.644292999677205,40.76973999985205],[-96.644371000393321,40.769724999931462],[-96.644357000149625,40.768822000244135],[-96.646692999875697,40.768831999873861],[-96.64906600031,40.768842000182481],[-96.64906700013492,40.769436999847294],[-96.649067999959826,40.76974500027837],[-96.649319999854896,40.769745999683252],[-96.650656000396594,40.769752000194252],[-96.651455999564433,40.769754999769205],[-96.652344000392475,40.769759000109438],[-96.652645999617945,40.769760000194452],[-96.653925000258226,40.769764999938921],[-96.653861999610726,40.76960399967728],[-96.653834000021632,40.769515000007537],[-96.653832000371807,40.769060000276717],[-96.653830999648591,40.768619000223055],[-96.654564999592509,40.768617000018679],[-96.654665999874851,40.768609999983191],[-96.654789999723405,40.768592000180199],[-96.655475000161857,40.768429000268192],[-96.655543999758819,40.768589999975013],[-96.655583999941797,40.768720000260785],[-96.655602000383453,40.768803999818218],[-96.655614999903932,40.76896299978322],[-96.655624999949666,40.769774000022316],[-96.656813000353353,40.769778999765784],[-96.65796900007166,40.769785000273806],[-96.659491000386183,40.769792000185468],[-96.659486000363316,40.769468999993855],[-96.659486000363316,40.769421999858295],[-96.659476000317582,40.769320000115634],[-96.661386000071289,40.769324999893229],[-96.662120000015221,40.769327000076288],[-96.662817000149232,40.76932900025929],[-96.662817999974152,40.769494000182739],[-96.663358999574214,40.769495999680366],[-96.663504000237495,40.769495999680366],[-96.663939000430659,40.769495000271739],[-96.663939000430659,40.769320000115634],[-96.6651880000354,40.769319000024012],[-96.665182000187627,40.769819999824797],[-96.665773000016401,40.769824000161073],[-96.666943999803351,40.769831000068677],[-96.668116000313503,40.769837999975493],[-96.668620999928578,40.769841000226911],[-96.671051000264285,40.769855000037758],[-96.671635000420366,40.769858000288409],[-96.672870999606317,40.76986600027579],[-96.672873000154468,40.768807000116318],[-96.672906999591333,40.768810999833228],[-96.673223999783744,40.76887500003356],[-96.673705000007686,40.768954999687054],[-96.674144000398812,40.76901199975562],[-96.674585000439791,40.769054999798847],[-96.675006000389274,40.769082000333881],[-96.675818000151011,40.769141999896128],[-96.675960000441208,40.769166000114062],[-96.676280000108349,40.769183999761566],[-96.678316000258775,40.769299000229225],[-96.681878999848294,40.769501000125054],[-96.68286999971015,40.769557999725258],[-96.683025000419178,40.769567999924583],[-96.683032999916776,40.769455000101729]]]},"properties":{"AREALAND":48997601,"AREAWATER":85552,"BASENAME":"68516","CENTLAT":"+40.7349252","CENTLON":"-096.6427953","FUNCSTAT":"S","GEOID":"68516","HU100":19767,"INTPTLAT":"+40.7352764","INTPTLON":"-096.6427904","LSADC":"Z5","MTFCC":"G6350","NAME":"ZCTA5 68516","OBJECTID":3629,"OID":"221704258328433","POP100":47448,"ZCTA5":"68516","ZCTA5CC":"B5"}},{"type":"Feature","id":3662,"geometry":{"type":"Polygon","coordinates":[[[-96.949203000236167,40.711591999778392],[-96.949199999863112,40.71126499966136],[-96.9491920003655,40.710390999756491],[-96.949189999817378,40.707406999784347],[-96.949157000205417,40.704412999792673],[-96.949167000251151,40.70321099996211],[-96.949168000076057,40.703126000221978],[-96.949172000274018,40.701676999951722],[-96.949157000205417,40.699293000135995],[-96.949157000205417,40.699258000240569],[-96.949153000007442,40.69881299986892],[-96.94917899994671,40.697997999928809],[-96.948978999930176,40.697993000236849],[-96.948961000386831,40.697993000236849],[-96.948927000051626,40.697991999753576],[-96.94889400043968,40.697990999951308],[-96.948311999933395,40.697993000236849],[-96.948231999567454,40.697993000236849],[-96.947680000096739,40.698000000214144],[-96.946848000243506,40.697994000039039],[-96.946139000413936,40.698004000103502],[-96.945522999572489,40.698000000214144],[-96.944042000164174,40.698014000166459],[-96.942741999607478,40.698005999707576],[-96.941174000160515,40.698011999881608],[-96.940085000389374,40.697997999928809],[-96.93898200037448,40.698005999707576],[-96.937625999741314,40.698015999770242],[-96.935919000377183,40.697990999951308],[-96.933474999797753,40.697991999753576],[-96.932895999664524,40.697994000039039],[-96.932858999854616,40.697994000039039],[-96.932827999892453,40.697994000039039],[-96.932808999625891,40.697994999841264],[-96.932791000082545,40.697994999841264],[-96.932714000089661,40.697994999841264],[-96.932697000371206,40.697994999841264],[-96.932677000279725,40.697994999841264],[-96.932437000080213,40.697996000324487],[-96.932120999712723,40.697991999753576],[-96.932232999865718,40.697768000088836],[-96.932405000293159,40.697311000188314],[-96.932493999981631,40.696987000231495],[-96.932564000301824,40.696628000145893],[-96.93260000028684,40.696328000216511],[-96.932642999944548,40.695567999843284],[-96.932654999640107,40.694963000065179],[-96.932661000386204,40.694331999874287],[-96.932682000302606,40.693652000224382],[-96.932689999800203,40.692965999817602],[-96.932688000150378,40.692180999961174],[-96.932664999685855,40.691014000250242],[-96.932647000142509,40.690742999713152],[-96.93264600031759,40.690142999996567],[-96.932659999662974,40.689678000144397],[-96.932658999838068,40.689428000215635],[-96.932644999594359,40.687409999739785],[-96.932667000233991,40.685623999767138],[-96.932663999860949,40.684032000128013],[-96.932668000058911,40.683477000170242],[-96.932663999860949,40.68320200022184],[-96.932659999662974,40.682900999760413],[-96.932668999883802,40.681960000185569],[-96.932683999952417,40.681269999778401],[-96.932674999731589,40.680479000043754],[-96.932678999929536,40.680137000090646],[-96.932685999602256,40.679493000168804],[-96.932684999777322,40.678677000213511],[-96.932694999823084,40.67811499992753],[-96.932704000043898,40.677630999947425],[-96.932693000173259,40.676934999666308],[-96.932693999998165,40.676055000216948],[-96.932702000394073,40.675788000027346],[-96.932709999891699,40.675513999836085],[-96.932719999937433,40.67477900020878],[-96.932744000226876,40.673587999686099],[-96.932736999655873,40.673015999697704],[-96.932728000333356,40.672386999871307],[-96.932733000356222,40.671365999988915],[-96.932748000424851,40.67088500001487],[-96.93275699974734,40.670405000194002],[-96.932755999922449,40.669773999814588],[-96.932777999663756,40.669283999887867],[-96.932771999815969,40.668717000297157],[-96.931883000061347,40.668717000297157],[-96.930876000305943,40.668725000184352],[-96.930078999714524,40.668720999900216],[-96.929287999869189,40.668722000141585],[-96.928491000176066,40.668713000012545],[-96.92828299976361,40.668714000254091],[-96.927593000200602,40.668717000297157],[-96.92533500029235,40.668739000154865],[-96.923273000202656,40.668748999840041],[-96.922916999652188,40.668751000321983],[-96.922003999608108,40.66875600016386],[-96.920559000184795,40.66873000002812],[-96.91975499992067,40.668725999744282],[-96.918613000446072,40.668725999744282],[-96.918186999575397,40.66873100026941],[-96.917409999973771,40.668739000154865],[-96.915342000036304,40.668726999985637],[-96.914376000288783,40.668725000184352],[-96.913642000344865,40.668731999829312],[-96.902978999718997,40.668638999814007],[-96.901730000114242,40.66863800025277],[-96.900832999963711,40.669563000252751],[-96.900387999724785,40.670040000019029],[-96.898565000009697,40.67196199968626],[-96.89816699962644,40.672386999871307],[-96.897679999554725,40.672920999849765],[-96.897231000016149,40.673403999786871],[-96.896337000238645,40.674341000284656],[-96.896153999940552,40.674525000323321],[-96.895954999748923,40.674715000082074],[-96.895739999663746,40.674913999955244],[-96.895560999563628,40.675059000211199],[-96.895333999782892,40.675239999881406],[-96.894983000153616,40.675498000327217],[-96.894533999716728,40.67581300000117],[-96.893609999802024,40.676455999921707],[-96.887015000177342,40.681009999756633],[-96.884978000202011,40.682400999891385],[-96.884685000299058,40.682620999996125],[-96.884162000242327,40.683029999929971],[-96.883877999661877,40.683278999994741],[-96.883624000116981,40.683524999752635],[-96.883451999689527,40.683703000229713],[-96.883296000053917,40.683895999758235],[-96.883136000220347,40.684086000057647],[-96.882937000028733,40.684346999668321],[-96.882793000088668,40.684549000093092],[-96.882684000308728,40.684711999857932],[-96.882394999705411,40.685175000313066],[-96.882265999833976,40.685397000099584],[-96.882192000214147,40.685536000098821],[-96.882063000342697,40.685833000301841],[-96.881926999900273,40.686156000024809],[-96.881529000415327,40.687131999775524],[-96.881310000132203,40.687663000299288],[-96.881131000032056,40.688126000007159],[-96.88097000037358,40.688500000119156],[-96.880869000091238,40.68871899990426],[-96.88072099995324,40.688991999692327],[-96.880618999845979,40.68915799997481],[-96.880490999799463,40.689357000326467],[-96.880366000126003,40.689547000042609],[-96.880202000094457,40.689808000063636],[-96.880017999971457,40.690045000269734],[-96.879705999801928,40.690425000004979],[-96.8794720003485,40.690673999686922],[-96.879217999905279,40.690922999800712],[-96.878952999591405,40.691204999913772],[-96.878571000000008,40.691584999845169],[-96.878109999867547,40.69209800023139],[-96.877907000376268,40.69232000011413],[-96.877715999682252,40.692552000140033],[-96.877533000282455,40.692789000122204],[-96.87714199957189,40.693387999980537],[-96.876862000087726,40.693806999918884],[-96.876733000216305,40.694010999999897],[-96.876604000344869,40.694212999738433],[-96.876385000061745,40.694562999851769],[-96.876214000357521,40.694820999746732],[-96.875277000024028,40.696292000297646],[-96.874485000353772,40.697599000037854],[-96.874121000305706,40.697535000027536],[-96.872307999738041,40.697610999777545],[-96.86754400022437,40.697834000165628],[-96.867338000360064,40.697844000254108],[-96.863436999763437,40.697831999875312],[-96.855683999872312,40.69780900027834],[-96.855461000289537,40.697810999888276],[-96.856114999867529,40.697216000229702],[-96.856439999557551,40.696838000041907],[-96.856632999901407,40.696528000092506],[-96.856743000404549,40.69629899977258],[-96.856843999788595,40.696040000321005],[-96.856915999758613,40.695734999925577],[-96.85696900036038,40.694192999832069],[-96.857136999691548,40.682967000258586],[-96.851782000349104,40.682967000258586],[-96.838125000221211,40.682988000155667],[-96.838122999673061,40.683132999880833],[-96.838140000289826,40.697757999988944],[-96.837948999595795,40.697757000183159],[-96.834949000245999,40.697747999887547],[-96.834842999940776,40.704987000093631],[-96.836043999864941,40.704991000244448],[-96.836027000146501,40.707099999668152],[-96.835986999963524,40.712229999737602],[-96.834738000358797,40.712226000021609],[-96.825289000075884,40.712103999715666],[-96.825217000105866,40.712103000125275],[-96.815673000286694,40.712189000253808],[-96.811206999800561,40.712178000006062],[-96.8062730004076,40.712166000166995],[-96.803062000272277,40.712158000046095],[-96.796805999683016,40.712143000072189],[-96.796829999972445,40.704953000163798],[-96.796834999995312,40.703523000257704],[-96.796855000086808,40.697642999753889],[-96.795673000429233,40.697640000331425],[-96.795671999706002,40.699165999688155],[-96.793790000439671,40.699170999973141],[-96.793792999914416,40.697634000123898],[-96.793683000309542,40.697634000123898],[-96.790035000331244,40.697624000003898],[-96.790031000133283,40.698090000051089],[-96.787552000292067,40.704865999843733],[-96.787441999788896,40.705056999974616],[-96.786435000033507,40.71038300010327],[-96.78614499960527,40.710574999686322],[-96.787024000212469,40.710779000168785],[-96.787569999835412,40.712088000138984],[-96.787621999713949,40.712149999924229],[-96.786898999640684,40.712151000194893],[-96.785491999852198,40.712151999784567],[-96.777817999603798,40.712158000046095],[-96.777795999862477,40.715774999823417],[-96.777788000364879,40.719416999822428],[-96.777771999573048,40.726639999986908],[-96.777774000121184,40.726734000130008],[-96.777928000106968,40.733969999858154],[-96.777944000000488,40.73470300015633],[-96.77796499991689,40.735697999683886],[-96.778083999742577,40.741289999790489],[-96.783525000197073,40.741264999883441],[-96.787793000316498,40.741242000314607],[-96.787835000149286,40.741242000314607],[-96.789277999922774,40.741223999906687],[-96.796726000215372,40.741128000144386],[-96.796722000017411,40.742396000268393],[-96.796697999727968,40.747473000014161],[-96.796694000428317,40.748390999813779],[-96.796676999811567,40.75203000018945],[-96.79666099991806,40.755621999744207],[-96.796646999674351,40.759277000193791],[-96.796633000328953,40.762871999997685],[-96.796615999712202,40.76753200000929],[-96.796614999887296,40.767899000315879],[-96.796607000389699,40.770120999964988],[-96.808857999655686,40.770187999819704],[-96.811001999761146,40.770197999924257],[-96.81565099964709,40.770218000128757],[-96.815704000248857,40.770218000128757],[-96.816047000380507,40.770220000284937],[-96.817635999743885,40.770220000284937],[-96.818455999901531,40.770220999682728],[-96.818701999948829,40.770220999682728],[-96.819768999978677,40.770221999760786],[-96.825114999998618,40.770226000072853],[-96.829840000052528,40.770229000306749],[-96.829851999748087,40.7703379998689],[-96.829819000136126,40.770459000147156],[-96.829792000371953,40.770537999861361],[-96.829743999793052,40.77061199980124],[-96.829732000097479,40.770651999955035],[-96.829727000074627,40.770693000155774],[-96.829733999747305,40.77073400033116],[-96.829748999815934,40.770776999940388],[-96.82978399997603,40.77080100024812],[-96.829838000402702,40.77080100024812],[-96.829893999580889,40.770792000303842],[-96.82994100033487,40.770772999661489],[-96.829980999619522,40.770743999673215],[-96.830077999703889,40.770645000133975],[-96.830118999711786,40.770617000161934],[-96.830165999567456,40.770597000077487],[-96.830219000169194,40.770587000033032],[-96.8302740004208,40.770583999815301],[-96.830327999949148,40.770585999960467],[-96.830379999827699,40.770598000149889],[-96.83042900023149,40.770616000089824],[-96.830474000437334,40.770638999703607],[-96.830512999897081,40.770666999666375],[-96.83074700024882,40.770899000167425],[-96.830814000195971,40.770955999929029],[-96.830880000318189,40.771021000170443],[-96.831081000159642,40.771265000184762],[-96.831150999581538,40.771328000001084],[-96.831282999826016,40.7714589997519],[-96.831482999842564,40.77170300019872],[-96.831712000171422,40.772029999938944],[-96.831800999859865,40.772179999911749],[-96.83189899976918,40.772327000087195],[-96.831952000370919,40.772443999966633],[-96.832113999854329,40.772921999839781],[-96.832162000433215,40.773125000321052],[-96.832201999717867,40.773370000122867],[-96.83222699983223,40.773615999728456],[-96.832260000342501,40.773737000159883],[-96.832313000045943,40.773980999724309],[-96.832338999985225,40.774045999727591],[-96.832436999894512,40.774297000315407],[-96.832518999910278,40.774448999961024],[-96.832568000314083,40.774567000198076],[-96.832632999713098,40.77480900009769],[-96.832724999774598,40.775087999984294],[-96.832733000170521,40.775170000327982],[-96.832737000368468,40.775418000071248],[-96.832771999630253,40.775498000010437],[-96.832795999919711,40.77557799985324],[-96.832835000277754,40.775864999857127],[-96.832831999904712,40.775946999922056],[-96.832778000376365,40.776231999717261],[-96.832718999926811,40.776475000338472],[-96.8326539996295,40.776675000224934],[-96.83260599994891,40.776792999909524],[-96.832535999628703,40.776905000200323],[-96.832484999575087,40.777022000180956],[-96.832465000381916,40.77710300020383],[-96.832431000046725,40.777348000301721],[-96.832363000274654,40.777604999780394],[-96.832347000381148,40.777686999738371],[-96.832348000206068,40.777725999749215],[-96.832368000297535,40.777764999737158],[-96.832406999757282,40.777798999882393],[-96.832451999963126,40.777815999948487],[-96.832506000389799,40.777811000129574],[-96.832560999743066,40.777796999954361],[-96.832711000429228,40.777748000338278],[-96.83276300030775,40.777740999904275],[-96.832814000361367,40.777757999985198],[-96.832856000194155,40.777787000313303],[-96.83288799998121,40.777820999767016],[-96.832897000202053,40.777858999736097],[-96.832893000004091,40.777901000213681],[-96.832863999691767,40.777981999845046],[-96.832810000163406,40.778053999736755],[-96.832743000216254,40.778118999836508],[-96.832666000223369,40.778177000164845],[-96.832580000009642,40.778228000059862],[-96.832498999818796,40.778281999785989],[-96.83246299983378,40.778314999710382],[-96.832436999894512,40.77835100016577],[-96.832431000046725,40.778390999741937],[-96.832430000221819,40.778556000289697],[-96.832451000138207,40.778761999730534],[-96.8324789997273,40.778796999994668],[-96.832523999933159,40.778821000126285],[-96.832555999720185,40.77885399978291],[-96.832580999834548,40.778891999841328],[-96.832593000428432,40.778930999824972],[-96.832595999903162,40.778973000305015],[-96.832591999705201,40.779016000023937],[-96.832578000359817,40.779054999934786],[-96.832553000245454,40.779090999989151],[-96.832519999735197,40.779125000135942],[-96.83248200010037,40.779155999754437],[-96.832441000092473,40.77918200032299],[-96.832391999688667,40.779198000092215],[-96.832338999985225,40.779209000143901],[-96.832288999756514,40.77922599984916],[-96.83224199990083,40.77924799994139],[-96.832200000068042,40.77927499973547],[-96.832171999580638,40.779308999788086],[-96.832160999709998,40.779351000029131],[-96.832174000128788,40.779441000067521],[-96.83219300039535,40.779477999851416],[-96.832229000380366,40.779493000291048],[-96.832281000258916,40.779486000040983],[-96.832339999810131,40.779472000218789],[-96.832395999886629,40.779464000027531],[-96.832451999963126,40.779462000149628],[-96.832502000191838,40.779474000096386],[-96.832542000374801,40.779502999675344],[-96.832671000246251,40.779683999834113],[-96.832802999592417,40.779817999915778],[-96.832841000125555,40.779847000024802],[-96.832887000156319,40.779863000314045],[-96.83299799958607,40.779867000045634],[-96.833048999639701,40.779877999986539],[-96.83309499967045,40.779900999795238],[-96.833133000203603,40.77993099979993],[-96.833160999792696,40.779966000128404],[-96.833205000173621,40.780043000241875],[-96.833240000333717,40.780072000252659],[-96.833288000014306,40.780092000205812],[-96.833446000198037,40.780129000307326],[-96.833491000403896,40.780149000243263],[-96.833533000236685,40.780175999671123],[-96.833600000183836,40.780240999735177],[-96.833650000412561,40.780313999825431],[-96.833709999788681,40.78042900007511],[-96.833760000017421,40.780546999893659],[-96.833780000108888,40.780627999699639],[-96.833786999781594,40.780711999847583],[-96.833781999758713,40.780752000042696],[-96.833770000063154,40.780792000213651],[-96.833744999948792,40.780830999761989],[-96.833709999788681,40.780861999944783],[-96.833667999955878,40.780886000010483],[-96.833620000275317,40.780905999718541],[-96.83351800016807,40.780936999866327],[-96.833462999916492,40.780942000130182],[-96.833411000037941,40.780933000199163],[-96.833360999809244,40.780915000333458],[-96.833317000326616,40.780891000278174],[-96.833205000173621,40.780801000163777],[-96.833160999792696,40.780774000309734],[-96.833113000112121,40.780761999917644],[-96.83306100023357,40.780771999791092],[-96.832954999928361,40.780802000082581],[-96.832918000118454,40.780828999925248],[-96.832894999653917,40.780864999698387],[-96.832845000323516,40.780984999934915],[-96.832800000117658,40.781145999826691],[-96.832775000003309,40.781308999830813],[-96.832846000148422,40.781397000117458],[-96.832979000217819,40.781526999832849],[-96.833005000157073,40.781562999907869],[-96.833065000431532,40.781678000035775],[-96.8330910003708,40.781714000028956],[-96.833151999571854,40.781781999660538],[-96.833174000211486,40.781813999983221],[-96.833216000044288,40.781895000284791],[-96.833250000379479,40.782015999921434],[-96.833283999816331,40.782096000077352],[-96.833308999930694,40.782132999742728],[-96.83334499991571,40.782162000201403],[-96.833396999794246,40.782182000205474],[-96.833447999847863,40.782185999797427],[-96.833496000426749,40.782166999692826],[-96.833538000259551,40.782137000017862],[-96.833566999673565,40.782103000052402],[-96.833671000328948,40.781957000322897],[-96.833733000253218,40.78189000009268],[-96.833773000436196,40.781858999709506],[-96.833817999743729,40.781833000188804],[-96.833864999599385,40.781825000281913],[-96.833918000201152,40.781837999704997],[-96.833965000056807,40.781863000001124],[-96.834002999691663,40.781891999897482],[-96.83403600020192,40.781925999970994],[-96.834059999593066,40.781962999731071],[-96.834073999836775,40.78200199995225],[-96.834089999730281,40.782125999770841],[-96.834089999730281,40.782209000167391],[-96.834094999753162,40.782250000038154],[-96.834127000438528,40.782329000016368],[-96.834207999731063,40.782484000010626],[-96.834283999899043,40.782591000089653],[-96.834324999906926,40.782616999993849],[-96.834377999610368,40.782631999724657],[-96.834431000212135,40.782641000105627],[-96.834484999740496,40.782644999669941],[-96.834770999970772,40.782640000214506],[-96.834755000077223,40.781239999802779],[-96.834724000115088,40.778504000012916],[-96.834712000419543,40.777470999996254],[-96.841214999982682,40.777509000165594],[-96.853855000309437,40.777469000058346],[-96.853861000157224,40.778518000039121],[-96.853863999631955,40.779065000065216],[-96.85389700014224,40.784842999989905],[-96.857326999662348,40.784847999959709],[-96.861291999833071,40.784855000324903],[-96.863442999611209,40.784858999755897],[-96.863528000000017,40.784858999755897],[-96.868202999825229,40.784866000119891],[-96.870362999824223,40.784870000230413],[-96.872973999909902,40.784873999660505],[-96.87296700023721,40.787759999761619],[-96.87296700023721,40.787979999975725],[-96.872963000039235,40.789868000077888],[-96.872957000191462,40.792367999804334],[-96.872941000297928,40.799420999891673],[-96.872958000016382,40.800187999686507],[-96.872952999993501,40.800863999718622],[-96.873702999830968,40.800435000234856],[-96.874178000207095,40.800170000279579],[-96.874630999943619,40.799932999813436],[-96.875640000247188,40.799486999797828],[-96.876092999983712,40.799307000208309],[-96.876723999995477,40.799070000061008],[-96.877355000007228,40.798838000024027],[-96.877926999569439,40.798658000034663],[-96.879687000433663,40.79822899989427],[-96.879991000207269,40.798161000102496],[-96.880874000114119,40.797975000316264],[-96.881699000294631,40.797827999776523],[-96.884290000288843,40.797467000284819],[-96.886508999839052,40.797139999954965],[-96.889448999812714,40.796722000076485],[-96.891981000255683,40.796378000086165],[-96.893110000209816,40.796220000137708],[-96.894096999873724,40.796056000318551],[-96.894851999734058,40.795905000164204],[-96.895395999707176,40.795779000164288],[-96.896020000046249,40.795616000311618],[-96.896806999693624,40.795389999999841],[-96.897697999996382,40.795107999910002],[-96.898751999607441,40.794741000295133],[-96.900200000302135,40.794221999715234],[-96.90149199956457,40.793764999734677],[-96.903220999568319,40.793161000016177],[-96.904475999919171,40.79272099986504],[-96.90560499987329,40.79233099972015],[-96.906384000023053,40.792055000095779],[-96.907824000321824,40.791517999889685],[-96.910753000424819,40.790486000051608],[-96.910753000424819,40.7903930000138],[-96.910750999876683,40.784943999850839],[-96.910775000166126,40.779773000167225],[-96.910784000386954,40.777752000197232],[-96.910787999686605,40.776813000169703],[-96.910816999998914,40.770461000296088],[-96.910832999892463,40.766274999687596],[-96.910832999892463,40.766255000337424],[-96.910839999565141,40.764515999975615],[-96.910842999938197,40.763567999747274],[-96.910844999588008,40.763180999742076],[-96.910869999702371,40.756462999866137],[-96.910872000250507,40.75613800031811],[-96.910872000250507,40.756086999798825],[-96.910872000250507,40.755955000074401],[-96.910872000250507,40.755932000141982],[-96.910878999923213,40.754218999971599],[-96.910878999923213,40.754103000309001],[-96.910884999770985,40.752773999851676],[-96.910887000319121,40.752209000313528],[-96.91092800032699,40.741469000238858],[-96.912469999834698,40.741461000236733],[-96.914388999809262,40.741467999728179],[-96.91466400016887,40.741466999898108],[-96.91709399960628,40.741454000063911],[-96.920237999794438,40.741467999728179],[-96.921608999597922,40.741491999729249],[-96.922415000410155,40.74150699989567],[-96.923965000313785,40.741495999728592],[-96.924464000081073,40.741497000238844],[-96.92494100010704,40.741497000238844],[-96.927081999839444,40.741514000062899],[-96.929507999977218,40.741505000236643],[-96.92998300035336,40.741510999894061],[-96.929985999828105,40.741390000005325],[-96.929960999713742,40.740979999870703],[-96.929957000414106,40.740327000066067],[-96.92998300035336,40.738778000204562],[-96.930026999835974,40.737057999912793],[-96.929995000048933,40.735542000228527],[-96.930010000117548,40.733950000319133],[-96.930003000444856,40.733383000232834],[-96.929990999850972,40.732448000126681],[-96.929995000048933,40.732223999958002],[-96.930036000056802,40.730003999732041],[-96.930027999660894,40.729240999674708],[-96.930025000186149,40.728029999808463],[-96.930048999577295,40.726974999854185],[-96.930052999775256,40.726815000168571],[-96.930043999554414,40.725884999996325],[-96.930024000361257,40.724616999689488],[-96.930053999600148,40.723163000174438],[-96.930072000041818,40.721592999674947],[-96.930076000239779,40.720842000180269],[-96.930082000087566,40.719903000261951],[-96.930065000369126,40.718425999929401],[-96.930075000414874,40.717283000298153],[-96.930077999889605,40.716850999723363],[-96.930103999828873,40.715285999896778],[-96.930097999981101,40.713694999750174],[-96.930086000285527,40.712453000207972],[-96.930286000302061,40.712456000325247],[-96.932503000202445,40.712445999706866],[-96.933821000302473,40.712440000152213],[-96.934727999600454,40.712448000239235],[-96.934956999929312,40.71245000009057],[-96.935804999676037,40.712446999973032],[-96.936365000441015,40.712445000121612],[-96.936752999880227,40.712448999824453],[-96.937497999694784,40.712456000325247],[-96.939059000367379,40.712448999824453],[-96.940102000107771,40.71243200006424],[-96.942750999828306,40.712425000241844],[-96.944364000379437,40.712438999885947],[-96.944709999985832,40.712437000034228],[-96.945037000223977,40.712435999767905],[-96.945725999962065,40.712428999945885],[-96.948412000390832,40.712427000093918],[-96.94919499984023,40.712430999797839],[-96.949203000236167,40.711591999778392]]]},"properties":{"AREALAND":116000951,"AREAWATER":1658808,"BASENAME":"68339","CENTLAT":"+40.7321331","CENTLON":"-096.8669712","FUNCSTAT":"S","GEOID":"68339","HU100":610,"INTPTLAT":"+40.7320530","INTPTLON":"-096.8701029","LSADC":"Z5","MTFCC":"G6350","NAME":"ZCTA5 68339","OBJECTID":3662,"OID":"221704258327459","POP100":1645,"ZCTA5":"68339","ZCTA5CC":"B5"}},{"type":"Feature","id":4564,"geometry":{"type":"Polygon","coordinates":[[[-96.662838999890539,40.900537000028976],[-96.662834999692592,40.900261999999842],[-96.662795000407925,40.89698900020219],[-96.662791000209964,40.896642000218471],[-96.662787000011988,40.896389999782087],[-96.662787000011988,40.896374999968366],[-96.66274600000412,40.893177000047331],[-96.650246000317779,40.893090000250282],[-96.650011999966026,40.893087999722816],[-96.650015000339096,40.892951999705325],[-96.64997900035408,40.892951000118572],[-96.649102000295017,40.892941999762876],[-96.647185999795198,40.89292499999312],[-96.647185999795198,40.891009000030252],[-96.647185999795198,40.890987000323797],[-96.646676000157257,40.890982999820736],[-96.644481999823086,40.89096600022674],[-96.644449000211125,40.889460999683621],[-96.644481999823086,40.887208999782551],[-96.645833000433385,40.887202999703959],[-96.645929999619455,40.887202999703959],[-96.645947000236205,40.887511000318653],[-96.648334000015907,40.886227999741315],[-96.648323999970174,40.885964000004897],[-96.649067999959826,40.885961999941131],[-96.649081000378615,40.888164999921692],[-96.650031000232616,40.888575999769778],[-96.650227999876094,40.888313999885668],[-96.650541999695463,40.88844999992903],[-96.65078400044311,40.88811400031274],[-96.651103000285332,40.887657000038644],[-96.65109900008737,40.88699799974821],[-96.653125000192077,40.886990999973726],[-96.65311799962106,40.885880999684936],[-96.65311799962106,40.885782000067209],[-96.653121999819007,40.883948999858276],[-96.653124000367157,40.882889999761765],[-96.653126000016968,40.878634000274822],[-96.653126000016968,40.878231000322039],[-96.653126999841888,40.87747600022297],[-96.653059999894737,40.877492000066077],[-96.65296199998545,40.877526000059454],[-96.652731999831673,40.877635000020362],[-96.652649999815907,40.877688999685262],[-96.652472000438991,40.87778399991965],[-96.652388999699994,40.877837000327169],[-96.65231699972999,40.877897999885079],[-96.652151999873524,40.878060999953341],[-96.652029999674795,40.878197000011532],[-96.651995000413024,40.878229000024582],[-96.651955000230046,40.878257000108199],[-96.651890999757626,40.878322999676257],[-96.651813999764727,40.878431999683265],[-96.651782999802592,40.878465999873058],[-96.651700999786826,40.878518999734524],[-96.651560000219845,40.878580999826212],[-96.651386000142551,40.878739999686339],[-96.651326999693026,40.878807999732011],[-96.651303000301894,40.87888899981516],[-96.651263999943836,40.878965999928084],[-96.651113000331094,40.879229999732303],[-96.651077000346078,40.879268999837933],[-96.651079999820809,40.879343999924259],[-96.651075999622847,40.879383999754452],[-96.650981999911522,40.879532999792069],[-96.650817000055071,40.879746000106699],[-96.650692000381611,40.879929000126204],[-96.650653000023553,40.880004999926214],[-96.65062700008427,40.880085000121888],[-96.650612000015656,40.880166999780627],[-96.650617999863456,40.88049599989143],[-96.650560999962039,40.880823000185458],[-96.650552999566116,40.880946000301662],[-96.650562999611864,40.881193000291852],[-96.650597999771961,40.881355999717307],[-96.650606000167883,40.881519999859137],[-96.650621000236498,40.881684000273758],[-96.650649999650497,40.881848000282062],[-96.650697000404477,40.881965999730198],[-96.650726999643396,40.882087000258153],[-96.650733000389494,40.882277000191671],[-96.650750999932839,40.882358000104766],[-96.650759000328762,40.882441999834455],[-96.650766999826345,40.882521999801313],[-96.650807999834242,40.882808999820618],[-96.650807000009323,40.882850000012837],[-96.650772999674146,40.882971000282957],[-96.650754000305895,40.88301000022188],[-96.650718000320879,40.883039999793525],[-96.650555000114267,40.883149999917691],[-96.650462000227847,40.883297999895071],[-96.650430000440792,40.883332000302019],[-96.650145000035437,40.883547000073861],[-96.650083999936058,40.883592999807995],[-96.650001000095401,40.883646000318372],[-96.649908000208967,40.883687999718781],[-96.649827999843026,40.883744000009777],[-96.649730999758646,40.883781000042688],[-96.649575999947942,40.883818000054845],[-96.649150999800511,40.883886000317013],[-96.649098999921975,40.883889999890798],[-96.648989000317115,40.883901000245572],[-96.64861100002534,40.883919999742709],[-96.648289999634969,40.883963000050088],[-96.648072999900009,40.88397200026882],[-96.647748000209987,40.883970000144849],[-96.647589000201336,40.883943000163327],[-96.647234000374084,40.883860999749324],[-96.646301000238537,40.883828000017907],[-96.646083999605239,40.883837999979391],[-96.645763000113192,40.88379800012423],[-96.645655000158158,40.883793999865759],[-96.645438000423169,40.883803000107477],[-96.645332000117961,40.883817000330112],[-96.645281000064344,40.883832999998837],[-96.645228000360902,40.88384099983174],[-96.645142000147175,40.883867999854871],[-96.644865999962647,40.883980999807164],[-96.6447639998554,40.884007999773225],[-96.644285000179607,40.884080999802357],[-96.643963999789236,40.884118000325977],[-96.643699000373672,40.88416500006192],[-96.643586000395771,40.884179000207972],[-96.643538999641791,40.88418499988159],[-96.643438000257774,40.884199999742378],[-96.643423000189159,40.886237000331164],[-96.643424999838984,40.89096300001831],[-96.643427000387121,40.893044000326945],[-96.643427000387121,40.893131999768521],[-96.643428000212026,40.895020000274023],[-96.643428000212026,40.895440000338475],[-96.643428000212026,40.895488999957266],[-96.643428000212026,40.895560999996484],[-96.643429000036932,40.895613000202403],[-96.643429000036932,40.896436000095065],[-96.643429000036932,40.8966540000213],[-96.643429000036932,40.897036999827712],[-96.643428000212026,40.897938000297323],[-96.643429000036932,40.898362999731134],[-96.643372000135528,40.899489999884345],[-96.643377000158409,40.900251000327984],[-96.643377000158409,40.900269999883491],[-96.643401000447838,40.90310799974278],[-96.643408999945464,40.90377200031881],[-96.643377000158409,40.905046000099375],[-96.643417000341387,40.907158999661725],[-96.643417000341387,40.90749000008914],[-96.643417000341387,40.909041000233991],[-96.643408999945464,40.911936999957867],[-96.643432000410002,40.914524000165507],[-96.643429000036932,40.914713999953051],[-96.64339300005193,40.916809999698998],[-96.643364999564511,40.921954999704283],[-96.64334399964811,40.925169999843583],[-96.64334399964811,40.927255999749292],[-96.643322999731723,40.929187000132316],[-96.641999999608828,40.929180999789388],[-96.641797999942455,40.92918000007149],[-96.639781000058633,40.929172000291956],[-96.63817799955325,40.929165000229602],[-96.634110000348684,40.929146999871797],[-96.633949999616789,40.937665000080415],[-96.633946000317152,40.943610999829694],[-96.643269000203375,40.943655999683934],[-96.643268000378455,40.943868999799214],[-96.643285999921801,40.94749099990419],[-96.643306999838202,40.951020000190496],[-96.643341999998299,40.953171000238115],[-96.643362999914686,40.954535000294179],[-96.643383000006182,40.955487999986666],[-96.643412000318492,40.956903999825599],[-96.643439999907599,40.957867000217561],[-96.643419999816103,40.958299000076529],[-96.640778999593181,40.958282000151257],[-96.633946000317152,40.958235000175364],[-96.633892999715385,40.960876000129616],[-96.633696000071893,40.963731999790063],[-96.633613000231222,40.964763000130667],[-96.633708999592372,40.964897999767565],[-96.633635999797448,40.965036000045558],[-96.633424999910247,40.972658999750898],[-96.642731999902935,40.972724000323424],[-96.642847000428972,40.972725000060436],[-96.642967000079565,40.972725999797426],[-96.642993000018848,40.972725999797426],[-96.643495000159191,40.972730000101741],[-96.661966000029437,40.972863999982586],[-96.662136999733647,40.969524999669488],[-96.662157999650049,40.969116999786294],[-96.662186000137467,40.96858000026905],[-96.662304000138249,40.966280999918411],[-96.662315999833808,40.96604499985667],[-96.662321999681581,40.96591600025085],[-96.662331999727328,40.965716999875383],[-96.662335000100384,40.965652999705455],[-96.662339000298346,40.965590999842057],[-96.662705999821142,40.958431000185648],[-96.662694999950489,40.956447000070447],[-96.662632000201299,40.943826999935979],[-96.662646000445008,40.940160999792212],[-96.662649999744644,40.939117000154774],[-96.662652000292795,40.938545000090272],[-96.662654999767526,40.93764000015949],[-96.662669999836126,40.929345000144032],[-96.662701999623181,40.914891999987454],[-96.662749000377175,40.909297000069131],[-96.662802000080603,40.904040000004457],[-96.662838999890539,40.900537000028976]]]},"properties":{"AREALAND":17478781,"AREAWATER":0,"BASENAME":"68514","CENTLAT":"+40.9340630","CENTLON":"-096.6507429","FUNCSTAT":"S","GEOID":"68514","HU100":110,"INTPTLAT":"+40.9340630","INTPTLON":"-096.6507429","LSADC":"Z5","MTFCC":"G6350","NAME":"ZCTA5 68514","OBJECTID":4564,"OID":"221704258328402","POP100":266,"ZCTA5":"68514","ZCTA5CC":"B5"}},{"type":"Feature","id":4567,"geometry":{"type":"Polygon","coordinates":[[[-96.702391999716752,40.605147000109326],[-96.702404000310622,40.604646999869921],[-96.702368000325606,40.604253999710792],[-96.701970999767255,40.601713999974628],[-96.701547000343069,40.598440000253376],[-96.701446999885619,40.59752700003758],[-96.701332000257892,40.596694000312816],[-96.701288999701873,40.596348000051464],[-96.701178000272108,40.595563000079302],[-96.70022400022016,40.595579000338482],[-96.686588000008655,40.595802000183895],[-96.6862590001207,40.581307999802739],[-96.681944000145606,40.581326999939101],[-96.681484999662985,40.581329000312238],[-96.675121999841906,40.581357000071613],[-96.667445000118761,40.581398000185409],[-96.663083000287997,40.58138700019061],[-96.658959000108638,40.581376000194012],[-96.648519999788746,40.581350000132865],[-96.640228999772276,40.581413999740441],[-96.639160999917507,40.58142199985766],[-96.629654999733191,40.581546999688548],[-96.619575000336809,40.581562999890195],[-96.610803000096411,40.58160600024258],[-96.607013999652793,40.581620000065769],[-96.606615000342927,40.581621000247956],[-96.605301000440875,40.581625999794156],[-96.591804000146567,40.581674999830035],[-96.591541000380815,40.567235999743787],[-96.591261999823246,40.552732000027035],[-96.572396999767705,40.552971000283598],[-96.572488999829204,40.567363000257181],[-96.55827600003262,40.567038999674168],[-96.558144999613049,40.581498000241162],[-96.550862999900119,40.581449000075573],[-96.539298999824084,40.581369999760973],[-96.539313999892684,40.571912999786115],[-96.539317000265726,40.566928999919895],[-96.530611000147573,40.566891000335012],[-96.520289000003558,40.566846999675313],[-96.520365000171523,40.573635000171549],[-96.520483999997225,40.581246999974866],[-96.520492000393148,40.582543000169068],[-96.520572999685683,40.595675999738646],[-96.520652000226718,40.602902000269346],[-96.520772999702231,40.605176999786494],[-96.5210520002598,40.610406000283611],[-96.521002999855995,40.613690999803254],[-96.520832000151771,40.625015000020682],[-96.528053999590227,40.625124999701576],[-96.533998000009973,40.625214999739683],[-96.539860000413967,40.625304000127741],[-96.55896800014375,40.625532000013919],[-96.558671999867741,40.64000100009762],[-96.562130999700173,40.640109000336984],[-96.563832999939748,40.640161999721499],[-96.568173000029205,40.640297000008637],[-96.568433000320198,40.640275000313693],[-96.57241000018648,40.639941999956228],[-96.57244399962336,40.632517000098424],[-96.572476000308725,40.625457000119297],[-96.572530999662007,40.618217999896196],[-96.576195000432151,40.61821700026141],[-96.584847000123645,40.618215000309974],[-96.590972000293334,40.618213999993252],[-96.591220999815377,40.618234999821972],[-96.591265000196316,40.62545100023322],[-96.591307999853996,40.629071999863378],[-96.591397000440779,40.635372999983346],[-96.591405999763296,40.635466000019605],[-96.591433000425795,40.635578000323783],[-96.591485000304331,40.635698000197728],[-96.591521000289347,40.635758000053819],[-96.59233300005107,40.636839999907217],[-96.592386999579432,40.636918000079618],[-96.592419000264812,40.636975000095532],[-96.592449000402013,40.63704399979855],[-96.592471999968225,40.637115000179293],[-96.592487999861774,40.637190999965448],[-96.592495000432777,40.637276999977864],[-96.592501000280564,40.63760199978551],[-96.592503999755294,40.637831999993807],[-96.592540999565216,40.639925000102195],[-96.598388999725472,40.639868999870771],[-96.599293000447034,40.639859999938778],[-96.603129999672916,40.639824000198509],[-96.610404999713154,40.639753999966445],[-96.61666399977716,40.639728000114729],[-96.618107000448973,40.639722000147522],[-96.620022000225575,40.639714000190374],[-96.620018000027613,40.641712999884469],[-96.620026000423522,40.647135000266047],[-96.620023999875386,40.647710000337263],[-96.62027599977047,40.647710000337263],[-96.620455999695523,40.647710000337263],[-96.620625999574827,40.647710000337263],[-96.620809999697869,40.64770700003087],[-96.620958999660772,40.647695000167182],[-96.621083000407651,40.647679999993777],[-96.621228000172607,40.647653999821486],[-96.621367000089776,40.64762199970037],[-96.621480000067663,40.647590000245451],[-96.621599999718271,40.647549999712524],[-96.621701000000613,40.647515999785973],[-96.621855999811302,40.647474000133379],[-96.621994999728486,40.647446000123153],[-96.622143999691403,40.647424999937343],[-96.622299000400403,40.647412000143603],[-96.622463000431949,40.6474099997032],[-96.622594999778116,40.647415999660943],[-96.622747000114089,40.647431999772834],[-96.622862999566706,40.647451000198863],[-96.622999999834065,40.647480000085373],[-96.623138999751248,40.647519000100935],[-96.623260999949977,40.647562000283891],[-96.623357000209438,40.647601000251534],[-96.623373999927878,40.647609999821384],[-96.623450000095843,40.647643999700058],[-96.623532000111609,40.647687999677736],[-96.623611999579254,40.64773499993165],[-96.62369500031825,40.647789999824205],[-96.624050000145473,40.648037000207879],[-96.624117000092639,40.6479779996723],[-96.624196999560255,40.647899000282813],[-96.6242629996825,40.647825000165973],[-96.62432499960677,40.647745000039379],[-96.624367000337884,40.647683000301328],[-96.624403000322886,40.647624000134364],[-96.624444000330783,40.647547000080543],[-96.624481999965624,40.647463000106427],[-96.624512999927745,40.647377000266779],[-96.624538999867013,40.647283999784484],[-96.62455800013359,40.647187000323306],[-96.624569000004243,40.647082000283916],[-96.624570999654068,40.646832000109399],[-96.624569999829163,40.646728000082717],[-96.624569999829163,40.64666099994686],[-96.624567000354432,40.644880999816166],[-96.627611999910073,40.644861000104044],[-96.629433999800241,40.644850000328013],[-96.629447000219031,40.654114000206192],[-96.629606000227696,40.654124999818329],[-96.634105000325803,40.654093000074255],[-96.634163000052112,40.654089000275569],[-96.63826899978983,40.65406599989489],[-96.639134000153334,40.654059000073808],[-96.648569000192552,40.653994000044705],[-96.648609000375515,40.644158999732625],[-96.648612999675166,40.643188999707711],[-96.648622999720899,40.640640999748392],[-96.648575000040324,40.639612999967497],[-96.655547000131861,40.63956900011955],[-96.658544000006927,40.639550000176264],[-96.663284999954371,40.639521000252394],[-96.666925000435086,40.639489000321731],[-96.667507999867951,40.639477999660393],[-96.667384999844316,40.632583000013852],[-96.667247999576944,40.624949000125163],[-96.667290000308057,40.624833000212753],[-96.676855999868536,40.624807000004893],[-96.680398000439965,40.624796999869794],[-96.686804999743643,40.62477900003195],[-96.68685900017033,40.617441000275882],[-96.687491999831892,40.616958000214254],[-96.687793000130782,40.616733000035239],[-96.688384999784489,40.616334999672155],[-96.688783000167746,40.616075999867164],[-96.689357000278108,40.615735000098631],[-96.690266999949131,40.615237000015405],[-96.690647999715623,40.615036999742387],[-96.693068999830516,40.613745999784442],[-96.694637000175803,40.612914999755894],[-96.696125000155149,40.612132000117164],[-96.696683000371962,40.61180899992366],[-96.697377000132917,40.611385000257499],[-96.697632000401057,40.611198999815514],[-96.697895999991701,40.610971000107362],[-96.698259000214847,40.610647999757397],[-96.69845500003342,40.610429999774581],[-96.699876000065615,40.609053000035928],[-96.700523999795806,40.608414999990281],[-96.7007129999417,40.608182000042547],[-96.701056999898285,40.607825999961491],[-96.701606999719203,40.607112999765143],[-96.701837999697872,40.606841000166966],[-96.702096000339054,40.606321999793039],[-96.702204000294074,40.60607000012898],[-96.7023039998532,40.605677999975406],[-96.702391999716752,40.605147000109326]]]},"properties":{"AREALAND":93153994,"AREAWATER":1243598,"BASENAME":"68372","CENTLAT":"+40.6049799","CENTLON":"-096.6053861","FUNCSTAT":"S","GEOID":"68372","HU100":1320,"INTPTLAT":"+40.6025265","INTPTLON":"-096.6004497","LSADC":"Z5","MTFCC":"G6350","NAME":"ZCTA5 68372","OBJECTID":4567,"OID":"221704258327850","POP100":3813,"ZCTA5":"68372","ZCTA5CC":"B5"}},{"type":"Feature","id":4861,"geometry":{"type":"Polygon","coordinates":[[[-96.60339499998679,41.001284000005668],[-96.604170999763511,40.986852999962991],[-96.601652999564237,40.986841000262494],[-96.594681000371025,40.986807000195022],[-96.594318000147851,40.986804999791602],[-96.585042000117326,40.986803000066246],[-96.585751999771787,40.972350999694207],[-96.575349000335251,40.972278000126195],[-96.572253999652574,40.972256000333488],[-96.570363999990334,40.972241999844925],[-96.569712000062154,40.972236999766643],[-96.568074000294999,40.972225999864364],[-96.566618000102707,40.972215999704979],[-96.566864999974911,40.966611999976919],[-96.567168999748532,40.959975999920999],[-96.567270999855793,40.957749999797464],[-96.562787999651192,40.957756000258961],[-96.556691999793813,40.957765999896182],[-96.558616999616163,40.956373999868433],[-96.567282999551352,40.949905000145435],[-96.567292999597086,40.943248000020112],[-96.567301999817929,40.937208999763833],[-96.567316000061624,40.928896000178753],[-96.567316000061624,40.928742999752103],[-96.567290999947261,40.927918999706669],[-96.567280999901527,40.927584999847106],[-96.567299000343183,40.926989000252362],[-96.567322999734316,40.926211999780563],[-96.567327999757197,40.924616999861961],[-96.567357999894412,40.914246000085519],[-96.567389999681467,40.912446000059596],[-96.567403999925162,40.912234999730025],[-96.567407000298232,40.912055000055588],[-96.567366000290335,40.911226999722047],[-96.567393000054537,40.900012000092254],[-96.567502999659368,40.897335999723772],[-96.567326999932277,40.896440000268349],[-96.567282999551352,40.896303000136079],[-96.567184999642066,40.895982999782355],[-96.567142999809263,40.89584400029667],[-96.567322999734316,40.895908999760309],[-96.567638000276901,40.895740999751673],[-96.567823000224834,40.895638999950535],[-96.567750000429882,40.895608999979054],[-96.567664000216169,40.895575999994783],[-96.567784999691696,40.895517000208201],[-96.568379999718431,40.895203000159448],[-96.568552999970805,40.895115000077332],[-96.56866299957565,40.895055999879602],[-96.568821999584316,40.894971999864055],[-96.57022099987519,40.894226000106976],[-96.57178099982454,40.893412999755832],[-96.571529999754389,40.893141000098318],[-96.571451000111665,40.893061000066169],[-96.571323999890055,40.892957999941657],[-96.57118099977491,40.892867000146552],[-96.571047999705527,40.892801000142249],[-96.570906000313613,40.892745000045849],[-96.570757000350696,40.892700000152281],[-96.570603000364926,40.892667999666045],[-96.570419000241898,40.892645000240755],[-96.569512999870526,40.892633999981371],[-96.569028000346947,40.892632000119207],[-96.568840000025986,40.892627000124008],[-96.568653000428213,40.892605999868394],[-96.568445999840677,40.892560000287617],[-96.568274000311547,40.892502000121077],[-96.56815700013567,40.892450999780472],[-96.568024999891179,40.892380000026392],[-96.56790299969245,40.892299999753085],[-96.567776000369165,40.892194000328452],[-96.567666999690914,40.892076999702908],[-96.567578000002442,40.891950999738135],[-96.567517999727997,40.891837000209989],[-96.567468000397596,40.891698999767804],[-96.567443000283234,40.891570000260458],[-96.567438000260367,40.891515999697127],[-96.56747900026825,40.88526000031294],[-96.576204999579588,40.885343000053446],[-96.586418999768554,40.88541500026772],[-96.586561999883699,40.870983000261162],[-96.567506000032438,40.87086299973447],[-96.549446000065913,40.870749999803905],[-96.540046000186791,40.870778000333701],[-96.539997999607905,40.885245999716354],[-96.530370999948062,40.885391999679584],[-96.529175000046777,40.885390999978611],[-96.525484000410742,40.885386000115382],[-96.520935000083938,40.885379999871496],[-96.510381999961226,40.885368999762555],[-96.501851999570164,40.885381000251733],[-96.491756000280262,40.885386999816376],[-96.482778000175543,40.885424000288992],[-96.482801999566675,40.882653999874833],[-96.482905000397167,40.870935000076614],[-96.464949000187715,40.870976000151543],[-96.463713999928373,40.870951000141986],[-96.463713999928373,40.87096399976771],[-96.463713999928373,40.870978999907472],[-96.463713999928373,40.871060000060062],[-96.463713999928373,40.872083999951549],[-96.463713999928373,40.875586999886281],[-96.463713999928373,40.875754000276523],[-96.463713999928373,40.877723000256694],[-96.463713999928373,40.878489000151347],[-96.463713999928373,40.885477999711789],[-96.463503000041172,40.885476000312494],[-96.463072999870846,40.885476000312494],[-96.461477999761385,40.885476000312494],[-96.460769999756749,40.8854839999468],[-96.457864999943183,40.8854839999468],[-96.456479999896004,40.88547700001218],[-96.455976999930769,40.885470999776537],[-96.453227999752798,40.885474000233977],[-96.452666000236334,40.88546799999812],[-96.452113000042388,40.885461000061753],[-96.451887000086586,40.885458000282874],[-96.451364999854746,40.885456999903802],[-96.448936000242256,40.885454000124689],[-96.448205999597974,40.885461000061753],[-96.446125000140029,40.88545600020381],[-96.446141999858469,40.885737000192059],[-96.446202000132914,40.888293999955579],[-96.446478000317455,40.899929999900465],[-96.446490000013014,40.900428999916826],[-96.446506999731454,40.90201900027651],[-96.446498000408923,40.902597000167383],[-96.446479999967266,40.903685000197484],[-96.446490000013014,40.90518700009936],[-96.446488000363189,40.90583100010992],[-96.446486999639959,40.906181000289557],[-96.446483000340308,40.906676999815581],[-96.446479000142361,40.907216999876901],[-96.4464749999444,40.907679999723442],[-96.44647199957133,40.909020999780793],[-96.446469999921518,40.910030000161775],[-96.446459000050879,40.912577000205268],[-96.446439999784303,40.914140999795116],[-96.446430999563461,40.914419000316627],[-96.448282999590859,40.914419000316627],[-96.448429999903965,40.914419000316627],[-96.450079000440098,40.914434000111306],[-96.451246000029059,40.914435000052222],[-96.452160999722963,40.914426999845503],[-96.453292000225233,40.914432000229382],[-96.453728000243331,40.914434000111306],[-96.455221000245544,40.914467000190648],[-96.455992999824289,40.914467000190648],[-96.456747999684623,40.914467000190648],[-96.457842000376957,40.914478000213471],[-96.459915000337304,40.914483999854852],[-96.461168000139992,40.914480000094017],[-96.461753000121007,40.914482999914675],[-96.4625680002558,40.914485999735199],[-96.462976999611399,40.914481999974441],[-96.463251999971007,40.914482999914675],[-96.463538000201268,40.914501000193489],[-96.463727000347149,40.914520999667886],[-96.463728000172068,40.916475000127299],[-96.463728000172068,40.916696000248074],[-96.463728999996974,40.917355999881252],[-96.463728999996974,40.917749000219885],[-96.463728999996974,40.917771999740701],[-96.46373200037003,40.920677999683235],[-96.46373200037003,40.92069099972273],[-96.46373200037003,40.921130000024561],[-96.46373200037003,40.921346000333614],[-96.46373200037003,40.921666000147489],[-96.458066999609542,40.924235999861622],[-96.453329999860074,40.92639999971054],[-96.452473999717398,40.926808000274747],[-96.452096000323948,40.926987999822622],[-96.450399999932145,40.927739999719599],[-96.449358000016645,40.928212000034428],[-96.448551000277803,40.928576999806751],[-96.447415999577558,40.929098999798754],[-96.446248000163678,40.929615999825565],[-96.44597199997915,40.929741000265821],[-96.445958999560361,40.930605999763934],[-96.445807000122713,40.932755999997788],[-96.445745000198428,40.934289999827968],[-96.445734000327775,40.934723000213388],[-96.445700999817504,40.935956999876431],[-96.445683000274158,40.936676999940069],[-96.445669999855369,40.93750700028545],[-96.445551999854587,40.943413000242593],[-96.446213000003581,40.943414999926134],[-96.448614999851884,40.943424000197545],[-96.455321999629547,40.943465000136818],[-96.461543999883645,40.943503000190191],[-96.462836000044391,40.943500000329649],[-96.463350999705213,40.94349900014992],[-96.463737000392896,40.943492999749736],[-96.463739000042722,40.944108999765454],[-96.463739999867627,40.944660999974104],[-96.463742000415763,40.945235999780415],[-96.463745999715414,40.946534000267519],[-96.463747000438644,40.946908999837881],[-96.463747000438644,40.946946999945133],[-96.46374900008847,40.947252000138619],[-96.463832999754047,40.950741000230778],[-96.463776999677549,40.954868000254763],[-96.463765999806895,40.955665000101149],[-96.463765999806895,40.955725999796805],[-96.463764999981976,40.955897999992033],[-96.463764999981976,40.955924999768996],[-96.463764999981976,40.955964000105745],[-96.463764000157084,40.956074999685633],[-96.4637940002943,40.956085000255932],[-96.463828999556085,40.956099000101972],[-96.463934000036403,40.956134999692523],[-96.46406399973273,40.956183999782077],[-96.464277000168053,40.956271999990051],[-96.464561999675098,40.956408000019053],[-96.464604000406212,40.95642399976461],[-96.464652999911706,40.956447000070447],[-96.464750999820978,40.956481000183416],[-96.465063999815428,40.95655200030302],[-96.465240000440829,40.956556000231075],[-96.465602999765693,40.95660100008304],[-96.466013999669414,40.95659200025078],[-96.466780000298712,40.956614999819699],[-96.466893000276613,40.95662400032726],[-96.466925999888588,40.956617999762869],[-96.467155000217431,40.956611999876415],[-96.467504000196897,40.956647999865574],[-96.467853000176348,40.956743999966946],[-96.468340000248077,40.956935999750776],[-96.468905999962516,40.957073999716911],[-96.468971000259842,40.957118999894185],[-96.469058000298475,40.957145999850169],[-96.469152999834719,40.957201999673359],[-96.469322999714024,40.957307000061846],[-96.46948400027081,40.957356999929701],[-96.469742999838601,40.957449999773125],[-96.469937999832268,40.957505000049295],[-96.470189999727339,40.95753199984734],[-96.470679000347204,40.957665000098615],[-96.470792000325105,40.957665000098615],[-96.470968000052196,40.957634999779685],[-96.471209999901532,40.957608000023718],[-96.471277999673589,40.957582000223191],[-96.471465999994578,40.957501000178738],[-96.471582000345521,40.957459000166828],[-96.471667999660923,40.957418000097107],[-96.471855999981912,40.957284000055651],[-96.472169999801267,40.957006000084277],[-96.472424000244473,40.956672000073631],[-96.472516000305987,40.956569999977226],[-96.472570999659268,40.956498999876985],[-96.472603000344634,40.956465999756631],[-96.472713999774399,40.956374999853203],[-96.472849000391932,40.956247000328347],[-96.47296499984455,40.956107000012679],[-96.473067999776717,40.955963000114799],[-96.473179999929712,40.955820999889042],[-96.473281000212069,40.955630000250295],[-96.473357000380034,40.955520999917482],[-96.473446999893426,40.955418000078716],[-96.473580999787714,40.955288000052839],[-96.473728000100806,40.955119000314816],[-96.473856999972227,40.954938000067472],[-96.474022999653585,40.95463300009844],[-96.474061000186737,40.954510999987626],[-96.474118999913046,40.954395999754674],[-96.474277000096791,40.954132000096124],[-96.474383000402,40.953987999960717],[-96.474471000265567,40.953884999765478],[-96.474581999695332,40.953697000028818],[-96.474723999985557,40.953385000222703],[-96.474770999841198,40.9533109999958],[-96.474866000275767,40.953211000199175],[-96.475391999807215,40.952795000233721],[-96.475539999945241,40.952743000223357],[-96.475698999953892,40.952714999783311],[-96.475903000168401,40.952658000183462],[-96.475999000427862,40.952619999970558],[-96.476254999622583,40.952468000257277],[-96.476417999829209,40.952357000040202],[-96.476459999661998,40.9523330002988],[-96.476556999746364,40.952295999945392],[-96.476658000028721,40.95226299975937],[-96.47670499988439,40.952243000173127],[-96.476877000311845,40.952143000115782],[-96.476992999764462,40.952055999881594],[-96.477068999932442,40.951982000200474],[-96.477145000100435,40.951872999950666],[-96.477227999941107,40.951720999874496],[-96.477361999835423,40.951541999925269],[-96.477503000300715,40.951365000290465],[-96.477520000019169,40.951327000011887],[-96.477561999851957,40.951164000014856],[-96.477580000293628,40.951126000299027],[-96.477607000057802,40.951090000012407],[-96.477642000217898,40.95105799996734],[-96.477680999677631,40.951030000169581],[-96.477816000295178,40.950960000284063],[-96.478665999691728,40.950678999928854],[-96.478762999776123,40.950642000005452],[-96.478910000089215,40.950597000162354],[-96.479167000007152,40.950532000184054],[-96.479516999811523,40.950497999721094],[-96.479751000163262,40.950506999705659],[-96.479856999570146,40.950523000202907],[-96.479910999996832,40.950525999744464],[-96.479965000423505,40.950522000129538],[-96.480015999578825,40.950507999779248],[-96.480110000188461,40.9504660000676],[-96.480153999671074,40.950442000317246],[-96.480391000395841,40.950341000169885],[-96.480490999954966,40.950308999761802],[-96.480594999712039,40.950287000108318],[-96.480809999797188,40.950261000138333],[-96.480918999577142,40.950256999828866],[-96.481136000210427,40.950269000078002],[-96.481349999572359,40.95029299989119],[-96.481558999809721,40.95034000009376],[-96.481711000145694,40.950382999961093],[-96.481925000405951,40.95041400025832],[-96.482250000095959,40.950417999879733],[-96.482466000006013,40.950438000018792],[-96.482680000266271,40.950464999993372],[-96.482939999658939,40.950524999671146],[-96.483092999819817,40.950567000023753],[-96.483384000072945,40.950678999928854],[-96.48361900024959,40.95078199969808],[-96.483721000356852,40.950809000210462],[-96.483933000068959,40.950846000040286],[-96.484041000023979,40.950853999909079],[-96.484204000230619,40.950860000318855],[-96.484257999758967,40.950866000049658],[-96.484360999691134,40.950890999713629],[-96.484558000232937,40.950960999672354],[-96.484603000438767,40.95098299977969],[-96.484684999556222,40.951038000016069],[-96.484760999724202,40.951096999786976],[-96.48480500010514,40.951120999977675],[-96.485097000183188,40.951231000174694],[-96.485251000168972,40.951269999892148],[-96.48551399993471,40.951321000322984],[-96.485674999593186,40.951341000188464],[-96.485883000005643,40.951388999705323],[-96.486129000052955,40.951476000139905],[-96.486484999705098,40.951576999908006],[-96.486848999753178,40.951658999814356],[-96.487139000181401,40.951773000011336],[-96.487510999727064,40.951943000225114],[-96.487607999811459,40.951979000046634],[-96.487916999607933,40.95205699993172],[-96.488022000088236,40.952077000252771],[-96.488183999571618,40.952092999691075],[-96.488234999625249,40.952106000334318],[-96.488280999655998,40.952129000109224],[-96.48832000001407,40.952158000167977],[-96.48842799996909,40.952250999872653],[-96.488549000342928,40.952333999666308],[-96.488638000031386,40.952379999727668],[-96.488832000200148,40.952454000319634],[-96.489181000179599,40.952569999907098],[-96.489284000111766,40.952594000240815],[-96.489875999765459,40.952655000060339],[-96.490088000375877,40.952691000172045],[-96.490140000254414,40.952702999978754],[-96.490188999759923,40.952721000024013],[-96.490457000446824,40.952862000095422],[-96.490449999875807,40.952899000131623],[-96.490519000371108,40.95296399981499],[-96.490598999838724,40.95301999979359],[-96.490772999916018,40.953117999811397],[-96.49087199965021,40.953153000315581],[-96.491080000062666,40.953199999839171],[-96.491132999766123,40.953206000035792],[-96.491417000346573,40.953215999683778],[-96.491569999609126,40.953232000202981],[-96.491619000012918,40.953250000103964],[-96.491766000326024,40.953370999801045],[-96.492000999604343,40.953598000165208],[-96.492253000397739,40.953813000146084],[-96.492424999926868,40.953972000303196],[-96.492511000140595,40.954023000003666],[-96.492653000430835,40.954083999859726],[-96.492954999656305,40.954258000296115],[-96.493178999962282,40.954374000106107],[-96.493323999727238,40.954432000273862],[-96.493526000291908,40.954490999725522],[-96.493620999828153,40.954531000243719],[-96.493671999881784,40.954544999740875],[-96.493937000195658,40.9545900002853],[-96.4944619999022,40.954694000069296],[-96.494775999721568,40.954762000048184],[-96.494981999585889,40.954813999825184],[-96.495180999777517,40.954879999665771],[-96.495232999656068,40.954890999745857],[-96.495340999611088,40.954897999795882],[-96.495503999817714,40.954892999760261],[-96.495611999772734,40.954883999695141],[-96.495937000361067,40.954840000037542],[-96.496460000417798,40.95473099975721],[-96.496674999604622,40.954755999993026],[-96.496782999559656,40.954758000011473],[-96.497322000408246,40.954703000160315],[-96.497538000318301,40.954690000028414],[-96.497699999801696,40.954673999862635],[-96.497807999756716,40.954668999809989],[-96.498078999918377,40.954681999945983],[-96.498564000340281,40.954726999718581],[-96.498726999648582,40.954732999776418],[-96.498834999603616,40.954741999862122],[-96.498991999962456,40.954773000147924],[-96.499093000244784,40.954804999749285],[-96.499284000040504,40.95488299968784],[-96.499431000353596,40.95493700006093],[-96.49958899963903,40.954965000237024],[-96.499797000051473,40.955012999832867],[-96.499998999717846,40.955073000126561],[-96.500284999948107,40.955191999869342],[-96.500407000146865,40.955217999932827],[-96.500557999759593,40.955263000018491],[-96.500802999981985,40.955352000097548],[-96.500905999914139,40.955379000097835],[-96.501117999626246,40.955413000082487],[-96.501442000389645,40.955442000055534],[-96.50160200022323,40.95546600002362],[-96.50163300018535,40.955468000020552],[-96.501620999591481,40.957900000315945],[-96.501630999637229,40.96517700026746],[-96.498154000261465,40.965188999839469],[-96.496796999803365,40.965193999773589],[-96.482836999726771,40.965243999771801],[-96.482995999735436,40.972494000044698],[-96.482937000184208,40.98107500006504],[-96.482887999780417,40.987021999808086],[-96.501917999692424,40.987010000138341],[-96.501925000263412,40.99756699982273],[-96.501925000263412,40.998325000209533],[-96.501926999913238,41.001524999988817],[-96.511751000114884,41.001488000099272],[-96.516271999954299,41.001470999776643],[-96.521248000078373,41.001452000168541],[-96.524590999559848,41.001435999816351],[-96.530592999705902,41.001407999699175],[-96.530591000056077,41.001818999765156],[-96.530806000141254,41.003821999857699],[-96.530770999981158,41.013967999875504],[-96.530764000308452,41.015894000290338],[-96.540378000447816,41.015849000213613],[-96.544146000076722,41.015818000157942],[-96.544071999558554,41.015954999878332],[-96.544038999946608,41.016117999778047],[-96.544088000350399,41.016200000132358],[-96.544100999870878,41.016239000083189],[-96.544125000160321,41.016360999919314],[-96.544170000366151,41.016480000275173],[-96.544209999650818,41.016557000071884],[-96.544315999956041,41.016700999881536],[-96.544464000094038,41.016872999712305],[-96.544730000232818,41.017135000293777],[-96.544835999639716,41.017227000173136],[-96.544885999868427,41.017245000237629],[-96.545042000402361,41.017280999674121],[-96.545140000311648,41.017318000185256],[-96.545182999969342,41.017342000011077],[-96.545250999741413,41.017406999919061],[-96.545291999749296,41.017432999864326],[-96.545338999604951,41.01745500017492],[-96.545388999833662,41.017471999762954],[-96.54570100000322,41.017545000136799],[-96.545799999737412,41.017578999939758],[-96.545891999798911,41.017622000044199],[-96.54609699983834,41.017759000079401],[-96.546173999831225,41.017815999693475],[-96.546236999580415,41.017883999679896],[-96.546260999869858,41.017920999852308],[-96.546279000311515,41.01795899973299],[-96.546286999809126,41.018000000132567],[-96.546302999702661,41.018206000117488],[-96.546290000182182,41.018329999824054],[-96.546276999763393,41.018370000269982],[-96.54625199964903,41.018405999769371],[-96.546219999861975,41.018439999805707],[-96.546183000052054,41.018470999982995],[-96.546137999846209,41.018493999667818],[-96.546035999738962,41.018521999980557],[-96.545928999608833,41.018538999971007],[-96.545767000125437,41.018548999883585],[-96.54560499974373,41.01856399974956],[-96.545500000161752,41.018584000243393],[-96.545398000054504,41.018614999675165],[-96.545351000198835,41.018635999872238],[-96.545309000366046,41.018661000291765],[-96.545232000373161,41.018719999915859],[-96.545020999587649,41.018908000077147],[-96.544940000295099,41.018964000338741],[-96.544850999708331,41.019010999746939],[-96.544801000377944,41.019026999898365],[-96.544695000072721,41.019045999861298],[-96.544424999735995,41.019071999837358],[-96.544375000405594,41.019087999973962],[-96.54428099979593,41.019130000059796],[-96.544238000138222,41.019156000002745],[-96.544202999978125,41.019186999843043],[-96.54415600012247,41.019261000058798],[-96.544121999787265,41.019340000087475],[-96.544085999802249,41.019502000038585],[-96.544073000281784,41.01962500031275],[-96.544074000106704,41.01979000002224],[-96.544090999825144,41.019954000297425],[-96.544115000114573,41.020033999870179],[-96.544178999688683,41.020192000011747],[-96.544202999978125,41.020229000243233],[-96.544233000115355,41.020263000016321],[-96.544304000260453,41.020325999688978],[-96.544382999903192,41.020382999792695],[-96.544428000109022,41.02040600016543],[-96.544475999789597,41.020424999730587],[-96.544526999843228,41.020439999847099],[-96.544632000323531,41.020461999831127],[-96.544685999851879,41.020465000259662],[-96.544849999883411,41.020465000259662],[-96.545120000220152,41.020448000088592],[-96.545280999878642,41.020428000160813],[-96.545332999757179,41.020415000102815],[-96.545432000389695,41.020391999733228],[-96.545584999652263,41.020349999774304],[-96.545745000384144,41.020325999688978],[-96.545853000339179,41.020320999867771],[-96.546178999854106,41.020342000198681],[-96.546284000334396,41.020362000152574],[-96.546384999718413,41.020393000103098],[-96.546430999749177,41.020415000102815],[-96.547156000370578,41.020850000128576],[-96.547311000181281,41.020964999740919],[-96.547397000394994,41.021015000158052],[-96.547578999969872,41.02110599968114],[-96.547722999909922,41.021164000145738],[-96.547919999553415,41.021232000064472],[-96.548076999912254,41.021265999997553],[-96.54834300005102,41.021310000084199],[-96.548547000265543,41.021367000014102],[-96.548594000121199,41.021387000334514],[-96.548773000221331,41.021480999725931],[-96.548822999551732,41.021498000308121],[-96.54892600038221,41.021523999994024],[-96.549137000269411,41.021563999855701],[-96.549239000376659,41.021594000244328],[-96.549281000209461,41.021617999867601],[-96.549389000164496,41.021712000284836],[-96.54948000040109,41.021813999965673],[-96.549579999960201,41.021959999818733],[-96.549573000287509,41.022102999672057],[-96.549579000135282,41.022185000030781],[-96.549605000074564,41.022306999697896],[-96.549639000409755,41.022400999809442],[-96.549677999869488,41.022504999776537],[-96.549698999785889,41.022585999976002],[-96.54970399980877,41.022667999733407],[-96.549697000136078,41.022750000066402],[-96.549676000219677,41.022830999964548],[-96.549656000128181,41.02287000005569],[-96.54962400034114,41.022903999820869],[-96.549584000158163,41.022930999960778],[-96.549537000302493,41.022952999790469],[-96.549439000393207,41.022987999843203],[-96.549333999912918,41.023010000331595],[-96.549173000254427,41.02302699984137],[-96.548901000267861,41.023034999768626],[-96.548686000182713,41.023061000203235],[-96.548582000425625,41.023082999989505],[-96.548531000372009,41.02310000015818],[-96.548486000166164,41.023123000259766],[-96.548449000356243,41.023152000288029],[-96.548385999708742,41.023220999836582],[-96.548307000066018,41.023328999809856],[-96.548244000316828,41.023441999868417],[-96.548180999669313,41.023599999967125],[-96.548153000080234,41.023721999723861],[-96.548146000407542,41.023845000249807],[-96.548159999752926,41.024051000252364],[-96.548179999844422,41.024174000163782],[-96.548195999737942,41.024213000137337],[-96.54822099985229,41.02425000014302],[-96.54828399960148,41.024316999953818],[-96.548398000302626,41.024405999718546],[-96.548483999618028,41.024456999864519],[-96.548582000425625,41.024491999795721],[-96.548687000007618,41.02451300015214],[-96.548902999917686,41.024533000194879],[-96.549011999697626,41.024533999824122],[-96.54911999965266,41.024524000142499],[-96.549224000308058,41.024500999852478],[-96.549273999638459,41.024482999737735],[-96.549365999699972,41.024440000046141],[-96.549493999746474,41.024362999976681],[-96.549571999564279,41.024305000296181],[-96.549636000036699,41.024239000106832],[-96.54987700006113,41.023868999730539],[-96.549933000137614,41.023798999865122],[-96.549970999772441,41.023770000121758],[-96.55001500015338,41.023743999967053],[-96.550108000039799,41.023700999792936],[-96.55015900009343,41.023687999703299],[-96.550212999621792,41.023683000137311],[-96.550267999873384,41.023683999779408],[-96.550322000300056,41.023690999984872],[-96.550425000232224,41.023717000160453],[-96.550688999822853,41.023768000162335],[-96.550894999687173,41.02381900012471],[-96.55099400031969,41.02385500003448],[-96.551038999627224,41.023877999872447],[-96.551076000335456,41.023907000245984],[-96.55110399992455,41.023943999745853],[-96.551140999734486,41.024021000305225],[-96.551163000374089,41.024101999995587],[-96.551161999650873,41.02414400027267],[-96.551150999780219,41.024185000210771],[-96.551129999863818,41.024220999920523],[-96.551030000304706,41.024320000206792],[-96.550970999855167,41.024388999887002],[-96.550831999937984,41.024613000305152],[-96.550729000005816,41.02475799974907],[-96.550547000430953,41.024962999983806],[-96.550497000202242,41.025036000187725],[-96.550479999585491,41.025075000328521],[-96.55047600028584,41.025116999985045],[-96.550502000225109,41.025152000243196],[-96.550540999684856,41.025181999675063],[-96.550672999929333,41.025255000313919],[-96.550841999983717,41.025358999840265],[-96.550976999702939,41.025427000171604],[-96.551401000025479,41.025611999970209],[-96.551674999661842,41.025746000140877],[-96.551802999708372,41.025822999948623],[-96.551915999686273,41.025911999711113],[-96.551980000158693,41.02597899986413],[-96.552005000273056,41.026016000233],[-96.552023999641321,41.026054999793345],[-96.552036000235191,41.026095000291562],[-96.552035000410285,41.026138999862752],[-96.552006999922867,41.026169000200404],[-96.55195699969417,41.026188000136088],[-96.551903999990714,41.026202000013903],[-96.551581999775436,41.02624499991034],[-96.551477000193458,41.026266999988373],[-96.551370999888249,41.026282999732437],[-96.551207999681623,41.026282999732437],[-96.551046000198241,41.026268000268956],[-96.550937000418287,41.026263999824103],[-96.550827999740022,41.02626899987186],[-96.550667000081546,41.026289999661586],[-96.550564999974299,41.026316999768639],[-96.550419000384423,41.02637299982991],[-96.55032999979764,41.026420000050301],[-96.550255000352905,41.026479999778239],[-96.550196999728271,41.02655099978098],[-96.55017800036002,41.026589000104153],[-96.550169000139178,41.02662900027795],[-96.550169999964083,41.026671000298819],[-96.550185999857604,41.026795000333095],[-96.550199000276407,41.026834000109794],[-96.550375000003498,41.027042999701195],[-96.55042799970694,41.027115000042322],[-96.550481000308707,41.027232000089931],[-96.550514999745573,41.027352000044438],[-96.550535999661975,41.027474999889435],[-96.550540999684856,41.02759800018238],[-96.550523999966416,41.027721000245556],[-96.550497000202242,41.02780099987131],[-96.550440000300824,41.027916999799835],[-96.550369999980617,41.028028999864077],[-96.55028399976689,41.028180000072652],[-96.550257000002716,41.028259999818438],[-96.550241999934102,41.028340999716157],[-96.550241999934102,41.028424000009963],[-96.550263999675423,41.028504000136969],[-96.55028399976689,41.028543000256796],[-96.550311000429389,41.028579000294826],[-96.550407999615459,41.028678000128387],[-96.550446999973502,41.028706999743456],[-96.550575000020032,41.028782999912501],[-96.550625000248758,41.028799999965045],[-96.550779000234527,41.028840000151099],[-96.550886000364656,41.028854999706404],[-96.5511559998031,41.028882000117029],[-96.551373000436385,41.028888000206813],[-96.55186100033302,41.028921000013014],[-96.551914000036462,41.028930999704571],[-96.552013999595587,41.02896100012557],[-96.552158000433934,41.029021000248854],[-96.552290999605006,41.029092999782492],[-96.552370999970933,41.029149000193613],[-96.55244100029114,41.029212000175626],[-96.552562999591572,41.029348999820868],[-96.552611000170458,41.029423000138884],[-96.552622999866017,41.029461999714428],[-96.552631000261954,41.029585999914154],[-96.55271099972957,41.029867999848747],[-96.55272900017124,41.029990999737521],[-96.55272800034632,41.030072999761558],[-96.552699999858916,41.030194999724074],[-96.552673000094757,41.03026200026278],[-96.55263700010974,41.030352999883902],[-96.552606999972497,41.030432999700146],[-96.552545000048227,41.030633000170795],[-96.552405000306123,41.030988000069009],[-96.552344000206759,41.031231000237696],[-96.552331999612889,41.0313130000727],[-96.55233300033612,41.031394999805642],[-96.552389000412617,41.03168100023985],[-96.552410000329004,41.031718000115248],[-96.552446000314021,41.031749000141332],[-96.552488999971729,41.031774999845943],[-96.552771999828934,41.031898000237959],[-96.552857000217756,41.03194900000257],[-96.552924999989813,41.032013999725024],[-96.55296599999771,41.032040000002588],[-96.553062000257157,41.032080000253238],[-96.553354000335219,41.032189000118279],[-96.553498000275255,41.032247999820783],[-96.553807999896662,41.032416000314875],[-96.55387999986668,41.032477000186489],[-96.553935000118258,41.032549000006711],[-96.553951000011793,41.032587000256534],[-96.553975000301236,41.032668999757952],[-96.554026000354867,41.032786000101005],[-96.554121999716017,41.032978000126548],[-96.554274000051976,41.033197000266171],[-96.554337999626085,41.033310999827748],[-96.554370000311451,41.033388999770715],[-96.554404999573237,41.033551999891699],[-96.554438999908413,41.033630000226758],[-96.554495999809831,41.033699999805826],[-96.554545000213622,41.033775000143542],[-96.554554000434464,41.033813999851645],[-96.554547999688367,41.03385600003277],[-96.554532999619752,41.033895999857641],[-96.554510999878431,41.033932999843465],[-96.554448999954175,41.0340010001294],[-96.554371999961262,41.034060000240828],[-96.554243000089841,41.034135000168369],[-96.554204999556688,41.034165000250965],[-96.554144000355635,41.03423300029732],[-96.554123000439233,41.034271000252694],[-96.554073000210522,41.034388999938813],[-96.554052000294121,41.034469000271791],[-96.554047000271268,41.034552000294326],[-96.554053000119055,41.034634000058638],[-96.554079999883214,41.03475599970082],[-96.554123000439233,41.034875000022659],[-96.554166000096956,41.034950999847979],[-96.554264999831162,41.035049000117368],[-96.554291999595335,41.035084999986118],[-96.554382999831915,41.035233999986247],[-96.554489999962044,41.035378000293534],[-96.554647000320898,41.035546000253902],[-96.554818999850028,41.035706000043348],[-96.554900999865794,41.035759999977721],[-96.554992999927293,41.035803999866388],[-96.55504399998091,41.035815000003382],[-96.555316999792396,41.035822000274337],[-96.555371000219068,41.035828999867],[-96.555474999976141,41.035853999858169],[-96.555572000060508,41.035891000098694],[-96.555617000266366,41.035914999932203],[-96.555656999551005,41.035942000158009],[-96.555875999834129,41.036126000096857],[-96.555936999933508,41.036194000150296],[-96.555957999849895,41.036232000328916],[-96.555987000162219,41.036311999777396],[-96.55598899981203,41.036353000270147],[-96.555977999941376,41.036392999933021],[-96.55594600015435,41.036427000169432],[-96.555904000321533,41.03645400018523],[-96.555811000435128,41.036496000037189],[-96.555710000152771,41.036527999970936],[-96.555603999847563,41.036547000305376],[-96.555449999861779,41.036585999726555],[-96.555199999616519,41.036667000222614],[-96.555095999859446,41.036693000017728],[-96.555043000156004,41.036697999951066],[-96.554771000169438,41.03670699969468],[-96.554664000039324,41.036722000168012],[-96.554509000228606,41.036762000284249],[-96.554362999740434,41.036817000150272],[-96.55427300022707,41.036863000249348],[-96.554191000211304,41.036916999912144],[-96.554120999891097,41.036979999914529],[-96.554064999814599,41.037051000113806],[-96.553970000278355,41.037199000292539],[-96.553932999570137,41.037276999694292],[-96.55392599989743,41.037317000150871],[-96.553930999920297,41.037399999970404],[-96.553941999790965,41.037439999674653],[-96.5539729997531,41.037519000255671],[-96.554090999753882,41.037633999894169],[-96.554217000150572,41.037816000313839],[-96.554258000158455,41.037892000131613],[-96.554270999678934,41.037973999800933],[-96.554264999831162,41.038056000045728],[-96.554221000348534,41.038174999822573],[-96.55417899961742,41.038250999903482],[-96.554077000408483,41.03839599980541],[-96.554057000317002,41.038435000163801],[-96.554048999921093,41.038474999916637],[-96.554053000119055,41.03851699983425],[-96.554085999731001,41.038680000131798],[-96.554084000081176,41.038720999827177],[-96.554073000210522,41.038761000083831],[-96.554021000332,41.038832999806907],[-96.554001000240518,41.03887199990632],[-96.553997999867448,41.038912000071214],[-96.554029999654503,41.03899200032798],[-96.554072000385617,41.039068000143089],[-96.554180000340651,41.039211000110008],[-96.554217999975478,41.039287999755075],[-96.55425700033355,41.039408000095875],[-96.554305999839031,41.039524999980316],[-96.554350000219955,41.039686999737597],[-96.554373999611101,41.039850999922216],[-96.55436899958822,41.039891000169675],[-96.554354000417916,41.039930999715303],[-96.554275999701787,41.04008499994093],[-96.554120000066192,41.040302000016801],[-96.554078000233403,41.040377999674426],[-96.554053999943946,41.040458000182035],[-96.554028000004692,41.040580999934321],[-96.55403499967737,41.040620999738131],[-96.554083000256256,41.040740000298058],[-96.554110000020458,41.040774999704354],[-96.554146999830365,41.040805000148616],[-96.554211000302786,41.040872000052545],[-96.554314000234953,41.040967000143155],[-96.554355000242836,41.041043999766543],[-96.554406000296467,41.041115999702484],[-96.5544930003351,41.04122099997597],[-96.554700999849246,41.041410999690143],[-96.554955000292452,41.041626000042484],[-96.555131000019543,41.041782999824555],[-96.555192000118922,41.041851000131771],[-96.555239999799497,41.041924999947909],[-96.555276999609418,41.042001999805549],[-96.555300999898861,41.042082999734561],[-96.555309000294784,41.042165000280548],[-96.555300999898861,41.042247000046771],[-96.555253000218286,41.042449999962237],[-96.555186000271149,41.042691999797619],[-96.555168999654398,41.042855999947321],[-96.555165000354748,41.042938000207663],[-96.555172000027426,41.042978999960745],[-96.555188999745866,41.043018999662223],[-96.555211000385498,41.043055999940307],[-96.555240999624402,41.043090000122611],[-96.555314000317665,41.043152000290213],[-96.555397000158337,41.043205000190468],[-96.555444999838898,41.043224999975543],[-96.555648000228501,41.043282999927676],[-96.55635200003519,41.043596000002083],[-96.556613000151117,41.043743999692026],[-96.556951000259915,41.043950999780449],[-96.557179999690447,41.044062000335408],[-96.557494000408127,41.044224999773334],[-96.557624999929374,41.044298000301019],[-96.557702999747178,41.044355999985015],[-96.557768999869424,41.044421000329386],[-96.557876999824444,41.044514000032997],[-96.557918999657247,41.044540000116029],[-96.557968000061052,41.044559000170203],[-96.558071999818111,41.044583000230823],[-96.558126000244798,41.044588000242335],[-96.558179999773159,41.044587000240092],[-96.558287999728179,41.044572000204134],[-96.558338999781824,41.044557000164772],[-96.55838599963748,41.04453700010697],[-96.558409999926923,41.044519000049739],[-96.558572000308629,41.045196000166925],[-96.558456999782592,41.045329999773699],[-96.560600999888052,41.045332999746606],[-96.56249999977112,41.045346000305116],[-96.563428999708719,41.045341999664508],[-96.563468999891683,41.045341999664508],[-96.56391800032857,41.045341999664508],[-96.564320000011463,41.045343000332799],[-96.564463999951514,41.045344000323595],[-96.56554199985203,41.045359000183581],[-96.566476999637402,41.045359000183581],[-96.570410000021084,41.045395999823548],[-96.572319999774805,41.045383999942587],[-96.574032000060129,41.04538799990317],[-96.575080999648307,41.045400999773285],[-96.576212000150591,41.045396999813555],[-96.580342000177751,41.045418000277117],[-96.581349999758046,41.045409999681894],[-96.581984999967801,41.045413000328665],[-96.581999000211496,41.045413000328665],[-96.582466000191715,41.045408999692093],[-96.582898999836772,41.045404999732838],[-96.582912000255561,41.045404999732838],[-96.583033999555994,41.045403999742959],[-96.583156999579629,41.045403999742959],[-96.585909000130627,41.045404999732838],[-96.586443000058011,41.045404999732838],[-96.58645499975357,41.045404999732838],[-96.586761000075313,41.045404999732838],[-96.590744999614301,41.045389999883341],[-96.592237999616515,41.045390999873433],[-96.592313999784508,41.045390999873433],[-96.592778000289996,41.045395999823548],[-96.595189000359142,41.045427000183388],[-96.596446000359791,41.045422000235632],[-96.597019999571842,41.045428000172919],[-96.599145000309036,41.045447999959919],[-96.601110000314335,41.045444000002995],[-96.601245999858463,41.043113000016739],[-96.601348999790631,41.041349999966485],[-96.601368999882112,41.041011999995618],[-96.598426000433733,41.041002000106346],[-96.591799000123686,41.041003000163109],[-96.592010999835793,41.03738900009828],[-96.601578000119488,41.037398999858894],[-96.601952000213302,41.03017200005948],[-96.59168699997069,41.030145000177839],[-96.582867000049717,41.030146999943547],[-96.583575000054367,41.017782000012851],[-96.583606999841422,41.017227000173136],[-96.583693999880055,41.015704000133866],[-96.593114999675578,41.015669000277157],[-96.593918000114783,41.015673999773661],[-96.602799000135136,41.015724000140473],[-96.603040000159552,41.009704999745104],[-96.60339499998679,41.001284000005668]]]},"properties":{"AREALAND":143191851,"AREAWATER":542697,"BASENAME":"68462","CENTLAT":"+40.9480273","CENTLON":"-096.5280187","FUNCSTAT":"S","GEOID":"68462","HU100":1711,"INTPTLAT":"+40.9521295","INTPTLON":"-096.5196589","LSADC":"Z5","MTFCC":"G6350","NAME":"ZCTA5 68462","OBJECTID":4861,"OID":"221704258328219","POP100":4886,"ZCTA5":"68462","ZCTA5CC":"B5"}},{"type":"Feature","id":5775,"geometry":{"type":"Polygon","coordinates":[[[-96.644145000437518,40.817088999793427],[-96.644145000437518,40.814605999840083],[-96.641796000292643,40.814587000174335],[-96.641793999744507,40.814170000128804],[-96.641792000094682,40.813719000088476],[-96.641824999706643,40.81347499966752],[-96.641755000284775,40.81347499966752],[-96.641679999941701,40.81347499966752],[-96.638325999691247,40.813455000250848],[-96.635651999856378,40.813440000004448],[-96.635100000385648,40.813436999682828],[-96.632900000203676,40.813425999862119],[-96.631356999972766,40.813423000219707],[-96.630675999732276,40.813422000112297],[-96.630667000409773,40.814444000082297],[-96.630629999701526,40.814660999986849],[-96.630608999785125,40.814728999870376],[-96.625374999918193,40.814463999880715],[-96.625134999718682,40.81442900005954],[-96.625129999695829,40.814930000208477],[-96.625128999870896,40.814947000286935],[-96.625123999848029,40.815346000157668],[-96.625097999908775,40.815533999684185],[-96.625088999687932,40.815569999677429],[-96.625062999748678,40.815682999906876],[-96.625045000205319,40.815713000061855],[-96.625024000288903,40.81568500005362],[-96.624996999626418,40.815573999977623],[-96.624989999953726,40.815517999832011],[-96.624975999710017,40.815406000078909],[-96.624978000258167,40.814913000125699],[-96.624928999854376,40.814898000208942],[-96.624505000430162,40.814828999732498],[-96.624455000201436,40.814812999710298],[-96.624102000024024,40.814620999822814],[-96.624008000312699,40.814580000224524],[-96.623780999633652,40.814468000247601],[-96.623635999868696,40.814412999940828],[-96.623589999837947,40.814390999941324],[-96.623505000347436,40.814339999945375],[-96.623102999766232,40.814064000046713],[-96.622937999909766,40.813956999695847],[-96.622821999558838,40.813869999829848],[-96.622610999671622,40.813741000310813],[-96.622472999579372,40.813675999725568],[-96.622423000248972,40.813660000105195],[-96.622376000393302,40.813640000064353],[-96.62229299965432,40.813585999856059],[-96.622246999623556,40.81356499968765],[-96.622195999569939,40.81354900004046],[-96.622152999912231,40.813526000328459],[-96.622096999835733,40.813475999774177],[-96.621237000393421,40.813551999677166],[-96.62047900016006,40.813631999910385],[-96.619826000406988,40.813644999905144],[-96.619720000101765,40.81362800017294],[-96.619612000146745,40.813625999964231],[-96.619504000191696,40.813634000118917],[-96.619291999581279,40.813666000048279],[-96.619130000097883,40.813681000243541],[-96.61896799971619,40.813688000288195],[-96.618700999752505,40.813722999820442],[-96.618539000269109,40.813730999963425],[-96.618001999968669,40.813673000094468],[-96.617515999721874,40.813655000265541],[-96.617334999971902,40.813653000057592],[-96.616955999855207,40.813666000048279],[-96.616794000371826,40.813662999736842],[-96.616580000111583,40.813636999751786],[-96.616308999949936,40.813625999964231],[-96.616074999598197,40.813630999806072],[-96.616076000321414,40.813442000218814],[-96.613210999792514,40.813456999784869],[-96.608123000413769,40.813485000053532],[-96.608128000436622,40.8143839999709],[-96.60810699962191,40.814519000145211],[-96.608064999789121,40.814650999778088],[-96.608002999864851,40.814774999812087],[-96.607960000207143,40.814837999828256],[-96.607926999696858,40.814885999865233],[-96.607668999954001,40.815176000199429],[-96.607417999883836,40.815047999903442],[-96.607299999883068,40.815004000318289],[-96.607177999684311,40.81497100027034],[-96.607036000292425,40.81494799969154],[-96.606887000329507,40.814939999695298],[-96.606054999577964,40.814939000290579],[-96.606063999798806,40.814866000193966],[-96.606071000369809,40.814805999784355],[-96.606088000088249,40.813495999864458],[-96.606017999768042,40.813495999864458],[-96.605955000018852,40.813494999758099],[-96.604882000141217,40.81348299984046],[-96.603605000049086,40.813450999822884],[-96.603396999636615,40.813416000147143],[-96.602534999646181,40.813409000073797],[-96.602265000207751,40.813405999750735],[-96.598305999884815,40.813372000159482],[-96.596421000245442,40.813356999894374],[-96.594423999554763,40.813340000088374],[-96.593559000089584,40.813333000006999],[-96.592435999983223,40.813322000169052],[-96.592365999663045,40.813322000169052],[-96.591428000402914,40.813313999976735],[-96.591142000172653,40.813311000329278],[-96.590440999840695,40.813304999674187],[-96.587017999993279,40.813275999899787],[-96.586978999635207,40.813274999790103],[-96.586777999793767,40.813273000250646],[-96.586762999725138,40.813361000328001],[-96.586752999679405,40.813417000254653],[-96.586742999633671,40.813509999992021],[-96.58673900033402,40.813564000262218],[-96.586736999785884,40.813620000017522],[-96.586736999785884,40.81367900003638],[-96.586740000158912,40.813743999938836],[-96.586742999633671,40.813813000183991],[-96.586747999656524,40.813886000079471],[-96.586754000402649,40.813962000192639],[-96.586764000448383,40.814044000127694],[-96.586778999618687,40.81412900025181],[-96.586797000060329,40.81421599977822],[-96.586819999626556,40.814305000058731],[-96.586845999565838,40.814397999911066],[-96.586875999703054,40.81449299981572],[-96.586908000388419,40.814589999764095],[-96.586945000198341,40.814688999747375],[-96.586985000381318,40.814788000262766],[-96.587028999863932,40.814886999950581],[-96.587078000267738,40.814986000170542],[-96.58713000014626,40.815086000325159],[-96.587247000322137,40.815282999944024],[-96.587310000071326,40.815379000019092],[-96.587377000018478,40.815473999878705],[-96.58744700033867,40.815568000207087],[-96.587520000133622,40.815661999722366],[-96.587597999951399,40.815756999856639],[-96.587655999677736,40.815822999834012],[-96.587680999792099,40.815849999713137],[-96.587863000265273,40.816041000054994],[-96.587956999976612,40.816137999779585],[-96.588054000060993,40.816235000042212],[-96.588151000145373,40.816331000099346],[-96.58824900005466,40.816429000141923],[-96.588437000375649,40.816629000029295],[-96.588525000239187,40.816730999862017],[-96.588607000254967,40.816837999817942],[-96.588684000247852,40.816946999710019],[-96.588757999867681,40.81705700015543],[-96.588895000135039,40.817284000164356],[-96.588956000234404,40.817399000288745],[-96.589010999587671,40.817514000213727],[-96.589060999816397,40.817627999895336],[-96.589106999847147,40.817741000018536],[-96.589148999679935,40.817853999949193],[-96.589187000213087,40.817966000328283],[-96.589219999825048,40.818077999838444],[-96.589246999589221,40.818186999732504],[-96.589269000228853,40.818289999923152],[-96.589285999947293,40.81838599972577],[-96.589300000190988,40.818469999694102],[-96.589310000236722,40.81853899978271],[-96.589315000259603,40.818595000097417],[-96.589321999932309,40.818673000311378],[-96.589326000130271,40.818730999888018],[-96.589326000130271,40.819378000201887],[-96.589322999757215,40.819778999958515],[-96.589305000213869,40.820601999663964],[-96.589301999840814,40.821241000166708],[-96.589300000190988,40.821396999718402],[-96.589299000366097,40.821436999875516],[-96.589289000320335,40.821619999895844],[-96.589280999924412,40.821697999951652],[-96.589263000381081,40.821829000274775],[-96.589212000327436,40.822088000214357],[-96.589187000213087,40.82218699988475],[-96.589081999732784,40.822507000053847],[-96.58894399964052,40.822816999701374],[-96.588810999571137,40.82305899982692],[-96.588592000186338,40.823385000291211],[-96.588505000147691,40.823496000212884],[-96.588485999881129,40.823520999777699],[-96.588439999850365,40.823576000010625],[-96.58839200016979,40.823631000197942],[-96.588340000291254,40.823690000150471],[-96.588290000062543,40.823743000339583],[-96.588239999833817,40.823795999806549],[-96.588187999955281,40.82384899991095],[-96.588135000251839,40.823900000074026],[-96.588081999650086,40.823951000197916],[-96.58802800012171,40.824003000230498],[-96.587975000418282,40.824055000222323],[-96.587920999991596,40.824106000226976],[-96.587866999564923,40.824158000138034],[-96.587819999709268,40.824202999714423],[-96.587767000005826,40.824255000229222],[-96.587712999579153,40.824307000023452],[-96.587660999700589,40.824356999891769],[-96.587606000347336,40.824412000111188],[-96.58755600011861,40.824465999664305],[-96.587506999714819,40.82451999985318],[-96.587459999859135,40.824574999937433],[-96.587414999653305,40.824630999914561],[-96.587371999995597,40.82468699984441],[-96.587330000162808,40.824745000280309],[-96.587290999804765,40.824802999985664],[-96.587253000169923,40.824862000255123],[-96.587217000184907,40.824920999792269],[-96.587182999849716,40.824980999889931],[-96.587150000237756,40.825041999865604],[-96.587120000100526,40.825103999716468],[-96.587091999613122,40.825165000258778],[-96.587064000024029,40.825230999712495],[-96.58703899990968,40.825293999994997],[-96.587017000168359,40.825358000145087],[-96.586997000076877,40.825421000306946],[-96.58697500033557,40.82549899997116],[-96.586959000442036,40.825563999847887],[-96.586945000198341,40.825628999660907],[-96.586932999604457,40.825693000167469],[-96.586920999908898,40.825774999876607],[-96.586915000061111,40.825824000077169],[-96.586911999688056,40.825857000164078],[-96.58691000003823,40.825889000315115],[-96.586906999665189,40.825933000157633],[-96.586900999817416,40.826355999827165],[-96.586886999573707,40.827840000149365],[-96.586884999923882,40.827982000024079],[-96.586849999763785,40.830938999722981],[-96.586832000220454,40.832435000004637],[-96.586801000258291,40.835126999904595],[-96.590415999726332,40.835160999899131],[-96.592229000293983,40.835178000229696],[-96.592242999639367,40.834360000251515],[-96.594320999622596,40.83438000016195],[-96.594307000277226,40.83519799989341],[-96.59587700027231,40.835212999977067],[-96.596274999757256,40.835215999993373],[-96.596334000206809,40.835216999772243],[-96.596873999981966,40.835222000025588],[-96.598567000000713,40.83523799988231],[-96.599509000357102,40.835246999927499],[-96.599504000334235,40.835194999876286],[-96.599497999588138,40.835136999744883],[-96.599495999938327,40.835048000229712],[-96.599495999938327,40.834992000213894],[-96.599496999763218,40.834930000092683],[-96.599497999588138,40.834864000097248],[-96.599497999588138,40.834792999750732],[-96.599499000311368,40.834721000221521],[-96.59950099996118,40.834648000147055],[-96.599502999611005,40.834577000248885],[-96.599505000159141,40.834507000064256],[-96.599504000334235,40.834458000162854],[-96.599522999702501,40.834458000162854],[-96.599622000335003,40.834458000162854],[-96.599721000069209,40.834458000162854],[-96.599820999628335,40.834458999953149],[-96.599925000283704,40.834459999743437],[-96.600029999865697,40.834459999743437],[-96.600138999645651,40.834459999743437],[-96.600475000104623,40.834465000053882],[-96.600594999755216,40.834464000263729],[-96.600697999687384,40.834467000313936],[-96.600807000365634,40.834468000104096],[-96.600916000145588,40.834468999894192],[-96.601025999750433,40.834468999894192],[-96.601137999903443,40.834471000154124],[-96.60125300042948,40.834471999944171],[-96.601371000430248,40.834474000204011],[-96.601491999905761,40.834474999994072],[-96.601613000279599,40.834474999994072],[-96.601732000105272,40.834474999994072],[-96.601847999557904,40.834475999784061],[-96.60196100043413,40.834478999833777],[-96.60207100003899,40.834481000093348],[-96.602178999994024,40.834482999673185],[-96.602286000124138,40.834484000142787],[-96.602390999706145,40.834484999932691],[-96.602486999965592,40.834484000142787],[-96.602563999958477,40.834484000142787],[-96.602629000255817,40.834482999673185],[-96.602695000378048,40.834482999673185],[-96.6027620003252,40.834482999673185],[-96.602916000310998,40.834482999673185],[-96.603098999710781,40.834484000142787],[-96.603196999620067,40.834484000142787],[-96.603396999636615,40.834482999673185],[-96.603492999896076,40.834484999932691],[-96.603580999759615,40.834487000192091],[-96.603658999577434,40.834488999771793],[-96.603771999555335,40.834491000031072],[-96.60383799967758,40.834493000290287],[-96.603916000393696,40.834494999869804],[-96.603916000393696,40.83452099983522],[-96.603943999982775,40.834552000094327],[-96.603985999815578,40.834580000293975],[-96.604039000417345,40.834587000172121],[-96.604042999716981,40.835289000122074],[-96.605585000123,40.835304000185133],[-96.60593300027756,40.835307999974773],[-96.607716999634576,40.835295000147688],[-96.608607000112428,40.835289000122074],[-96.609582999905683,40.835282000318045],[-96.611183000038011,40.835270000263883],[-96.611178000015144,40.834917999974799],[-96.611684000353435,40.834923000250761],[-96.611682999630204,40.834855999784381],[-96.612197000364418,40.834858000032575],[-96.612767000276818,40.834860000280777],[-96.613661000054321,40.834854000215792],[-96.614136000430463,40.834848000150217],[-96.614897000138583,40.83484400033278],[-96.614897999963489,40.834921000004513],[-96.615159000079387,40.834918999758166],[-96.615328999958706,40.834917999974799],[-96.615436999913754,40.834917999974799],[-96.615436999913754,40.835138000204601],[-96.615436999913754,40.835238999660845],[-96.615799000311981,40.835236000325239],[-96.615799000311981,40.834724000260096],[-96.617479999736858,40.834711000318492],[-96.617471000414326,40.835222999804373],[-96.617822000043617,40.835221000246797],[-96.619012000097129,40.83521200019814],[-96.619091999564745,40.835120000083457],[-96.6193769999701,40.835117999843163],[-96.619380000343142,40.834889000134154],[-96.61945099958993,40.834696999907969],[-96.619816000361254,40.834693999868172],[-96.620217000219228,40.83480499989124],[-96.620247000356471,40.834899000010331],[-96.62024399998343,40.835111999801484],[-96.620170000363586,40.835203999927266],[-96.620719000359571,40.835200000131294],[-96.620818999918683,40.835055999839732],[-96.620817000268858,40.834905999854797],[-96.621160000400536,40.834873999977205],[-96.621805999582591,40.834814999780086],[-96.621805999582591,40.834724000260096],[-96.621805999582591,40.834696000121262],[-96.624297000017691,40.834683999961072],[-96.624297000017691,40.834779999822651],[-96.624958000166686,40.834778000251724],[-96.625076000167454,40.834778000251724],[-96.625077999817265,40.834699000160967],[-96.626425000229631,40.834705000240028],[-96.626533000184651,40.83470600002655],[-96.627437000007887,40.834711000318492],[-96.627426999962154,40.835182999806378],[-96.627739999956589,40.835185000044753],[-96.62821600015765,40.835187000283028],[-96.628232000051185,40.834715000143952],[-96.62895400029953,40.834718000182811],[-96.629063000079483,40.834705000240028],[-96.629171000034532,40.834692000294645],[-96.629923000420106,40.834696000121262],[-96.629915000024184,40.83519799989341],[-96.630383999654242,40.835201999689495],[-96.630432000233142,40.835201999689495],[-96.630481999563528,40.835201999689495],[-96.631104000252776,40.835206000165009],[-96.631125000169163,40.834718999969184],[-96.63180899988437,40.83472800008478],[-96.632459000162726,40.834735999733425],[-96.632675000072794,40.83490100025724],[-96.633109000441067,40.834917999974799],[-96.633217000396087,40.834921999787774],[-96.633758999821083,40.834924999817311],[-96.633759999645989,40.834741999809076],[-96.634122000044243,40.834744000060766],[-96.634120000394432,40.834930000092683],[-96.634447999559157,40.834932000338654],[-96.634564999735034,40.834927999846649],[-96.634564999735034,40.835227000278557],[-96.634859000361217,40.835228000057263],[-96.634866999858829,40.834795000000831],[-96.635102000035474,40.83479700025093],[-96.635102000035474,40.834823999882644],[-96.635301000227088,40.834824999667426],[-96.635302999876913,40.83509399967334],[-96.635691000214436,40.835095999914358],[-96.635774999880013,40.835096999695033],[-96.635774999880013,40.834741000023094],[-96.636858999628316,40.834744999846706],[-96.636858999628316,40.834865999665531],[-96.636968000306567,40.834867999913484],[-96.637807999657397,40.834882000287891],[-96.637795000136904,40.835246000149084],[-96.63816099983481,40.835249000163898],[-96.638919000068185,40.835253999735215],[-96.639353000436458,40.835256999749674],[-96.640545999964687,40.835264000236002],[-96.641737999668024,40.835271000041942],[-96.642822000314609,40.835277999847129],[-96.642931000094549,40.835277999847129],[-96.644133999668554,40.835286000109065],[-96.644133999668554,40.834289000044919],[-96.644133999668554,40.833473000262622],[-96.644133999668554,40.833386999972099],[-96.644133999668554,40.833298999954479],[-96.644135000391771,40.832309999856832],[-96.644135000391771,40.83165999977534],[-96.644135000391771,40.83132300031474],[-96.644135000391771,40.830335999674297],[-96.644135000391771,40.829838999772534],[-96.642931999919483,40.829835000332636],[-96.642679000199479,40.829835000332636],[-96.642680000024399,40.828010000279427],[-96.643932999827101,40.828018000058897],[-96.644136000216676,40.828018999946302],[-96.644136000216676,40.827847999949334],[-96.644137999866516,40.826385999913398],[-96.644138999691421,40.825686000030117],[-96.644140000414637,40.824451999809561],[-96.644141000239557,40.823384000333931],[-96.644141000239557,40.82310300018748],[-96.644142000064463,40.82262799977287],[-96.644145000437518,40.820759000035594],[-96.644145000437518,40.820707000178835],[-96.643809999803437,40.820705000183509],[-96.643676999734055,40.820318999960691],[-96.643555000433636,40.818912999871351],[-96.643394999701741,40.817084000212184],[-96.644145000437518,40.817088999793427]]]},"properties":{"AREALAND":11198080,"AREAWATER":0,"BASENAME":"68505","CENTLAT":"+40.8243984","CENTLON":"-096.6156637","FUNCSTAT":"S","GEOID":"68505","HU100":7654,"INTPTLAT":"+40.8243984","INTPTLON":"-096.6156637","LSADC":"Z5","MTFCC":"G6350","NAME":"ZCTA5 68505","OBJECTID":5775,"OID":"221704258328339","POP100":17475,"ZCTA5":"68505","ZCTA5CC":"B5"}},{"type":"Feature","id":5776,"geometry":{"type":"Polygon","coordinates":[[[-96.698152000084733,40.822713999742355],[-96.698157999932519,40.820865000297154],[-96.696500000073854,40.820857000334648],[-96.696516999792308,40.823413999725268],[-96.696419999707913,40.823443999782782],[-96.696322999623533,40.823484000064973],[-96.696228000087302,40.823533999873952],[-96.696152999744228,40.823582999690956],[-96.696074999926424,40.823626999703883],[-96.695930999986373,40.823713999689851],[-96.695893000351532,40.823738999852225],[-96.695752999711146,40.823832000074489],[-96.695657000349996,40.823898000175021],[-96.695618999816844,40.82392400021719],[-96.695535999976187,40.823988000329848],[-96.695475999701699,40.824044000122839],[-96.695426000371313,40.824104000334188],[-96.695382999815294,40.824172000054844],[-96.69533799960945,40.824286999793692],[-96.695313000393412,40.824485999840093],[-96.695113000376864,40.824484999899411],[-96.694166999822514,40.824476999693744],[-96.694225000447148,40.826306000106477],[-96.694283999998376,40.828145999797869],[-96.694530000045674,40.82813299992592],[-96.694859999758563,40.828101000178016],[-96.694877000375314,40.828097999839763],[-96.695183999623652,40.82804600029904],[-96.695381000165455,40.828002999706911],[-96.695647000304248,40.827932000169916],[-96.695905000047119,40.827847999949334],[-96.696201000323128,40.82773199969634],[-96.696531000035989,40.827571999834852],[-96.697352000018569,40.827139999979835],[-96.69795500044124,40.82682300012911],[-96.698024999863108,40.826768999776178],[-96.698074000266914,40.826708999936713],[-96.698105000229063,40.826649999950973],[-96.698118999574447,40.826592999730572],[-96.698125000320559,40.826041000141721],[-96.698126000145464,40.825943999943789],[-96.698133999643048,40.825396000098834],[-96.698145000412026,40.824513000271793],[-96.698147999886785,40.823635000012082],[-96.698148999711677,40.823387000205727],[-96.698152000084733,40.822713999742355]]]},"properties":{"AREALAND":178821,"AREAWATER":0,"BASENAME":"68588","CENTLAT":"+40.8249210","CENTLON":"-096.6964293","FUNCSTAT":"S","GEOID":"68588","HU100":1,"INTPTLAT":"+40.8249210","INTPTLON":"-096.6964293","LSADC":"Z5","MTFCC":"G6350","NAME":"ZCTA5 68588","OBJECTID":5776,"OID":"2217026262974205","POP100":21,"ZCTA5":"68588","ZCTA5CC":"B5"}},{"type":"Feature","id":5915,"geometry":{"type":"Polygon","coordinates":[[[-96.910621000180356,40.965395000065726],[-96.910621000180356,40.965306999810672],[-96.910620000355436,40.965169000099387],[-96.910615000332555,40.963616000144484],[-96.910613999609339,40.963413999982514],[-96.910613999609339,40.963323000160919],[-96.910612999784433,40.96310700006709],[-96.910611999959514,40.962702000190319],[-96.910599000439035,40.958946000045259],[-96.910599000439035,40.958767000012188],[-96.910599000439035,40.95853599997595],[-96.910599000439035,40.958406999938717],[-96.910596999890885,40.956712999928278],[-96.910596999890885,40.956668000152604],[-96.910596999890885,40.95657199994077],[-96.910595000241074,40.955186999855975],[-96.910591000043112,40.951774000065747],[-96.910587999670057,40.949060000150347],[-96.91058500019534,40.947211999959912],[-96.910581999822284,40.944406000204012],[-96.910571999776536,40.936176999710511],[-96.91056500010383,40.929890999939026],[-96.910560000080977,40.926213999984782],[-96.910558000431152,40.925037999759077],[-96.910558000431152,40.924933000321111],[-96.910558000431152,40.924699999770141],[-96.910555000058096,40.922565000069156],[-96.910550999860135,40.919808999757414],[-96.910548000385418,40.917836000165536],[-96.910545000012362,40.915487000136231],[-96.910544000187443,40.914240999687529],[-96.910535999791534,40.905073000296014],[-96.910534999966615,40.904407999789562],[-96.910534000141695,40.903358000169533],[-96.910534000141695,40.90307799976388],[-96.910531999593573,40.900979000159062],[-96.910529999943734,40.899006000152681],[-96.910526999570706,40.896388000033461],[-96.910524999920867,40.894381999675872],[-96.91052200044615,40.892277999796754],[-96.910515999700038,40.88647600007782],[-96.910514999875133,40.885452999745553],[-96.910514000050227,40.88514800021165],[-96.910513000225308,40.884558999743128],[-96.910509999852266,40.882545999772553],[-96.910508000202441,40.880979999879287],[-96.910507000377521,40.880567000171524],[-96.910505999654305,40.879745000320504],[-96.910504999829385,40.879268999837933],[-96.910504999829385,40.878584999720573],[-96.910499999806518,40.87573999970683],[-96.910494999783651,40.872151000140697],[-96.910494999783651,40.871999000080372],[-96.908421999823304,40.871993999884744],[-96.908324999738923,40.871992999981458],[-96.901150999981013,40.871974999681406],[-96.898681000360654,40.871969000259611],[-96.895170999576294,40.871959999767284],[-96.891514000275464,40.871950999953029],[-96.891642000321966,40.879232999793473],[-96.891679000131887,40.886407999760365],[-96.88883299986955,40.886448999760404],[-96.887647000014013,40.886465999835792],[-96.872451999678077,40.886684999697231],[-96.872425999738809,40.88069900006888],[-96.872404999822407,40.871929999928859],[-96.868278000168289,40.871926000311667],[-96.862850999957516,40.871920000206146],[-96.863046999776103,40.857486999876301],[-96.85350499960677,40.857467000143856],[-96.834345999823313,40.857506000160058],[-96.815496999661278,40.857206999675327],[-96.815172999796189,40.857342000320337],[-96.815053000145596,40.857341000195802],[-96.814084000025034,40.857336000252239],[-96.805685000053529,40.85730800015363],[-96.805534000440787,40.85730800015363],[-96.796721000192491,40.857278999917668],[-96.796017000385817,40.857273999969422],[-96.795987000248573,40.859149000297649],[-96.796004999791947,40.859554999816396],[-96.795999999769052,40.859602000006625],[-96.795978000027745,40.863759000186533],[-96.795971000355053,40.864547000309742],[-96.795907999707552,40.871691999868553],[-96.795906999882632,40.871813000157381],[-96.796392000304536,40.871814000063438],[-96.805458000272807,40.871829000010635],[-96.806957999947699,40.871815999875452],[-96.808183999986227,40.871806000135514],[-96.808435999881311,40.871804000323152],[-96.809189999916711,40.871797000300319],[-96.812062999943223,40.871763000081707],[-96.81353599985394,40.871744999719134],[-96.815103000374307,40.871753000333719],[-96.815279999926318,40.882218999840859],[-96.815166999948403,40.884603999740136],[-96.814988999673162,40.886534000093597],[-96.811355999763478,40.886555000239021],[-96.809871999982093,40.886566999834038],[-96.808276999872632,40.886671000081314],[-96.807681000020963,40.886733000007297],[-96.804878000314673,40.88737699972468],[-96.803626000336877,40.887634000229738],[-96.802239999566481,40.887892000078956],[-96.801135999726711,40.888002999949414],[-96.799969999962656,40.8880269999703],[-96.799282999874393,40.888038999977525],[-96.798411999663116,40.888014999960937],[-96.797382000341486,40.887940999855054],[-96.797255999944795,40.887918000144822],[-96.79689100007181,40.887835000238312],[-96.796531000221705,40.887736999813718],[-96.796178999869198,40.887626000176198],[-96.795991000446534,40.887920000149464],[-96.795767000140557,40.890367999904143],[-96.795782000209172,40.890447999797125],[-96.795802000300654,40.890595000129274],[-96.795818000194188,40.890824999790453],[-96.795808000148426,40.890845000313689],[-96.795795999554556,40.893517000108289],[-96.795795999554556,40.893733000317873],[-96.795794999729651,40.893877000065864],[-96.79579300007984,40.894241999975186],[-96.795792000254906,40.894563999726557],[-96.795788000056945,40.896612000022849],[-96.795779999661036,40.900821000236689],[-96.79565199961452,40.915335999746439],[-96.795993999921279,40.915339000207105],[-96.805550000334307,40.915434999942036],[-96.814761000067548,40.915578999961838],[-96.814741999800958,40.925775999963932],[-96.814740999976038,40.926233999987709],[-96.814734000303375,40.930088000313688],[-96.814700999793089,40.937760999960247],[-96.814648999914539,40.94459399993297],[-96.833704999765828,40.944860000049943],[-96.853165999673038,40.944934999728581],[-96.853143999931746,40.951607000266165],[-96.85314200028192,40.952095999839734],[-96.853136000434134,40.953733000250793],[-96.853121000365519,40.958142000081104],[-96.85344199985758,40.958142000081104],[-96.855845000429113,40.958143000039037],[-96.85632300028,40.958061000045419],[-96.862688999575809,40.958063999922913],[-96.862700000344773,40.958893000184581],[-96.865678999778183,40.958896000024268],[-96.868041000341819,40.957932999719418],[-96.868496999553102,40.957764999932529],[-96.868863000149318,40.957645000113651],[-96.869200000433196,40.957545000097944],[-96.869541999841644,40.957454000325185],[-96.869888000346364,40.957373000123667],[-96.87023700032583,40.95730000026731],[-96.870589999604917,40.957237000047577],[-96.87094500033048,40.957183000199016],[-96.871445999747593,40.957123999761258],[-96.871841999582728,40.957089999979424],[-96.872260000057466,40.957066999897627],[-96.872743999756125,40.957057000154521],[-96.873142000139381,40.957061000051922],[-96.885100000400755,40.957486999951612],[-96.885605999840706,40.95751499972453],[-96.88610899980597,40.957563000179803],[-96.886642999733354,40.957634999779685],[-96.887031999895783,40.957701000191932],[-96.887381999700139,40.957770999714185],[-96.887867000122043,40.95788400024977],[-96.888242000040776,40.957985999672516],[-96.890380000298435,40.958625999663333],[-96.891397000099587,40.958930000232634],[-96.891607999986775,40.958993000193288],[-96.894269000301179,40.959789999758755],[-96.895107000002184,40.960060000106957],[-96.896150999567496,40.960439999806376],[-96.896398000338024,40.960542999949617],[-96.897102999969633,40.960837999898615],[-96.897790999882801,40.961162000059417],[-96.898025000234526,40.96127299971733],[-96.89862299973602,40.961582999741076],[-96.899366999725686,40.962002000330195],[-96.902402999958824,40.963760000305548],[-96.903121000009193,40.964139999730769],[-96.903905000181851,40.964483000053598],[-96.90469100000432,40.9647639999883],[-96.90536800004682,40.964958999749101],[-96.906096999967872,40.965123000131484],[-96.906982000422843,40.965265999867619],[-96.907844000413291,40.965349000255358],[-96.908594000250758,40.965376000236432],[-96.910621000180356,40.965395000065726]]]},"properties":{"AREALAND":84593139,"AREAWATER":0,"BASENAME":"68402","CENTLAT":"+40.9082793","CENTLON":"-096.8571096","FUNCSTAT":"S","GEOID":"68402","HU100":513,"INTPTLAT":"+40.9082793","INTPTLON":"-096.8571096","LSADC":"Z5","MTFCC":"G6350","NAME":"ZCTA5 68402","OBJECTID":5915,"OID":"221704258327900","POP100":1330,"ZCTA5":"68402","ZCTA5CC":"B5"}},{"type":"Feature","id":5930,"geometry":{"type":"Polygon","coordinates":[[[-96.748757999625838,40.900784000226132],[-96.7487330004098,40.89352699996379],[-96.739120000095326,40.89345799984352],[-96.739122999570071,40.887058000016367],[-96.739157999730168,40.886830000202174],[-96.739276999555841,40.886624999770063],[-96.739122999570071,40.886508999847138],[-96.738990000398999,40.886407999760365],[-96.739125999943113,40.886307000198585],[-96.739177999821663,40.886266999798316],[-96.739125999943113,40.886270000219675],[-96.738556999855646,40.886214999717204],[-96.738308000333603,40.886187000283499],[-96.73798299974527,40.88612400015608],[-96.737729000200375,40.886054000095086],[-96.737500999696437,40.885970999888009],[-96.737099000013544,40.885791999733499],[-96.736818999631041,40.885674000315383],[-96.73633099973442,40.885510999978841],[-96.736179000296758,40.885504999746288],[-96.735922000378821,40.885470999776537],[-96.735658999714772,40.885440999948543],[-96.735660000437989,40.885379000170403],[-96.735647999844119,40.8853380001866],[-96.735622999729756,40.885295000093464],[-96.735602999638289,40.885272000142734],[-96.735580000072062,40.885251000269314],[-96.735554999957685,40.885233999881855],[-96.735525999645375,40.885217000169121],[-96.735501000429338,40.885206999736795],[-96.735462999896185,40.885194000191284],[-96.735427999736089,40.885185999842811],[-96.735374000207727,40.885181999668184],[-96.73532399997903,40.885183000051413],[-96.735287999994014,40.885187999929975],[-96.735231000092597,40.885203999946413],[-96.735158000297673,40.885242999927733],[-96.735118000114696,40.885277999717253],[-96.73509899984812,40.885300999665901],[-96.735082999954585,40.885327999772549],[-96.735070000434121,40.885361000114344],[-96.734986999695124,40.885322000202557],[-96.734632999692792,40.885235000264295],[-96.734278999690474,40.885189000313176],[-96.733943999954704,40.88510599970035],[-96.733497999890886,40.884959000077835],[-96.733041999781292,40.884812000128854],[-96.732651999793958,40.884711000168679],[-96.732071999835824,40.88464700028225],[-96.731768999887123,40.884633000235198],[-96.731354999610332,40.884655999728857],[-96.730997000308363,40.884697000135169],[-96.730610999620666,40.884765999883705],[-96.730224000006373,40.884849000243776],[-96.729864000156269,40.884943000002224],[-96.729847000437829,40.884910000131157],[-96.729828999996172,40.884884000241669],[-96.72980399988181,40.88485499985665],[-96.729777999942542,40.884831999752997],[-96.729745000330581,40.884807999931624],[-96.729712999645216,40.884789999720304],[-96.729674000185469,40.884772999893535],[-96.729638000200453,40.884760999973203],[-96.729593999819528,40.884751000151184],[-96.729548999613684,40.884744000138987],[-96.729509000329031,40.884742000038386],[-96.729455999727264,40.88473900022688],[-96.729419999742262,40.884751000151184],[-96.729362000015925,40.884763999783729],[-96.729321000008056,40.884779000192459],[-96.729286999672865,40.884795000307726],[-96.729253000235985,40.884816000325841],[-96.729219999725714,40.884842000241981],[-96.729192000136621,40.884868999856792],[-96.729172000045139,40.88489499975212],[-96.729152999778563,40.884926999922733],[-96.729139000433179,40.884959999785323],[-96.729131999862176,40.884989999831376],[-96.729129000387417,40.88502400004819],[-96.729131000037242,40.885058999953579],[-96.729137999709948,40.885091999750351],[-96.728827000263635,40.885134000270533],[-96.72832099992533,40.885263000100785],[-96.727998999710067,40.885318000036158],[-96.72767800021802,40.885354999868241],[-96.727336999736153,40.88536399989767],[-96.727089000039058,40.88536399989767],[-96.726620000408985,40.885336000103905],[-96.725874999696089,40.885299000261256],[-96.725350999814466,40.885327000070667],[-96.72507600035317,40.88537299992587],[-96.724527000357156,40.88551500013353],[-96.724247999799587,40.885587999858672],[-96.724030000239708,40.885654000266499],[-96.723789000215262,40.885737999887745],[-96.723340999603295,40.885921000318525],[-96.723112999997682,40.886001999846599],[-96.722472999765074,40.886150999926997],[-96.720046999627328,40.886168000078897],[-96.719870999900223,40.886168000078897],[-96.717362999746697,40.886170999825644],[-96.717089000110306,40.886194999831865],[-96.716458999923461,40.886246000240646],[-96.715287000311619,40.886318000151611],[-96.714385000138208,40.886353000051741],[-96.713933000226575,40.886361999945443],[-96.713209000328405,40.88636800010029],[-96.712124999681791,40.886355999790048],[-96.710527000097585,40.886316999785542],[-96.710525000447774,40.886441000242748],[-96.709759999643396,40.886405999710021],[-96.708945000406928,40.886374000254563],[-96.707822000300595,40.886329000102812],[-96.707822000300595,40.886301000038202],[-96.706295999788097,40.886281000178855],[-96.705877000386764,40.886275000016113],[-96.704596000096657,40.886274000328527],[-96.702908000100777,40.886272000274133],[-96.701224000302858,40.886268999852874],[-96.701224000302858,40.886344999843331],[-96.701034000332072,40.886344999843331],[-96.701035000156992,40.893433999755295],[-96.696360000331779,40.893402000303169],[-96.696213999843579,40.893401000044186],[-96.691783000415867,40.89337000015653],[-96.691394000253439,40.893367000057118],[-96.691272000054695,40.893367000057118],[-96.68761599968046,40.893341000095148],[-96.686017000271363,40.89332999995144],[-96.685435999589998,40.89332600026912],[-96.684067000334679,40.893316999964483],[-96.683061000404166,40.893310000179383],[-96.682866000410513,40.893308000337647],[-96.682639999556386,40.893307000077193],[-96.682519000080873,40.893305999816782],[-96.682453999783561,40.893305000235429],[-96.682370999942862,40.893305000235429],[-96.682021000138491,40.893302000133012],[-96.681811000076223,40.893300000291042],[-96.681310999585691,40.893297000188447],[-96.681035000299502,40.896210999972212],[-96.681032999751366,40.896418999865034],[-96.681047999819981,40.8966279999931],[-96.681754000174806,40.901120000003132],[-96.681719999839629,40.905563000213789],[-96.681648999694517,40.915067999679913],[-96.685177999847141,40.915110000177542],[-96.686065999776844,40.915152999899689],[-96.687200999578764,40.915135999728726],[-96.691450000329937,40.915082000075017],[-96.700808000376256,40.915254000226426],[-96.708911999896657,40.915332000037139],[-96.719957000113951,40.915426999856287],[-96.719911000083201,40.922525999691338],[-96.719910000258267,40.922666999747648],[-96.729510000153951,40.922613999954343],[-96.729553999636551,40.915358000179857],[-96.739140000186822,40.915288999752519],[-96.739135000163955,40.913656000071683],[-96.73913400033905,40.913449000032983],[-96.739120000095326,40.908793000297159],[-96.739126999768033,40.900755000019871],[-96.748757999625838,40.900784000226132]]]},"properties":{"AREALAND":15614639,"AREAWATER":168949,"BASENAME":"68531","CENTLAT":"+40.9021226","CENTLON":"-096.7141284","FUNCSTAT":"S","GEOID":"68531","HU100":32,"INTPTLAT":"+40.9080261","INTPTLON":"-096.7104681","LSADC":"Z5","MTFCC":"G6350","NAME":"ZCTA5 68531","OBJECTID":5930,"OID":"221704258328497","POP100":80,"ZCTA5":"68531","ZCTA5CC":"B5"}},{"type":"Feature","id":5957,"geometry":{"type":"Polygon","coordinates":[[[-96.589326000130271,40.819378000201887],[-96.589326000130271,40.818730999888018],[-96.589321999932309,40.818673000311378],[-96.589315000259603,40.818595000097417],[-96.589310000236722,40.81853899978271],[-96.589300000190988,40.818469999694102],[-96.589285999947293,40.81838599972577],[-96.589269000228853,40.818289999923152],[-96.589246999589221,40.818186999732504],[-96.589219999825048,40.818077999838444],[-96.589187000213087,40.817966000328283],[-96.589148999679935,40.817853999949193],[-96.589106999847147,40.817741000018536],[-96.589060999816397,40.817627999895336],[-96.589010999587671,40.817514000213727],[-96.588956000234404,40.817399000288745],[-96.588895000135039,40.817284000164356],[-96.588757999867681,40.81705700015543],[-96.588684000247852,40.816946999710019],[-96.588607000254967,40.816837999817942],[-96.588525000239187,40.816730999862017],[-96.588437000375649,40.816629000029295],[-96.58824900005466,40.816429000141923],[-96.588151000145373,40.816331000099346],[-96.588054000060993,40.816235000042212],[-96.587956999976612,40.816137999779585],[-96.587863000265273,40.816041000054994],[-96.587680999792099,40.815849999713137],[-96.587655999677736,40.815822999834012],[-96.587597999951399,40.815756999856639],[-96.587520000133622,40.815661999722366],[-96.58744700033867,40.815568000207087],[-96.587377000018478,40.815473999878705],[-96.587310000071326,40.815379000019092],[-96.587247000322137,40.815282999944024],[-96.58713000014626,40.815086000325159],[-96.587078000267738,40.814986000170542],[-96.587028999863932,40.814886999950581],[-96.586985000381318,40.814788000262766],[-96.586945000198341,40.814688999747375],[-96.586908000388419,40.814589999764095],[-96.586875999703054,40.81449299981572],[-96.586845999565838,40.814397999911066],[-96.586819999626556,40.814305000058731],[-96.586797000060329,40.81421599977822],[-96.586778999618687,40.81412900025181],[-96.586764000448383,40.814044000127694],[-96.586754000402649,40.813962000192639],[-96.586747999656524,40.813886000079471],[-96.586742999633671,40.813813000183991],[-96.586740000158912,40.813743999938836],[-96.586736999785884,40.81367900003638],[-96.586736999785884,40.813620000017522],[-96.58673900033402,40.813564000262218],[-96.586742999633671,40.813509999992021],[-96.586752999679405,40.813417000254653],[-96.586762999725138,40.813361000328001],[-96.586777999793767,40.813273000250646],[-96.586978999635207,40.813274999790103],[-96.586978999635207,40.813096000313209],[-96.586951999871033,40.813095000200867],[-96.586545000165259,40.813090999751147],[-96.586545999990165,40.813271000031186],[-96.585770000213458,40.813263999942535],[-96.582205000075817,40.813229000168157],[-96.580293999598865,40.813210000108107],[-96.579843000410463,40.813205999665321],[-96.578728999626634,40.813195999917198],[-96.577500999938295,40.813183999945487],[-96.577372999891779,40.813182999834417],[-96.576952999767201,40.813179000069944],[-96.576255999633204,40.813169999749135],[-96.572544000080796,40.81312400005438],[-96.567712999721664,40.813065000221833],[-96.567485000116022,40.813053000226418],[-96.559538000056151,40.813047000227904],[-96.558895000348826,40.813046000114767],[-96.553254999702702,40.813040000115613],[-96.540077000148926,40.813029000229086],[-96.531119999960595,40.813018999774378],[-96.520920999840229,40.81300799988437],[-96.501830999653762,40.812983999870767],[-96.482716000251287,40.812957000185044],[-96.48160300019066,40.812947999834059],[-96.478141999810106,40.812918999903616],[-96.463728999996974,40.812947999834059],[-96.463728999996974,40.813575000060055],[-96.463727000347149,40.816718999849826],[-96.463727000347149,40.817527000127704],[-96.463725999623932,40.820247999675111],[-96.463724999799012,40.822147000179889],[-96.463724999799012,40.822190999785924],[-96.463724999799012,40.823179999898493],[-96.463723999974107,40.825425999939526],[-96.463723000149187,40.827453000091111],[-96.463723000149187,40.827473000045828],[-96.463745999715414,40.834826999916565],[-96.463747000438644,40.83506799993264],[-96.463722000324296,40.84195100017881],[-96.463722000324296,40.841968000127288],[-96.461937000244035,40.841945999753428],[-96.459290999998245,40.841930000156538],[-96.458535000313006,40.841919999981762],[-96.458053000264172,40.841913999876184],[-96.457676999622208,40.841909000127551],[-96.457213000015031,40.841903000020977],[-96.454969000350459,40.841892999842173],[-96.452683999779694,40.841875000196033],[-96.450224000205054,40.8418529997913],[-96.446932999703805,40.841829000021065],[-96.446180000391621,40.841822000228007],[-96.446196000285141,40.842159999682075],[-96.446336000027216,40.851888999713751],[-96.446341000050097,40.852251000227035],[-96.446414999669955,40.855445999987232],[-96.446406000347423,40.856258999943535],[-96.446370000362407,40.856993000097198],[-96.446342999699922,40.857287999687699],[-96.446309000263042,40.857652000156328],[-96.446263000232292,40.858367999900395],[-96.446214999653392,40.858945999944829],[-96.446207000155809,40.859047999908675],[-96.446144000406605,40.859693000019931],[-96.446119000292256,40.860099000280712],[-96.446007000139247,40.861455999711573],[-96.445864999849036,40.863514999781948],[-96.44579999955171,40.864274000199977],[-96.44574900039639,40.86514900026777],[-96.445479999884569,40.868483999677437],[-96.445249999730791,40.870724999709076],[-96.445248000080966,40.870859000052832],[-96.445265999624311,40.870969999959918],[-96.445339000317574,40.870969000041121],[-96.445685999748889,40.870971999797412],[-96.447791000394602,40.870987999853853],[-96.450678999591403,40.870987999853853],[-96.452313999883842,40.870987999853853],[-96.455321999629547,40.870984000179753],[-96.45646700037554,40.870984000179753],[-96.457521999811505,40.870985000098329],[-96.460528999732318,40.870974000314163],[-96.463424000398447,40.870977000070177],[-96.463713999928373,40.870978999907472],[-96.463713999928373,40.87096399976771],[-96.463713999928373,40.870951000141986],[-96.464949000187715,40.870976000151543],[-96.482905000397167,40.870935000076614],[-96.482801999566675,40.882653999874833],[-96.482778000175543,40.885424000288992],[-96.491756000280262,40.885386999816376],[-96.501851999570164,40.885381000251733],[-96.510381999961226,40.885368999762555],[-96.520935000083938,40.885379999871496],[-96.525484000410742,40.885386000115382],[-96.529175000046777,40.885390999978611],[-96.530370999948062,40.885391999679584],[-96.539997999607905,40.885245999716354],[-96.540046000186791,40.870778000333701],[-96.549446000065913,40.870749999803905],[-96.567506000032438,40.87086299973447],[-96.567552000063188,40.85640999998423],[-96.586581999975181,40.857213999881608],[-96.586634999678623,40.851558999932628],[-96.586648999922332,40.850042999809368],[-96.581912999997769,40.84985400002207],[-96.581866999967005,40.849852000226342],[-96.581902999952021,40.845767999985043],[-96.581933999914156,40.842308000219411],[-96.583576999704206,40.842347000324324],[-96.586715000044563,40.842420999745947],[-96.586741999808751,40.840082000003065],[-96.586771000121075,40.837716000153115],[-96.586801000258291,40.835126999904595],[-96.586832000220454,40.832435000004637],[-96.586849999763785,40.830938999722981],[-96.586884999923882,40.827982000024079],[-96.586886999573707,40.827840000149365],[-96.586900999817416,40.826355999827165],[-96.586906999665189,40.825933000157633],[-96.58691000003823,40.825889000315115],[-96.586911999688056,40.825857000164078],[-96.586915000061111,40.825824000077169],[-96.586920999908898,40.825774999876607],[-96.586932999604457,40.825693000167469],[-96.586945000198341,40.825628999660907],[-96.586959000442036,40.825563999847887],[-96.58697500033557,40.82549899997116],[-96.586997000076877,40.825421000306946],[-96.587017000168359,40.825358000145087],[-96.58703899990968,40.825293999994997],[-96.587064000024029,40.825230999712495],[-96.587091999613122,40.825165000258778],[-96.587120000100526,40.825103999716468],[-96.587150000237756,40.825041999865604],[-96.587182999849716,40.824980999889931],[-96.587217000184907,40.824920999792269],[-96.587253000169923,40.824862000255123],[-96.587290999804765,40.824802999985664],[-96.587330000162808,40.824745000280309],[-96.587371999995597,40.82468699984441],[-96.587414999653305,40.824630999914561],[-96.587459999859135,40.824574999937433],[-96.587506999714819,40.82451999985318],[-96.58755600011861,40.824465999664305],[-96.587606000347336,40.824412000111188],[-96.587660999700589,40.824356999891769],[-96.587712999579153,40.824307000023452],[-96.587767000005826,40.824255000229222],[-96.587819999709268,40.824202999714423],[-96.587866999564923,40.824158000138034],[-96.587920999991596,40.824106000226976],[-96.587975000418282,40.824055000222323],[-96.58802800012171,40.824003000230498],[-96.588081999650086,40.823951000197916],[-96.588135000251839,40.823900000074026],[-96.588187999955281,40.82384899991095],[-96.588239999833817,40.823795999806549],[-96.588290000062543,40.823743000339583],[-96.588340000291254,40.823690000150471],[-96.58839200016979,40.823631000197942],[-96.588439999850365,40.823576000010625],[-96.588485999881129,40.823520999777699],[-96.588505000147691,40.823496000212884],[-96.588592000186338,40.823385000291211],[-96.588810999571137,40.82305899982692],[-96.58894399964052,40.822816999701374],[-96.589081999732784,40.822507000053847],[-96.589187000213087,40.82218699988475],[-96.589212000327436,40.822088000214357],[-96.589263000381081,40.821829000274775],[-96.589280999924412,40.821697999951652],[-96.589289000320335,40.821619999895844],[-96.589299000366097,40.821436999875516],[-96.589300000190988,40.821396999718402],[-96.589301999840814,40.821241000166708],[-96.589305000213869,40.820601999663964],[-96.589322999757215,40.819778999958515],[-96.589326000130271,40.819378000201887]]]},"properties":{"AREALAND":76526421,"AREAWATER":3062,"BASENAME":"68527","CENTLAT":"+40.8457364","CENTLON":"-096.5175381","FUNCSTAT":"S","GEOID":"68527","HU100":665,"INTPTLAT":"+40.8453816","INTPTLON":"-096.5113313","LSADC":"Z5","MTFCC":"G6350","NAME":"ZCTA5 68527","OBJECTID":5957,"OID":"221704258328491","POP100":1849,"ZCTA5":"68527","ZCTA5CC":"B5"}},{"type":"Feature","id":8745,"geometry":{"type":"Polygon","coordinates":[[[-96.676848000370939,40.796715999961421],[-96.676846999647694,40.796601000032062],[-96.676826999556226,40.796487000266133],[-96.676788000096465,40.79637499967312],[-96.676707999730525,40.796233999829816],[-96.676696000034966,40.796200999967937],[-96.67630199984967,40.795717999803202],[-96.676193000069716,40.795614999935836],[-96.676066999673026,40.795523999675751],[-96.675926000106031,40.795446000130738],[-96.675809999755074,40.795396999933757],[-96.67579600040969,40.795390999698995],[-96.675659000142318,40.795347000000817],[-96.675516000027201,40.795315000078396],[-96.675418000117915,40.795299999811895],[-96.675365000414473,40.795299999811895],[-96.674491999655061,40.795296000329699],[-96.674495000028088,40.794971000278146],[-96.674516999769409,40.794877000014694],[-96.674561000150348,40.794788000199759],[-96.674647000364061,40.794655999818914],[-96.674706999740195,40.794532000273072],[-96.674746999923173,40.794402999885541],[-96.674765000364843,40.794290000141451],[-96.674767000014668,40.794158000130601],[-96.674748999572998,40.794025999857304],[-96.674710000113265,40.793896999846744],[-96.674650999663712,40.793771999839926],[-96.674509000271811,40.793508000216391],[-96.674402000141697,40.793269000306204],[-96.674312999554914,40.793025999916672],[-96.674243000133018,40.792782999997925],[-96.674187999881426,40.792515999934984],[-96.674155000269479,40.792246999985508],[-96.674144000398812,40.792012999727099],[-96.67414000020085,40.791673000201278],[-96.672831000321665,40.791671000010879],[-96.672827000123704,40.789865999833111],[-96.672822999925742,40.788047000183674],[-96.672818999727781,40.786227999678104],[-96.672817999902861,40.785704999830919],[-96.672815000428145,40.784410000225925],[-96.672822000100837,40.782592999873344],[-96.672826000298798,40.781684000149326],[-96.672828999773529,40.780776000148187],[-96.672831000321665,40.78037799982927],[-96.672810000405278,40.780373000203191],[-96.672792999788513,40.780368999821832],[-96.672776000070073,40.780363000269681],[-96.672761999826378,40.780355000185729],[-96.672747999582683,40.780347000100825],[-96.672734000237298,40.780337000163392],[-96.672720999818509,40.78032700022446],[-96.672709000122921,40.780317000284015],[-96.672699000077188,40.780305999735575],[-96.67268999985636,40.780293999939126],[-96.672682000358748,40.780282000140495],[-96.672674999787745,40.780268999732705],[-96.672668000115053,40.780252000294368],[-96.67265899989421,40.780228999926983],[-96.672654999696263,40.780218000044201],[-96.672653999871358,40.780201999840422],[-96.672653999871358,40.780188000169126],[-96.672653999871358,40.78017499974289],[-96.672658000069319,40.780152999957636],[-96.672661000442361,40.780139000276023],[-96.672664999741997,40.780125999840237],[-96.672670999589783,40.780113000082103],[-96.672678999985706,40.780100000321426],[-96.672690999681279,40.780085000018822],[-96.672699000077188,40.780076999901389],[-96.672710999772747,40.780067999853166],[-96.672726999666281,40.780059999733695],[-96.672742999559802,40.780054000153633],[-96.672760000176552,40.780047999892794],[-96.672776999894992,40.780045000102291],[-96.672795000336649,40.780043000241875],[-96.672812999880009,40.780040999701171],[-96.672832000146585,40.780039999770914],[-96.672832000146585,40.779977000052902],[-96.672834999621315,40.779216999685623],[-96.672837999994371,40.778505999919659],[-96.672843999842144,40.777120999741982],[-96.672849999689916,40.775378000065594],[-96.672853999887877,40.774440999845133],[-96.672858000085839,40.773489000264277],[-96.672859999735664,40.77277300022115],[-96.672865999583465,40.771320000189711],[-96.672870999606317,40.76986600027579],[-96.671635000420366,40.769858000288409],[-96.671051000264285,40.769855000037758],[-96.668620999928578,40.769841000226911],[-96.668116000313503,40.769837999975493],[-96.666943999803351,40.769831000068677],[-96.665773000016401,40.769824000161073],[-96.665182000187627,40.769819999824797],[-96.6651880000354,40.769319000024012],[-96.663939000430659,40.769320000115634],[-96.663939000430659,40.769495000271739],[-96.663504000237495,40.769495999680366],[-96.663358999574214,40.769495999680366],[-96.662817999974152,40.769494000182739],[-96.662817000149232,40.76932900025929],[-96.662120000015221,40.769327000076288],[-96.661386000071289,40.769324999893229],[-96.659476000317582,40.769320000115634],[-96.659486000363316,40.769421999858295],[-96.659486000363316,40.769468999993855],[-96.659491000386183,40.769792000185468],[-96.65796900007166,40.769785000273806],[-96.656813000353353,40.769778999765784],[-96.655624999949666,40.769774000022316],[-96.655614999903932,40.76896299978322],[-96.655602000383453,40.768803999818218],[-96.655583999941797,40.768720000260785],[-96.655543999758819,40.768589999975013],[-96.655475000161857,40.768429000268192],[-96.654789999723405,40.768592000180199],[-96.654665999874851,40.768609999983191],[-96.654564999592509,40.768617000018679],[-96.653830999648591,40.768619000223055],[-96.653832000371807,40.769060000276717],[-96.653834000021632,40.769515000007537],[-96.653861999610726,40.76960399967728],[-96.653925000258226,40.769764999938921],[-96.652645999617945,40.769760000194452],[-96.652344000392475,40.769759000109438],[-96.651455999564433,40.769754999769205],[-96.650656000396594,40.769752000194252],[-96.649319999854896,40.769745999683252],[-96.649067999959826,40.76974500027837],[-96.64906700013492,40.769436999847294],[-96.64906600031,40.768842000182481],[-96.646692999875697,40.768831999873861],[-96.644357000149625,40.768822000244135],[-96.644371000393321,40.769724999931462],[-96.644292999677205,40.76973999985205],[-96.644225999730054,40.76973999985205],[-96.643379999633126,40.769737000276365],[-96.641915999943251,40.769730999764008],[-96.640709999996218,40.769726000016981],[-96.638994000411259,40.769719000098362],[-96.637154000079406,40.769711000093224],[-96.634783000193238,40.769702000001303],[-96.632701999836982,40.769705999664339],[-96.630519000271775,40.769710000007478],[-96.629305999753726,40.769713000264673],[-96.62921299986732,40.769737999681411],[-96.628785000245145,40.769745999683252],[-96.628608999619729,40.769750000023983],[-96.627453999726328,40.76972999967856],[-96.627400000197966,40.769724999931462],[-96.627308999961357,40.769716999927091],[-96.626287999962273,40.769719000098362],[-96.62601000012792,40.769719000098362],[-96.62586600018787,40.769704000173029],[-96.625271999986026,40.769692999908173],[-96.625106000304683,40.76969099973612],[-96.624527999996374,40.769699999829534],[-96.623614999952309,40.769690000330371],[-96.623388999996493,40.769674999718198],[-96.622378999868047,40.769703000087176],[-96.622068000421734,40.769700999915422],[-96.622074000269507,40.769023000133217],[-96.622081999767119,40.768961000269492],[-96.622121000125176,40.768378000334621],[-96.621682999558956,40.767687999947938],[-96.621637000426517,40.767019999940132],[-96.620126999807553,40.767018999813885],[-96.61987900011043,40.766937999743291],[-96.619337999612029,40.767893999750648],[-96.619340999985099,40.768780000149896],[-96.618324000183961,40.768774000231424],[-96.617703000217944,40.768878999746427],[-96.61761399963116,40.768871000320516],[-96.617560000102799,40.768869000123722],[-96.617452000147765,40.768872999836894],[-96.617334000146997,40.768862000114822],[-96.617289999766058,40.768857999720638],[-96.61709200029766,40.768845999897287],[-96.616912000372608,40.768836000269623],[-96.616857999945921,40.768829000257249],[-96.616806000067385,40.768816999748353],[-96.616763000409691,40.768793000084678],[-96.616724999876539,40.768761999712595],[-96.616694999739295,40.768727999704829],[-96.616678000020869,40.768688999854604],[-96.61666399977716,40.768606999676194],[-96.616659999579198,40.768401000042729],[-96.616652999906506,40.76835999978848],[-96.616638999662811,40.768320000295923],[-96.616616000096599,40.768282999740428],[-96.616513000164431,40.768187000262373],[-96.616450000415242,40.76811999975078],[-96.616375999897073,40.76805799972491],[-96.61633499988919,40.768031000134471],[-96.616287000208629,40.768013000174641],[-96.616230000307212,40.768008000298344],[-96.616182999553217,40.76802299992616],[-96.616108999933374,40.76808600009489],[-96.616062999902624,40.768110000013905],[-96.616009000374262,40.76812799994741],[-96.615964999993338,40.768119000321448],[-96.61592499981036,40.768088999745046],[-96.615893000023306,40.768051999741303],[-96.615872999931838,40.76801400028593],[-96.615867000084052,40.767959999697702],[-96.615821000053302,40.768020999703843],[-96.6158000001369,40.768051999741303],[-96.615773000372712,40.768094999725371],[-96.615745999710214,40.768146999985369],[-96.615704999702345,40.768230000159136],[-96.615665000417678,40.768345999662664],[-96.615636000105368,40.768488999739688],[-96.615630000257596,40.768620000325228],[-96.615633999557232,40.768753000172453],[-96.615737000387711,40.769125000331805],[-96.615761999603762,40.769233999663982],[-96.615764000151884,40.769663000042392],[-96.6137659996363,40.769679000063199],[-96.611228000243855,40.769698999743618],[-96.608408999745706,40.76972100026957],[-96.606155999860306,40.769738999766737],[-96.606129000096132,40.772424999796698],[-96.60610300015685,40.774930999724099],[-96.606086000438438,40.776608000108986],[-96.606083000065382,40.776923999769345],[-96.606078999867421,40.77731399992561],[-96.606059999600845,40.77912600007997],[-96.606036000209713,40.781443000035367],[-96.606025000339059,40.782515999995141],[-96.606007999722308,40.784233000170879],[-96.605723000215278,40.784232000303724],[-96.60566600031386,40.784230999756417],[-96.605689999704978,40.784411000090401],[-96.605816999926603,40.784506999933065],[-96.60585700010958,40.787544000128442],[-96.605873999828006,40.787914000192082],[-96.605907000338277,40.788610000173897],[-96.605888000071715,40.791291999910257],[-96.605891000444757,40.791508000274021],[-96.606066000346928,40.791509000031624],[-96.606066000346928,40.792168000243322],[-96.606062999973886,40.793046999783904],[-96.606058999775925,40.793925999928959],[-96.606056000301194,40.794804000289872],[-96.606054999577964,40.795084000223255],[-96.606046000255461,40.797424000271022],[-96.606045000430541,40.797523999690824],[-96.606045000430541,40.797588000110899],[-96.606045000430541,40.797624999985551],[-96.606067000171848,40.797734000158194],[-96.606113000202612,40.798061999941147],[-96.606100999608714,40.798830999772846],[-96.606931999637027,40.798843999947245],[-96.607220000415424,40.798849000222852],[-96.607879999841188,40.798878000182007],[-96.608027999979214,40.798884999748189],[-96.608970000335589,40.79889999988464],[-96.609168999628892,40.798903000183564],[-96.610731999951298,40.798928999821506],[-96.612638000405397,40.798959999716587],[-96.613783000253051,40.798978000131612],[-96.614851000107819,40.798995999861717],[-96.615492000165318,40.799005999709671],[-96.615609000341195,40.799007999679098],[-96.619316999695641,40.798926999849712],[-96.623359999684169,40.798838999671254],[-96.623609000104523,40.798826000175922],[-96.623602000431816,40.797278000221986],[-96.624975999710017,40.797274000178888],[-96.624981999557804,40.798782000034272],[-96.625139999741563,40.79877899972994],[-96.626944000088386,40.798811000022702],[-96.627368000410911,40.798818000275944],[-96.627674999659277,40.79882899979809],[-96.627674999659277,40.797789999671942],[-96.628774000374477,40.797807999724178],[-96.628898000223046,40.797801999707282],[-96.630638000097449,40.797590999789065],[-96.630700000021747,40.797933999953308],[-96.630725000136081,40.79820000033159],[-96.630734000356924,40.798932000119116],[-96.631664000119414,40.79894799989053],[-96.632962000127975,40.798970999895239],[-96.634598000245305,40.798999999801104],[-96.636389000173338,40.798984999687256],[-96.640992999853438,40.798945999919354],[-96.643278000424203,40.798926000203814],[-96.644138999691421,40.798918999961963],[-96.648903999928294,40.798924999877904],[-96.651282000385493,40.798928000175643],[-96.651356999830242,40.798928999821506],[-96.65247099971576,40.798930000147408],[-96.653665999792139,40.798932000119116],[-96.655302999734403,40.798932999764929],[-96.656168000097878,40.798934000090767],[-96.656471999871485,40.798934999736552],[-96.657268999564607,40.798936000062312],[-96.657662999749917,40.798936000062312],[-96.657663999574822,40.798488999815746],[-96.662320000031769,40.798482999860397],[-96.663281999581329,40.798893999966488],[-96.663281999581329,40.798461000019621],[-96.665675999932049,40.798476999904558],[-96.668060000236991,40.798463000005412],[-96.670442999818732,40.798447999770211],[-96.670790999973292,40.798457000047755],[-96.672365999991271,40.798478999889909],[-96.672366999816163,40.798660000014578],[-96.672848999865025,40.798648000134293],[-96.672849999689916,40.798941000331041],[-96.67405999983491,40.798941000331041],[-96.674289999988687,40.798941000331041],[-96.674563999625079,40.798907999774677],[-96.674680999800941,40.798903999829804],[-96.674878000342758,40.798884000101658],[-96.675090000054865,40.798843999947245],[-96.673002999850794,40.797799999701574],[-96.672877000352429,40.797736999829766],[-96.672875999629198,40.797606000217918],[-96.67287900000224,40.797328000060702],[-96.673094000087403,40.797428000305132],[-96.673340999959606,40.797541999815188],[-96.673673000220631,40.797683999945264],[-96.67380700011492,40.797752999889198],[-96.673845999574667,40.797780999983971],[-96.673978999644063,40.797913000271706],[-96.674018000002135,40.797941000299026],[-96.674060999659829,40.797963999972602],[-96.67410900023873,40.797983000317835],[-96.674515999944489,40.798101000228407],[-96.674830999588764,40.798159999765012],[-96.675208999880539,40.798189000025225],[-96.675531000095816,40.798226999901388],[-96.675634000027983,40.798250000155861],[-96.675819999800822,40.798337000100382],[-96.675909000387591,40.798382999845145],[-96.675982000182515,40.798443000144388],[-96.676075000068948,40.798545000052634],[-96.676156000259809,40.798652999744618],[-96.676207000313411,40.798727000326288],[-96.676218000184079,40.798739999841011],[-96.676622000415122,40.798787999962606],[-96.676711999928486,40.798325000161711],[-96.676742999890635,40.798193000013178],[-96.676807000363041,40.798049000293652],[-96.676822000431656,40.797975999976479],[-96.676820999708454,40.797901000256438],[-96.67680300016508,40.797827999776523],[-96.676768999829889,40.797758000247043],[-96.676720000324408,40.797693999990869],[-96.676593000102798,40.797570999665325],[-96.676517999759724,40.797471000316321],[-96.676470999904055,40.797383000247763],[-96.676456999660374,40.797346999907916],[-96.676581000407239,40.797245999870228],[-96.676669000270778,40.797152000107843],[-96.67674000041589,40.797050000099368],[-96.676794999769172,40.79694199983954],[-96.676830999754188,40.796830999691636],[-96.676848000370939,40.796715999961421]]]},"properties":{"AREALAND":18113208,"AREAWATER":396741,"BASENAME":"68506","CENTLAT":"+40.7842019","CENTLON":"-096.6396190","FUNCSTAT":"S","GEOID":"68506","HU100":13228,"INTPTLAT":"+40.7828640","INTPTLON":"-096.6392808","LSADC":"Z5","MTFCC":"G6350","NAME":"ZCTA5 68506","OBJECTID":8745,"OID":"221704258328357","POP100":28203,"ZCTA5":"68506","ZCTA5CC":"B5"}},{"type":"Feature","id":8827,"geometry":{"type":"Polygon","coordinates":[[[-96.606129000096132,40.772424999796698],[-96.606155999860306,40.769738999766737],[-96.605970000087481,40.769737999681411],[-96.605421000091482,40.769737000276365],[-96.603585999782496,40.76973299993486],[-96.602358000094156,40.76972999967856],[-96.601436999654169,40.76972900027345],[-96.601296000087189,40.769728000187975],[-96.601169999690498,40.769728000187975],[-96.601168000040673,40.769834000320408],[-96.600978000069858,40.769834999723948],[-96.600978999894778,40.769728000187975],[-96.59879299995653,40.7697219996748],[-96.598720000161578,40.7697219996748],[-96.598173999640338,40.76972100026957],[-96.595797999731275,40.769714999755763],[-96.595331999575947,40.769713999670081],[-96.593651000151084,40.769708999921718],[-96.591820999864993,40.769703000087176],[-96.589563999781618,40.769696000166135],[-96.589449999978825,40.769696000166135],[-96.588673000377185,40.769692999908173],[-96.58706800022199,40.769688000158233],[-96.567890000171985,40.769618000218358],[-96.567849999989008,40.780132000094028],[-96.567834999920393,40.784111999811849],[-96.567827000422795,40.786002999898805],[-96.567808000156219,40.79044199982323],[-96.567788999889643,40.794807999801762],[-96.567788000064724,40.795158000022944],[-96.567772999996109,40.798586000038263],[-96.567340000351066,40.798588999671324],[-96.563010000307372,40.798584999707181],[-96.562545999801884,40.798584999707181],[-96.561816000055913,40.798584000056131],[-96.561796999789337,40.798584000056131],[-96.560610999933786,40.798582000073935],[-96.559460000238346,40.798580999742839],[-96.55900099975571,40.798580000091732],[-96.553439999650621,40.798588000020338],[-96.549591999655775,40.798593999966144],[-96.548700000426408,40.798593000315229],[-96.540019000422618,40.798582999725014],[-96.529432999789634,40.798547000035946],[-96.520909999969575,40.79853199981973],[-96.510643999902072,40.79852500021633],[-96.501849000095419,40.798490999800748],[-96.49169199980787,40.798494999770512],[-96.48272100027414,40.798470000295403],[-96.463739000042722,40.798461000019621],[-96.463738000217802,40.799525999927909],[-96.463738000217802,40.799548000095818],[-96.463738000217802,40.80000299976949],[-96.463738000217802,40.800143000140061],[-96.463737000392896,40.801884000106654],[-96.463737000392896,40.80195799980627],[-96.463737000392896,40.802186000071323],[-96.463728999996974,40.812798000150849],[-96.463728999996974,40.812947999834059],[-96.478141999810106,40.812918999903616],[-96.48160300019066,40.812947999834059],[-96.482716000251287,40.812957000185044],[-96.501830999653762,40.812983999870767],[-96.520920999840229,40.81300799988437],[-96.531119999960595,40.813018999774378],[-96.540077000148926,40.813029000229086],[-96.553254999702702,40.813040000115613],[-96.558895000348826,40.813046000114767],[-96.559538000056151,40.813047000227904],[-96.567485000116022,40.813053000226418],[-96.567712999721664,40.813065000221833],[-96.572544000080796,40.81312400005438],[-96.576255999633204,40.813169999749135],[-96.576952999767201,40.813179000069944],[-96.577372999891779,40.813182999834417],[-96.577500999938295,40.813183999945487],[-96.578728999626634,40.813195999917198],[-96.579843000410463,40.813205999665321],[-96.580293999598865,40.813210000108107],[-96.582205000075817,40.813229000168157],[-96.585770000213458,40.813263999942535],[-96.586545999990165,40.813271000031186],[-96.586545000165259,40.813090999751147],[-96.586951999871033,40.813095000200867],[-96.586978999635207,40.813096000313209],[-96.586978999635207,40.813274999790103],[-96.587017999993279,40.813275999899787],[-96.590440999840695,40.813304999674187],[-96.591142000172653,40.813311000329278],[-96.591428000402914,40.813313999976735],[-96.592365999663045,40.813322000169052],[-96.592435999983223,40.813322000169052],[-96.593559000089584,40.813333000006999],[-96.594423999554763,40.813340000088374],[-96.596421000245442,40.813356999894374],[-96.598305999884815,40.813372000159482],[-96.602265000207751,40.813405999750735],[-96.602534999646181,40.813409000073797],[-96.603396999636615,40.813416000147143],[-96.603605000049086,40.813450999822884],[-96.604882000141217,40.81348299984046],[-96.605955000018852,40.813494999758099],[-96.606017999768042,40.813495999864458],[-96.606088000088249,40.813495999864458],[-96.606087000263329,40.813432999933674],[-96.606086000438438,40.813377000020473],[-96.606072000194729,40.812639999854888],[-96.605991000003868,40.811856000316894],[-96.605991000003868,40.811825000326003],[-96.605987999630813,40.81166000017474],[-96.605974000285428,40.810809999795971],[-96.605955000018852,40.809606999906613],[-96.605936999577196,40.808525999752675],[-96.605934000102465,40.808313000238783],[-96.605930999729409,40.808122000086954],[-96.605905999615047,40.806601999802098],[-96.605898999942369,40.806161999663537],[-96.605919000033836,40.80515800005783],[-96.605956999668678,40.803184999809581],[-96.605960000041733,40.803052999805821],[-96.605975000110334,40.802236000293163],[-96.605982999607946,40.801807000157005],[-96.60601199992027,40.800319000323064],[-96.606064999623726,40.800114999681554],[-96.606093000111116,40.799313000089185],[-96.606098999958903,40.798936000062312],[-96.606099999783822,40.798884000101658],[-96.606100999608714,40.798830999772846],[-96.606113000202612,40.798061999941147],[-96.606067000171848,40.797734000158194],[-96.606045000430541,40.797624999985551],[-96.606045000430541,40.797588000110899],[-96.606045000430541,40.797523999690824],[-96.606046000255461,40.797424000271022],[-96.606054999577964,40.795084000223255],[-96.606056000301194,40.794804000289872],[-96.606058999775925,40.793925999928959],[-96.606062999973886,40.793046999783904],[-96.606066000346928,40.792168000243322],[-96.606066000346928,40.791509000031624],[-96.605891000444757,40.791508000274021],[-96.605888000071715,40.791291999910257],[-96.605907000338277,40.788610000173897],[-96.605873999828006,40.787914000192082],[-96.60585700010958,40.787544000128442],[-96.605816999926603,40.784506999933065],[-96.605689999704978,40.784411000090401],[-96.60566600031386,40.784230999756417],[-96.605723000215278,40.784232000303724],[-96.606007999722308,40.784233000170879],[-96.606025000339059,40.782515999995141],[-96.606036000209713,40.781443000035367],[-96.606059999600845,40.77912600007997],[-96.606078999867421,40.77731399992561],[-96.606083000065382,40.776923999769345],[-96.606086000438438,40.776608000108986],[-96.60610300015685,40.774930999724099],[-96.606129000096132,40.772424999796698]]]},"properties":{"AREALAND":29680011,"AREAWATER":26827,"BASENAME":"68520","CENTLAT":"+40.7982662","CENTLON":"-096.5531301","FUNCSTAT":"S","GEOID":"68520","HU100":938,"INTPTLAT":"+40.8058949","INTPTLON":"-096.5725611","LSADC":"Z5","MTFCC":"G6350","NAME":"ZCTA5 68520","OBJECTID":8827,"OID":"221704258328439","POP100":2024,"ZCTA5":"68520","ZCTA5CC":"B5"}},{"type":"Feature","id":9048,"geometry":{"type":"Polygon","coordinates":[[[-96.725281000392556,40.802432999984653],[-96.725284999692207,40.802186000071323],[-96.725196999828654,40.801737999667004],[-96.725134000079464,40.801494999676343],[-96.725103999942263,40.80141600005863],[-96.724995999987215,40.801182999769146],[-96.724954000154412,40.801108000272414],[-96.724892000230156,40.801038999735773],[-96.724851000222259,40.801013000244254],[-96.724800999993548,40.800997000290558],[-96.724696000411555,40.800974999922893],[-96.724657000053512,40.800802000332389],[-96.724638999611827,40.800763999890229],[-96.724266000241244,40.800179000323645],[-96.724210999989666,40.800015999714311],[-96.724180999852436,40.79992800029946],[-96.724139000019647,40.79981900032935],[-96.722101000219411,40.802208000037602],[-96.72174899986689,40.802622000329926],[-96.720917999838591,40.803597999872125],[-96.719892999641516,40.80480399993418],[-96.718844000053323,40.804799999664624],[-96.718849000076204,40.803701000272682],[-96.718854999923991,40.802599999820913],[-96.717445999587369,40.802589999834396],[-96.717226000377664,40.80258900024365],[-96.717201000263302,40.803695000108455],[-96.715943000437733,40.803690000197896],[-96.715831000284737,40.803690000197896],[-96.715833999759482,40.802581000117236],[-96.714554000192607,40.802572999989863],[-96.71450099959084,40.802571999718865],[-96.714443999689422,40.802571999718865],[-96.713000000091029,40.80256199972812],[-96.711518999784403,40.802553000007173],[-96.710029999980136,40.802546000147828],[-96.710025999782175,40.802985000195939],[-96.708772999979473,40.802987000045469],[-96.708547000023671,40.80297599985235],[-96.708340000334445,40.802965000337402],[-96.708340000334445,40.802913000133088],[-96.708158999686148,40.80291199986722],[-96.708157999861257,40.803090000034246],[-96.707067000440276,40.80308500007807],[-96.706171999939542,40.803080999704896],[-96.706173999589367,40.802687999773227],[-96.706173999589367,40.802533000018514],[-96.705592999806314,40.802531999746911],[-96.705590000331583,40.802862000154633],[-96.705053000031143,40.802859000034665],[-96.705053000031143,40.802967999772584],[-96.704872000281185,40.802967999772584],[-96.704870999557954,40.80307800027483],[-96.704654999647886,40.80307800027483],[-96.704657000196022,40.802685000325397],[-96.70465399982298,40.802528000020374],[-96.704114000047809,40.802526999748743],[-96.703898999962647,40.802526000157059],[-96.703763000418533,40.80252499988535],[-96.703751999649569,40.803075999748089],[-96.703064999561306,40.803077000011491],[-96.703066000284537,40.802960999956994],[-96.703047999842866,40.802960999956994],[-96.703015000230906,40.8025230000219],[-96.702728000175725,40.802521999750141],[-96.702611999824782,40.802521999750141],[-96.702378000371354,40.802521000158386],[-96.70200400027754,40.802519000294808],[-96.702000999904499,40.803075999748089],[-96.701579999955015,40.803075999748089],[-96.701580999779921,40.802878999925142],[-96.701403000403005,40.802878999925142],[-96.701222999579642,40.802862000154633],[-96.700677999781604,40.80286099988799],[-96.700678999606509,40.803068999943896],[-96.700281999946469,40.80306799968038],[-96.700283999596294,40.802811999724376],[-96.7001430000293,40.802811999724376],[-96.7001430000293,40.802677000210551],[-96.70014200020438,40.802513000023779],[-96.700072999709107,40.802513000023779],[-96.699746000369274,40.802513000023779],[-96.699676000049067,40.802511999751871],[-96.699337999940255,40.80250999988808],[-96.699342999963136,40.803108000009296],[-96.698610999669043,40.803106000163417],[-96.698603000171445,40.802508000024169],[-96.698373000017668,40.802508000024169],[-96.698261999689578,40.802508000024169],[-96.69798300003032,40.80250699975219],[-96.69789199979374,40.802506000160207],[-96.697871999702244,40.803106000163417],[-96.697285999896323,40.80310300005447],[-96.697296999766976,40.802504000296189],[-96.697133999560364,40.802504000296189],[-96.696813999893209,40.802504000296189],[-96.696809999695247,40.80291199986722],[-96.696454000043104,40.802911000281327],[-96.696453000218185,40.803029999855532],[-96.695905999872025,40.803036000079878],[-96.695905999872025,40.803093000143733],[-96.695361999898893,40.803091999880621],[-96.693914000102538,40.803088000187827],[-96.693909999904562,40.803620000050309],[-96.69390200040695,40.804719000103567],[-96.694144000256301,40.804719000103567],[-96.694231000294934,40.804719000103567],[-96.694232999944774,40.805342000336687],[-96.69373099980443,40.805339999878179],[-96.693729000154605,40.805671999691953],[-96.693675999552838,40.805805999691138],[-96.693675999552838,40.80627999999313],[-96.694220000424281,40.806316999782453],[-96.694220000424281,40.806383999844648],[-96.694437999984174,40.806383000311058],[-96.694436000334349,40.806826999811911],[-96.694221000249186,40.806826000284993],[-96.694227000096973,40.806927000024729],[-96.694222000074106,40.807702000304253],[-96.693677000276068,40.807738999980643],[-96.693678000100974,40.80806999984361],[-96.695325000088971,40.808076000292189],[-96.695325000088971,40.808126000156264],[-96.69532099989101,40.809169999809399],[-96.695315000043223,40.810268999743393],[-96.693868999896694,40.810263000173045],[-96.693864999698732,40.811292000147532],[-96.693864999698732,40.81136100022313],[-96.693862000223987,40.81245999990265],[-96.693861000399082,40.812514999788796],[-96.693858999850946,40.813552999782665],[-96.693858999850946,40.813615000174856],[-96.693854999652999,40.814710000239891],[-96.693849999630103,40.815809000194548],[-96.693782999682966,40.816389999746875],[-96.693584000389649,40.816832000161774],[-96.693453999794983,40.817053999997398],[-96.693042999891262,40.817604000193306],[-96.692827999806099,40.817806000020219],[-96.692715999653117,40.817911000202187],[-96.692499999743049,40.818204999691574],[-96.692350999780132,40.818487000225055],[-96.692282000183141,40.818694000222521],[-96.692236000152391,40.818911999846648],[-96.69223299977935,40.819055999847869],[-96.692221999908682,40.819274000321769],[-96.692217999710735,40.819665999907905],[-96.692240000350353,40.819952999714083],[-96.69245200006246,40.820481000327767],[-96.692585000131842,40.820764000019679],[-96.692668999797448,40.82082799978258],[-96.692708999980411,40.821007000151241],[-96.692717000376334,40.821044999878708],[-96.693244999557606,40.821626999782609],[-96.693285999565504,40.821660999901745],[-96.69349499980288,40.821836000139427],[-96.693728000329699,40.821981999867923],[-96.69396599998106,40.822132999835674],[-96.694212999853264,40.822288000034732],[-96.694336999701832,40.822366999957396],[-96.69442299991556,40.822423999731306],[-96.694693000252286,40.822600999933357],[-96.695905999872025,40.82349700016848],[-96.696027000245849,40.82358600023349],[-96.696060999682715,40.823615000259409],[-96.696074999926424,40.823626999703883],[-96.696152999744228,40.823582999690956],[-96.696228000087302,40.823533999873952],[-96.696322999623533,40.823484000064973],[-96.696419999707913,40.823443999782782],[-96.696516999792308,40.823413999725268],[-96.696500000073854,40.820857000334648],[-96.698157999932519,40.820865000297154],[-96.698152000084733,40.822713999742355],[-96.698148999711677,40.823387000205727],[-96.698147999886785,40.823635000012082],[-96.698145000412026,40.824513000271793],[-96.698133999643048,40.825396000098834],[-96.698126000145464,40.825943999943789],[-96.698125000320559,40.826041000141721],[-96.698118999574447,40.826592999730572],[-96.698105000229063,40.826649999950973],[-96.698074000266914,40.826708999936713],[-96.698024999863108,40.826768999776178],[-96.69795500044124,40.82682300012911],[-96.697352000018569,40.827139999979835],[-96.696531000035989,40.827571999834852],[-96.696531999860909,40.828092999728831],[-96.696522999640081,40.8282020001582],[-96.696520999990256,40.828486000092468],[-96.696520999990256,40.82857199994276],[-96.694557999634782,40.829560000195976],[-96.694164000347783,40.829760999775246],[-96.691400000101225,40.831164999961736],[-96.690465000315854,40.831655999765566],[-96.688838000419338,40.832513000254785],[-96.687841999636277,40.833044000224746],[-96.686716000055185,40.833655999695551],[-96.684103000319681,40.835064000128469],[-96.68292099976378,40.835696999947857],[-96.682221999979944,40.836087000122674],[-96.682222999804864,40.836584000085992],[-96.682308000193672,40.836510000264617],[-96.682401999904997,40.836468999923973],[-96.685012999990704,40.835374000207899],[-96.68562999975876,40.836069000259251],[-96.685592999948838,40.837401000062471],[-96.688712999847539,40.837428999738421],[-96.688908999666126,40.835651000243011],[-96.691718000118527,40.835675999983131],[-96.691707000247888,40.838724000035135],[-96.691706000422968,40.839146999661438],[-96.691775999844864,40.839148000060653],[-96.692308000122424,40.839021000214082],[-96.693063999807663,40.83884000008721],[-96.693169000287952,40.838864000260131],[-96.693221999991394,40.838865999707821],[-96.693273000045025,40.838857999877916],[-96.693528000313151,40.83878300015148],[-96.693837999934559,40.838709000066331],[-96.6943130003107,40.838622999771772],[-96.694571999878477,40.838562000056278],[-96.694729000237302,40.838532000041965],[-96.694839999667082,40.83853100031309],[-96.694893000268848,40.83852600030928],[-96.694940999949409,40.838511000295668],[-96.694986000155254,40.838489000133578],[-96.695113000376864,40.838408999977055],[-96.695500999816062,40.838269999883131],[-96.695640999558151,40.838208000109105],[-96.69604700033733,40.838002000268034],[-96.696129000353096,40.837948000183992],[-96.696233999935089,40.837854000310344],[-96.69639299994374,40.83774200021454],[-96.696542999731577,40.837622999693068],[-96.696741999923205,40.83748300024525],[-96.697003000039103,40.837334999808469],[-96.697059999940521,40.837266000245044],[-96.69718100031433,40.837080999721437],[-96.697280000048536,40.837065000309522],[-96.697517999699912,40.83702700024643],[-96.698054000175432,40.836967000174056],[-96.698318999590995,40.83692399993015],[-96.698474000299996,40.836887000219576],[-96.699024999945834,40.836713000036255],[-96.699434000199744,40.836603000247202],[-96.7002409999386,40.836332000043754],[-96.700375999657808,40.836286999862644],[-96.700639000321857,40.836215999680796],[-96.70099599979892,40.836139000153885],[-96.70131299999133,40.836078999957451],[-96.701416999748389,40.836058999879896],[-96.701789000192392,40.836005000252023],[-96.703144999927247,40.835711999918601],[-96.703504999777351,40.835621000270564],[-96.704232999873483,40.835459999959909],[-96.705115999780332,40.835258000207595],[-96.705531999706949,40.835166999936376],[-96.705679999844961,40.835142999784289],[-96.705956999854394,40.835098999935965],[-96.706705000042007,40.834911999915072],[-96.706884000142168,40.834870999945409],[-96.707172000022254,40.834805999676249],[-96.707194999588481,40.834763999855355],[-96.707290999847928,40.834540999697083],[-96.707504000283265,40.834494000080049],[-96.708018000119154,40.834364000098169],[-96.708521000084417,40.83420900025709],[-96.70877999965218,40.834148999673218],[-96.7098860000401,40.833944999728665],[-96.711355999577762,40.833658999782372],[-96.711726000371939,40.833592999880956],[-96.711899999550894,40.833554999866699],[-96.711985999764622,40.833536999995452],[-96.712090000420019,40.833512999932978],[-96.712142000298556,40.833499999753919],[-96.712143000123461,40.8334789997729],[-96.712143999948367,40.833397000074825],[-96.712159000016982,40.829793999942183],[-96.712159999841887,40.829674000245163],[-96.712164999864768,40.829025999896153],[-96.712164999864768,40.828700999848856],[-96.712220999941266,40.828651999734952],[-96.712672000027965,40.82842400000478],[-96.712843999557094,40.828326999893797],[-96.712969999953799,40.828143000141331],[-96.713002999565759,40.828110999718518],[-96.713361999590958,40.827859000097561],[-96.713744999905614,40.827566999684258],[-96.713944000097229,40.827427999969281],[-96.714365000046712,40.827168999811192],[-96.715148000394436,40.826661000297918],[-96.715350000060809,40.826619000075716],[-96.715449999619921,40.826589000094884],[-96.715592999735051,40.826530000002379],[-96.715911999577287,40.826372999696432],[-96.716084999829633,40.826274000156708],[-96.716289999869062,40.826139000113578],[-96.716525999870612,40.82596899994531],[-96.71659700001571,40.825907000223289],[-96.716685999704183,40.825802999704308],[-96.716757999674201,40.825648000242587],[-96.716818999773565,40.825533000144688],[-96.716873000200252,40.825462000002432],[-96.717130000118189,40.825197000063895],[-96.717180000346886,40.825123999699898],[-96.717376000165487,40.824876999958065],[-96.717529000326365,40.824613000339788],[-96.71756100011342,40.824535000313247],[-96.717617000189904,40.824208000118674],[-96.717642000304267,40.824009999865716],[-96.717648999976959,40.823958999787244],[-96.717645999603917,40.823917999842308],[-96.717633000083438,40.82387999972152],[-96.717581000204888,40.8238089998489],[-96.717483000295616,40.823707999975753],[-96.717611000342117,40.823661000157358],[-96.717640999581036,40.823628000337237],[-96.717725000144938,40.823220000339902],[-96.717761999954874,40.823017000042647],[-96.717761000129954,40.822976000195169],[-96.717734000365766,40.822894999709042],[-96.717714000274285,40.822856999681925],[-96.717701999680415,40.822817999667159],[-96.717714000274285,40.822734999733804],[-96.717770000350782,40.822533999931629],[-96.717809999635435,40.822330000280694],[-96.717823000054238,40.822124000049769],[-96.71784099959757,40.822043999860242],[-96.717941000055006,40.821807999996459],[-96.717982999887809,40.821647000134703],[-96.718017000223,40.821483999910363],[-96.718172999858595,40.821257999987481],[-96.718218000064454,40.821203999861872],[-96.718298000430394,40.821110000041877],[-96.718515000165354,40.820874000253838],[-96.718706999785994,40.820489000335627],[-96.718876999665298,40.820395000182174],[-96.718981000320682,40.820337000021006],[-96.719253000307233,40.820203000134569],[-96.719330000300147,40.820143999799434],[-96.720162000153351,40.819554999694859],[-96.72022300025273,40.819486999999299],[-96.720426999568915,40.8192950000427],[-96.721005999702143,40.818803999810569],[-96.721275000213979,40.818545999994576],[-96.721777000354294,40.818112999774058],[-96.721994999914173,40.817930000275616],[-96.722056000013552,40.817863000314411],[-96.722179000037215,40.817679000083061],[-96.722235999938619,40.817608999735405],[-96.722598000336859,40.817248999791346],[-96.72264900039049,40.81717600019708],[-96.722754999797374,40.81698599977755],[-96.722784000109698,40.816907000244434],[-96.722808000399141,40.816785000229892],[-96.722816999721672,40.816661999932315],[-96.722865000300558,40.816500999817286],[-96.722902999935386,40.8163389999279],[-96.722947000316324,40.815969999949438],[-96.722986999600991,40.815897000307437],[-96.723020999936153,40.8158190002287],[-96.723052999723208,40.815698000325966],[-96.723112999997682,40.815371000074776],[-96.723165999701109,40.815003000234661],[-96.723180999769738,40.814829999818755],[-96.723194000188528,40.814673999779977],[-96.723196999663259,40.814591999943751],[-96.723179999944833,40.814511000097227],[-96.723132000264258,40.814393000127026],[-96.722954999813936,40.814046999741969],[-96.723042999677475,40.813850999953324],[-96.723096000279241,40.813778000019333],[-96.723114999647493,40.813740000208192],[-96.723116000370723,40.813710999944036],[-96.723118999845454,40.813649999745607],[-96.723128999891188,40.813617999808528],[-96.723143999959817,40.813577999695539],[-96.723246999891984,40.813342999734523],[-96.723307999991349,40.813229000168157],[-96.723323000059963,40.813189999931609],[-96.72332800008283,40.813149000128895],[-96.723313999839121,40.812736999792889],[-96.72332899990775,40.812572999990181],[-96.7233749999385,40.812287000334415],[-96.723421999794155,40.812125999800472],[-96.723473999672706,40.811923999675926],[-96.723511000380924,40.811804000280119],[-96.723627999658476,40.81157300001626],[-96.7236569999708,40.811493000019951],[-96.72367299986432,40.811411000331603],[-96.7236720000394,40.811371000247817],[-96.723641000077265,40.811291000007998],[-96.723550999665591,40.810968999834856],[-96.723617999612742,40.810944999763606],[-96.723631000031531,40.810906999689728],[-96.723636000054398,40.810822000197057],[-96.723585000000782,40.810369999682152],[-96.723589000198743,40.810329000176615],[-96.723634000404573,40.810208999935888],[-96.723641999902171,40.810168999807409],[-96.723627999658476,40.809922000128779],[-96.723586999650607,40.809549999998033],[-96.723534999772056,40.809267000060814],[-96.723511000380924,40.809232999708485],[-96.723424000342291,40.809177000329981],[-96.723615000137997,40.808878000068262],[-96.723655000320974,40.8088010000738],[-96.723716000420339,40.808600999705995],[-96.723728000115926,40.808518999843351],[-96.723732000313888,40.808354000310082],[-96.72371800007015,40.808231000020264],[-96.723677999887187,40.808028000088022],[-96.723529999749189,40.807545999824484],[-96.723504999634841,40.807465999732536],[-96.723493999764173,40.807385000025704],[-96.723514999680575,40.807261999979609],[-96.723733000138779,40.806816000255303],[-96.723872999880854,40.80680099986791],[-96.724359000127677,40.806579999932445],[-96.723825000200279,40.806614999814364],[-96.72384600011668,40.806475999708177],[-96.723840000268908,40.806436000049224],[-96.723811999781489,40.806350000054934],[-96.723779999994449,40.806252000083731],[-96.723774999971567,40.806236000033046],[-96.723827999675024,40.806155999721803],[-96.723865000383256,40.806078999968641],[-96.723875000429004,40.806039000070406],[-96.72390899986587,40.805826000053457],[-96.723928000132446,40.805711999811344],[-96.723969000140329,40.805580000073739],[-96.723986999683675,40.805499000104767],[-96.723991999706556,40.805416999808855],[-96.724071000247577,40.805092999903913],[-96.72414599969234,40.805037999985444],[-96.724179000202625,40.805007000209137],[-96.724190000073264,40.804969999689447],[-96.724133000171861,40.80480800020355],[-96.724129999798819,40.804766999981304],[-96.724137000369836,40.804601999958699],[-96.724128000148994,40.804479000194227],[-96.724133000171861,40.804437999768723],[-96.724149000065381,40.804398999804874],[-96.72427200008903,40.804262000308164],[-96.724323999967567,40.804190000270665],[-96.724360999777488,40.804113000276367],[-96.724390000089812,40.803990999855245],[-96.724847999849217,40.803280999709258],[-96.725000000185176,40.803018000085309],[-96.725014000428885,40.802977999702151],[-96.725023999576322,40.802914999984736],[-96.725033999622056,40.802855000327874],[-96.725058999736419,40.802607999945032],[-96.725201000026615,40.802536000153168],[-96.725238999661471,40.80250699975219],[-96.725269999623606,40.802473000016263],[-96.725281000392556,40.802432999984653]]]},"properties":{"AREALAND":7680231,"AREAWATER":329070,"BASENAME":"68508","CENTLAT":"+40.8182970","CENTLON":"-096.7062518","FUNCSTAT":"S","GEOID":"68508","HU100":6228,"INTPTLAT":"+40.8204526","INTPTLON":"-096.7043296","LSADC":"Z5","MTFCC":"G6350","NAME":"ZCTA5 68508","OBJECTID":9048,"OID":"221704258328381","POP100":17249,"ZCTA5":"68508","ZCTA5CC":"B5"}},{"type":"Feature","id":9050,"geometry":{"type":"Polygon","coordinates":[[[-96.73010400035578,40.787541999813662],[-96.730004999723263,40.787469000185922],[-96.729890000095537,40.78739599979783],[-96.72944099965865,40.787108000139142],[-96.729173999694964,40.786915999672793],[-96.728920000150069,40.786713999674056],[-96.728822000240783,40.786627999972936],[-96.728663000232103,40.786487999667699],[-96.728423000032606,40.786251999845348],[-96.72821299997031,40.786023000106589],[-96.727993999687186,40.785752999854637],[-96.72781700013519,40.785507000301763],[-96.727675999669884,40.785284999674246],[-96.727530999904928,40.785022000170322],[-96.727412999904146,40.784771999834142],[-96.727356000002743,40.784628000252638],[-96.727325999865513,40.78455400028011],[-96.727279000009844,40.78455400028011],[-96.726570000180274,40.784551999875262],[-96.725996000069927,40.784551000012918],[-96.725735999778919,40.78455000015056],[-96.722034000272259,40.784541999890777],[-96.72192200011925,40.784557999729238],[-96.720639000179347,40.784539000303184],[-96.720608000217211,40.784458999688987],[-96.720593999973488,40.784365000187513],[-96.720595999623313,40.784053999904508],[-96.720599999821275,40.783637999694278],[-96.720659000270814,40.777626999729264],[-96.721569999766743,40.777540999825852],[-96.722548000108148,40.777515999943788],[-96.722960999661709,40.777475999840753],[-96.722461999894421,40.776788999992824],[-96.721681000094819,40.776301000185555],[-96.721558999896089,40.776229999742064],[-96.721574999789638,40.774150999755484],[-96.721551000398492,40.774078999715385],[-96.721517000063301,40.774029000057304],[-96.721450999941069,40.773973000232367],[-96.72139099966661,40.773941000214009],[-96.721322999894554,40.773918999724771],[-96.721225999810159,40.773907000135083],[-96.720771000423809,40.77390099999932],[-96.720805999685595,40.770184000185679],[-96.723189999990566,40.770222999838822],[-96.726663000066694,40.770279000103137],[-96.727108000305634,40.770287000039836],[-96.727319000192807,40.770290000270982],[-96.727326999690419,40.768402000148178],[-96.727309000147073,40.767917999738962],[-96.727270999613935,40.767433999886741],[-96.727213999712518,40.766952000165738],[-96.727136999719633,40.766471999939213],[-96.727042000183388,40.765992999789333],[-96.726919000159739,40.765488999943734],[-96.726776000044609,40.764988000148414],[-96.726611000188157,40.764490999955143],[-96.726413999646354,40.763971000255026],[-96.726217999827767,40.763510999771988],[-96.725976999803365,40.763001999902251],[-96.725964000282872,40.76294800000418],[-96.725935999795468,40.76294800000418],[-96.725923000274989,40.762895000250502],[-96.725683999900383,40.762445999910327],[-96.72543700002818,40.762015999688529],[-96.723717000245259,40.759289999946191],[-96.72356300025946,40.759046000191297],[-96.723278999679025,40.758554999955486],[-96.72304000020273,40.758100000036059],[-96.722819000269808,40.757639999748349],[-96.722625999925953,40.757197000258181],[-96.722425999909404,40.756682000020199],[-96.722264000426009,40.756208000166588],[-96.722097000021449,40.75563500021137],[-96.72184699977619,40.755630999701502],[-96.720749999609097,40.755615999998824],[-96.715739000223238,40.755608999954951],[-96.713155999726638,40.755605999741519],[-96.712815000143095,40.755605000124007],[-96.712586999639157,40.755603999825986],[-96.71259400021016,40.755697000258344],[-96.712807999572078,40.759347000139194],[-96.712824000363938,40.759734000013559],[-96.712796999701425,40.760120999676111],[-96.712747000371024,40.76037900001392],[-96.712775999785023,40.760823999830983],[-96.71270399981502,40.76100799981598],[-96.712612999578425,40.761229999925959],[-96.712504999623391,40.761431999853812],[-96.712288999713323,40.761811000241302],[-96.710882999749757,40.763674999676375],[-96.709053000361962,40.76617199973802],[-96.707312999589234,40.768399999937273],[-96.707247000365328,40.768389000136857],[-96.707187000090855,40.768365999744283],[-96.707100999877127,40.768333000320744],[-96.706603999759665,40.768169999773434],[-96.70644700029915,40.768139999900413],[-96.7060210003268,40.76807599967254],[-96.705121999628133,40.767924999847345],[-96.704749000257522,40.767874000207328],[-96.70432099973705,40.767826000190212],[-96.703996999871961,40.767803999717216],[-96.703456000271871,40.767780999802525],[-96.702862000070027,40.767749000203757],[-96.70232099957164,40.767732000283075],[-96.701889999576409,40.767703000328346],[-96.701650000275208,40.767684000163442],[-96.701491000266543,40.76767100001166],[-96.701558000213694,40.770171999921445],[-96.701540999596943,40.771374000088436],[-96.701542000320188,40.771511000100716],[-96.701485000418771,40.771484999931396],[-96.701076000164861,40.771298000193184],[-96.700748999926716,40.771150999782144],[-96.700131000333727,40.770911999687648],[-96.699308999627959,40.770655000169697],[-96.69863199958543,40.770474999976294],[-96.698264000237714,40.770391999885398],[-96.6977000001731,40.770279000103137],[-96.696845999680264,40.770142000271967],[-96.696269999920105,40.7700599998456],[-96.693658000009506,40.769690000330371],[-96.691882000150073,40.769420999768194],[-96.689681999968116,40.769097999814242],[-96.689628000439754,40.769310999970713],[-96.68958200040899,40.769554000053269],[-96.689548000073827,40.769855000037758],[-96.683032999916776,40.769455000101729],[-96.683025000419178,40.769567999924583],[-96.68286999971015,40.769557999725258],[-96.681878999848294,40.769501000125054],[-96.678316000258775,40.769299000229225],[-96.676280000108349,40.769183999761566],[-96.675960000441208,40.769166000114062],[-96.675818000151011,40.769141999896128],[-96.675006000389274,40.769082000333881],[-96.674585000439791,40.769054999798847],[-96.674144000398812,40.76901199975562],[-96.673705000007686,40.768954999687054],[-96.673223999783744,40.76887500003356],[-96.672906999591333,40.768810999833228],[-96.672873000154468,40.768807000116318],[-96.672870999606317,40.76986600027579],[-96.672865999583465,40.771320000189711],[-96.672859999735664,40.77277300022115],[-96.672858000085839,40.773489000264277],[-96.672853999887877,40.774440999845133],[-96.672849999689916,40.775378000065594],[-96.672843999842144,40.777120999741982],[-96.672837999994371,40.778505999919659],[-96.672834999621315,40.779216999685623],[-96.672832000146585,40.779977000052902],[-96.672832000146585,40.780039999770914],[-96.672812999880009,40.780040999701171],[-96.672795000336649,40.780043000241875],[-96.672776999894992,40.780045000102291],[-96.672760000176552,40.780047999892794],[-96.672742999559802,40.780054000153633],[-96.672726999666281,40.780059999733695],[-96.672710999772747,40.780067999853166],[-96.672699000077188,40.780076999901389],[-96.672690999681279,40.780085000018822],[-96.672678999985706,40.780100000321426],[-96.672670999589783,40.780113000082103],[-96.672664999741997,40.780125999840237],[-96.672661000442361,40.780139000276023],[-96.672658000069319,40.780152999957636],[-96.672653999871358,40.78017499974289],[-96.672653999871358,40.780188000169126],[-96.672653999871358,40.780201999840422],[-96.672654999696263,40.780218000044201],[-96.67265899989421,40.780228999926983],[-96.672668000115053,40.780252000294368],[-96.672674999787745,40.780268999732705],[-96.672682000358748,40.780282000140495],[-96.67268999985636,40.780293999939126],[-96.672699000077188,40.780305999735575],[-96.672709000122921,40.780317000284015],[-96.672720999818509,40.78032700022446],[-96.672734000237298,40.780337000163392],[-96.672747999582683,40.780347000100825],[-96.672761999826378,40.780355000185729],[-96.672776000070073,40.780363000269681],[-96.672792999788513,40.780368999821832],[-96.672810000405278,40.780373000203191],[-96.672831000321665,40.78037799982927],[-96.672828999773529,40.780776000148187],[-96.672826000298798,40.781684000149326],[-96.672822000100837,40.782592999873344],[-96.672815000428145,40.784410000225925],[-96.672817999902861,40.785704999830919],[-96.672818999727781,40.786227999678104],[-96.672822999925742,40.788047000183674],[-96.672827000123704,40.789865999833111],[-96.672831000321665,40.791671000010879],[-96.67414000020085,40.791673000201278],[-96.674144000398812,40.792012999727099],[-96.674155000269479,40.792246999985508],[-96.674187999881426,40.792515999934984],[-96.674243000133018,40.792782999997925],[-96.674312999554914,40.793025999916672],[-96.674402000141697,40.793269000306204],[-96.674509000271811,40.793508000216391],[-96.674650999663712,40.793771999839926],[-96.674710000113265,40.793896999846744],[-96.674748999572998,40.794025999857304],[-96.674767000014668,40.794158000130601],[-96.674765000364843,40.794290000141451],[-96.674746999923173,40.794402999885541],[-96.674706999740195,40.794532000273072],[-96.674647000364061,40.794655999818914],[-96.674561000150348,40.794788000199759],[-96.674516999769409,40.794877000014694],[-96.674495000028088,40.794971000278146],[-96.674491999655061,40.795296000329699],[-96.675365000414473,40.795299999811895],[-96.675418000117915,40.795299999811895],[-96.675516000027201,40.795315000078396],[-96.675659000142318,40.795347000000817],[-96.67579600040969,40.795390999698995],[-96.675809999755074,40.795396999933757],[-96.675926000106031,40.795446000130738],[-96.676066999673026,40.795523999675751],[-96.676193000069716,40.795614999935836],[-96.67630199984967,40.795717999803202],[-96.676696000034966,40.796200999967937],[-96.676846999647694,40.796200000280983],[-96.677501000123996,40.797195999969794],[-96.677534999560862,40.797251999937387],[-96.679003000347038,40.798941999976712],[-96.67834700022091,40.798941999976712],[-96.678020999807686,40.798978000131612],[-96.677802000422872,40.798980000101878],[-96.677559999675225,40.798966000308816],[-96.676609999821238,40.798853000171093],[-96.676282999583094,40.798814000325642],[-96.676179999650927,40.798801999793149],[-96.676075000068948,40.798787000314604],[-96.676003000098916,40.798780000058052],[-96.675906999839441,40.798772999800796],[-96.675807000280344,40.79877400012905],[-96.675705999998002,40.798780000058052],[-96.67555799985999,40.798801000145374],[-96.67538499960763,40.798838999671254],[-96.675880000075267,40.799100000246959],[-96.677161000365373,40.799775999799053],[-96.677394999818787,40.79991599996842],[-96.677595999660241,40.800055999842513],[-96.677768000087681,40.800192000234041],[-96.677958999883401,40.800365000054406],[-96.678543999864402,40.800987000062527],[-96.678708999720854,40.80115700033403],[-96.67888299979812,40.801313999802005],[-96.679108999753936,40.801490999887363],[-96.679353000151409,40.801652999989727],[-96.679569000061477,40.801776000231506],[-96.679817999583491,40.801899999846519],[-96.680078999699418,40.802008999799348],[-96.680205000096109,40.802052999841898],[-96.680323999921796,40.802094999978941],[-96.680575999816881,40.802169000123321],[-96.680860000397303,40.802236000293163],[-96.681123000163055,40.802282000055996],[-96.681790000159822,40.802364999739559],[-96.682257999964961,40.802424000246219],[-96.682382999638449,40.80244400026772],[-96.682451000308802,40.802454000276242],[-96.682594000423947,40.802484999885074],[-96.682698000181006,40.802516000159386],[-96.68277900037188,40.80253999987923],[-96.682825000402616,40.802558000003444],[-96.682955999923863,40.802607999945032],[-96.683145000069757,40.80269900001408],[-96.683237000131285,40.802753999830898],[-96.683585000285817,40.802760000080148],[-96.683945999960855,40.802760999668315],[-96.683945000135921,40.802707999715224],[-96.684063999961609,40.802710000253057],[-96.684436000405611,40.802715999826333],[-96.684560000254166,40.802715999826333],[-96.684559000429246,40.802993999858309],[-96.685110000075085,40.802995000122948],[-96.685120999945738,40.802474000288754],[-96.68536399961998,40.802474999881227],[-96.685361000145235,40.802878000338751],[-96.68536000032033,40.802990999744303],[-96.685462000427577,40.802995999707569],[-96.686183999777626,40.802998999821291],[-96.686184999602531,40.80283999972518],[-96.686546000175866,40.802840999992092],[-96.686547999825692,40.802753000242632],[-96.686660999803607,40.802753999830898],[-96.687123999585879,40.802758000223783],[-96.687122999760959,40.803001999934935],[-96.687665000084266,40.803003999783961],[-96.687665999909186,40.802844999699772],[-96.687845999834238,40.802844999699772],[-96.687845000009318,40.802768999773029],[-96.687959999637044,40.802775000020929],[-96.688062999569212,40.80278000000046],[-96.688392000355506,40.802781000268325],[-96.688390999632276,40.80300600031287],[-96.689213000338057,40.803008999746197],[-96.68938200039247,40.803008999746197],[-96.68938200039247,40.802862000154633],[-96.689505000416105,40.802862999741258],[-96.689998000335606,40.802865999860998],[-96.689996999612376,40.803011000275006],[-96.690682999875733,40.803011999859379],[-96.690678999677758,40.803610000217475],[-96.691797999586157,40.803613999878813],[-96.692462999933113,40.803615999709336],[-96.692467000131074,40.80305200022206],[-96.6937430003983,40.803042999887552],[-96.693914000102538,40.803088000187827],[-96.695361999898893,40.803091999880621],[-96.695905999872025,40.803093000143733],[-96.695905999872025,40.803036000079878],[-96.696453000218185,40.803029999855532],[-96.696454000043104,40.802911000281327],[-96.696809999695247,40.80291199986722],[-96.696813999893209,40.802504000296189],[-96.697133999560364,40.802504000296189],[-96.697296999766976,40.802504000296189],[-96.697285999896323,40.80310300005447],[-96.697871999702244,40.803106000163417],[-96.69789199979374,40.802506000160207],[-96.69798300003032,40.80250699975219],[-96.698261999689578,40.802508000024169],[-96.698373000017668,40.802508000024169],[-96.698603000171445,40.802508000024169],[-96.698610999669043,40.803106000163417],[-96.699342999963136,40.803108000009296],[-96.699337999940255,40.80250999988808],[-96.699676000049067,40.802511999751871],[-96.699746000369274,40.802513000023779],[-96.700072999709107,40.802513000023779],[-96.70014200020438,40.802513000023779],[-96.7001430000293,40.802677000210551],[-96.7001430000293,40.802811999724376],[-96.700283999596294,40.802811999724376],[-96.700281999946469,40.80306799968038],[-96.700678999606509,40.803068999943896],[-96.700677999781604,40.80286099988799],[-96.701222999579642,40.802862000154633],[-96.701403000403005,40.802878999925142],[-96.701580999779921,40.802878999925142],[-96.701579999955015,40.803075999748089],[-96.702000999904499,40.803075999748089],[-96.70200400027754,40.802519000294808],[-96.702378000371354,40.802521000158386],[-96.702611999824782,40.802521999750141],[-96.702728000175725,40.802521999750141],[-96.703015000230906,40.8025230000219],[-96.703047999842866,40.802960999956994],[-96.703066000284537,40.802960999956994],[-96.703064999561306,40.803077000011491],[-96.703751999649569,40.803075999748089],[-96.703763000418533,40.80252499988535],[-96.703898999962647,40.802526000157059],[-96.704114000047809,40.802526999748743],[-96.70465399982298,40.802528000020374],[-96.704657000196022,40.802685000325397],[-96.704654999647886,40.80307800027483],[-96.704870999557954,40.80307800027483],[-96.704872000281185,40.802967999772584],[-96.705053000031143,40.802967999772584],[-96.705053000031143,40.802859000034665],[-96.705590000331583,40.802862000154633],[-96.705592999806314,40.802531999746911],[-96.706173999589367,40.802533000018514],[-96.706173999589367,40.802687999773227],[-96.706171999939542,40.803080999704896],[-96.707067000440276,40.80308500007807],[-96.708157999861257,40.803090000034246],[-96.708158999686148,40.80291199986722],[-96.708340000334445,40.802913000133088],[-96.708340000334445,40.802965000337402],[-96.708547000023671,40.80297599985235],[-96.708772999979473,40.802987000045469],[-96.710025999782175,40.802985000195939],[-96.710029999980136,40.802546000147828],[-96.711518999784403,40.802553000007173],[-96.713000000091029,40.80256199972812],[-96.714443999689422,40.802571999718865],[-96.71450099959084,40.802571999718865],[-96.714554000192607,40.802572999989863],[-96.715833999759482,40.802581000117236],[-96.715831000284737,40.803690000197896],[-96.715943000437733,40.803690000197896],[-96.717201000263302,40.803695000108455],[-96.717226000377664,40.80258900024365],[-96.717445999587369,40.802589999834396],[-96.718854999923991,40.802599999820913],[-96.718849000076204,40.803701000272682],[-96.718844000053323,40.804799999664624],[-96.719892999641516,40.80480399993418],[-96.720917999838591,40.803597999872125],[-96.72174899986689,40.802622000329926],[-96.722101000219411,40.802208000037602],[-96.724139000019647,40.79981900032935],[-96.724104999684457,40.799730999973356],[-96.724045000308308,40.799617000142348],[-96.723959000094581,40.799512999887128],[-96.7236720000394,40.799195000292947],[-96.72362699983357,40.799112999688582],[-96.723548000190846,40.798970000250009],[-96.723532000297325,40.798745999773082],[-96.723517000228711,40.798681999789402],[-96.723470000373055,40.798486000178166],[-96.72343799968769,40.798131000172226],[-96.723375999763391,40.797718000094129],[-96.723406999725526,40.797185999849177],[-96.723468999649825,40.796937999776148],[-96.723655000320974,40.79637100025564],[-96.723702000176644,40.796157999814127],[-96.723826000025198,40.795661999901746],[-96.723856999987333,40.795437000125041],[-96.723903000018097,40.795189000318913],[-96.723980999835902,40.794657000209156],[-96.723996999729408,40.794585999664989],[-96.724229000431336,40.793605999962175],[-96.724274999563775,40.793345999958582],[-96.724322000317741,40.79302700033147],[-96.724337000386356,40.792814000042661],[-96.724415000204175,40.792246999985508],[-96.724461000234925,40.792046000310457],[-96.724414000379255,40.791837999718503],[-96.724389000264893,40.79164500025076],[-96.724368000348505,40.791478999815759],[-96.724414000379255,40.791289999708383],[-96.72443000027279,40.791160000059925],[-96.724554000121344,40.790841000131756],[-96.724616000045614,40.79072199978954],[-96.724677999969913,40.790533000247855],[-96.724724999825554,40.790414999807808],[-96.724848999674123,40.790201999981186],[-96.724910999598407,40.789989999931862],[-96.724958000352373,40.78978900022566],[-96.724973000421002,40.789647000211978],[-96.725004000383137,40.789529000237835],[-96.725004000383137,40.789352000223445],[-96.724987999591306,40.789163000182917],[-96.724987999591306,40.78882000027199],[-96.725050000413887,40.788334999850846],[-96.725112000338186,40.788193999936063],[-96.725119999835769,40.788146000316416],[-96.725428999632271,40.788178000293392],[-96.725797999703204,40.788203000243442],[-96.726169000322287,40.788215999778473],[-96.726551999738604,40.788215999778473],[-96.726923000357687,40.788203000243442],[-96.727318000367887,40.788175000189916],[-96.727710000005075,40.788132000279134],[-96.728048999938778,40.788083000125354],[-96.7280859997487,40.788069999884172],[-96.72822999968875,40.788051999912206],[-96.728777999859844,40.787936999938637],[-96.729151999953643,40.787838999987279],[-96.729987000179904,40.787584000289854],[-96.73010400035578,40.787541999813662]]]},"properties":{"AREALAND":17280522,"AREAWATER":1312,"BASENAME":"68502","CENTLAT":"+40.7835652","CENTLON":"-096.7008498","FUNCSTAT":"S","GEOID":"68502","HU100":11989,"INTPTLAT":"+40.7840098","INTPTLON":"-096.7004037","LSADC":"Z5","MTFCC":"G6350","NAME":"ZCTA5 68502","OBJECTID":9050,"OID":"221704258328306","POP100":27238,"ZCTA5":"68502","ZCTA5CC":"B5"}},{"type":"Feature","id":26265,"geometry":{"type":"Polygon","coordinates":[[[-96.643439999907599,40.883835999851371],[-96.643440999732505,40.883773999927875],[-96.643356000242008,40.883781999767919],[-96.64314000033194,40.88379800012423],[-96.643065999813771,40.883800000253395],[-96.642869000170293,40.883808000090298],[-96.642194999602495,40.883906999944394],[-96.641981000240577,40.883928999967303],[-96.641823000056817,40.883958999801543],[-96.641673000269009,40.884007000051405],[-96.641382000015867,40.884114999807053],[-96.641181999999318,40.884179000207972],[-96.640869000004884,40.884249000214801],[-96.640710999821124,40.884274999674545],[-96.640501999583762,40.884319999864708],[-96.640289999871655,40.884355000142378],[-96.640083000182415,40.884403000105024],[-96.639867000272361,40.884420999742424],[-96.639541999684027,40.884429999898884],[-96.6392160001691,40.884432000008943],[-96.639053999787393,40.884425999678605],[-96.639003999558682,40.884410000153245],[-96.638950999855226,40.884398999883075],[-96.638898000151784,40.884400999994085],[-96.63852400005797,40.884453000142244],[-96.638252999896324,40.884460999900213],[-96.63783199994684,40.884455999966683],[-96.637615000211852,40.884462000294349],[-96.637399000301798,40.884477999807139],[-96.636810000122836,40.884550999997003],[-96.63627000034765,40.884588999970902],[-96.635677999795632,40.884643999787308],[-96.635353999930544,40.884662999750311],[-96.635139999670301,40.884692999930998],[-96.634830000048879,40.884767999983616],[-96.634152000181487,40.884915999738446],[-96.633993999997713,40.884943999709904],[-96.633778999912565,40.884966000067308],[-96.633296999863717,40.885026999846794],[-96.632981000394537,40.885084000068659],[-96.632388000017599,40.885134000270533],[-96.632224999811001,40.885141000241489],[-96.632116999855967,40.885137999768908],[-96.632064000152511,40.885130000092822],[-96.631909000341821,40.885091000044859],[-96.631801000386787,40.885095999930414],[-96.631480999821321,40.885141999946185],[-96.630837000289091,40.885212000292704],[-96.630730999983882,40.885231000092638],[-96.630629999701526,40.885261999718765],[-96.630474000065931,40.885295999795829],[-96.630419999639244,40.885299999963564],[-96.630366000110882,40.885297999879732],[-96.63031300040744,40.885290000222938],[-96.630157999698426,40.885249999887108],[-96.630052000291542,40.885233000178495],[-96.629944000336508,40.88522499983474],[-96.629509999968235,40.885233999881855],[-96.629282000362593,40.885249999887108],[-96.62924100035471,40.885254000057621],[-96.628914999941486,40.885249000184047],[-96.628591000076383,40.88526700027051],[-96.628211999959689,40.885293000009483],[-96.628104000004654,40.885292000307011],[-96.627996000049635,40.88528300026779],[-96.627734999933722,40.885226000217322],[-96.627572999552001,40.885210000206257],[-96.627519999848573,40.885215999786354],[-96.627375000083617,40.88527299984549],[-96.627272999976341,40.885302000047346],[-96.627221999922739,40.885311000083973],[-96.627166999671161,40.885320000119393],[-96.62711399996769,40.885322999904567],[-96.626950999761092,40.885313999869567],[-96.626578000390495,40.885263000100785],[-96.626206999771398,40.885199999772873],[-96.6260439995648,40.885196999982163],[-96.625991999686249,40.885189000313176],[-96.625940999632633,40.885173000293108],[-96.625776999601101,40.885137000064148],[-96.625735999593218,40.885132000181684],[-96.625723000072753,40.885130999797681],[-96.625668999646066,40.885130000092822],[-96.625616999767544,40.885143000330018],[-96.625568000262035,40.885160000061759],[-96.625290000427697,40.885288999841322],[-96.62501900026605,40.885290999925431],[-96.624911000311002,40.885297999879732],[-96.624770999670616,40.885329000153632],[-96.624516000300787,40.885386999816376],[-96.6244950003844,40.885391999679584],[-96.624333999827613,40.885413999887994],[-96.624225999872579,40.885418999749099],[-96.62400900013759,40.885413000187356],[-96.623205999698399,40.885322000202557],[-96.623110000337235,40.885308000298302],[-96.622613000219758,40.885263999803684],[-96.621538999618906,40.885150000300023],[-96.621213999928898,40.885132000181684],[-96.620942999767237,40.885132000181684],[-96.620402999992081,40.885173000293108],[-96.619481999552093,40.885212000292704],[-96.619156999862085,40.885210999909908],[-96.618885999700439,40.885224000131245],[-96.618724000217028,40.885226000217322],[-96.618362999643693,40.885208999823384],[-96.61795799958773,40.885228000303336],[-96.61753199961538,40.885290999925431],[-96.616441000194399,40.885277000014604],[-96.616173000405794,40.885247999801763],[-96.61556400013535,40.885153999797424],[-96.615350999700013,40.885127000298887],[-96.615241999920073,40.885128999708741],[-96.615026000010005,40.885141000241489],[-96.614918999879876,40.885158999678175],[-96.614437999655948,40.885219000255411],[-96.613846000002241,40.885274999930083],[-96.613363000128473,40.885329000153632],[-96.613307999876895,40.885329999855486],[-96.613255000173453,40.885329999855486],[-96.613093999616638,40.885318999738224],[-96.61266000014669,40.88528800013885],[-96.612388999985043,40.885274999930083],[-96.611702999721686,40.885322999904567],[-96.611502999705152,40.885327000070667],[-96.611014999808518,40.885313999869567],[-96.61069000011851,40.885293999711877],[-96.610527999736803,40.885290999925431],[-96.610203000046781,40.885309999702677],[-96.610040999665074,40.885309999702677],[-96.609719000348122,40.88527299984549],[-96.609285999804754,40.885249000184047],[-96.609073000267742,40.885217999872673],[-96.608965000312708,40.885210000206257],[-96.608889000144742,40.885208999823384],[-96.608747999679437,40.885208999823384],[-96.608586000196027,40.885220999662479],[-96.608320999882153,40.885265999888553],[-96.608053999918468,40.885340000269217],[-96.60780700004625,40.885425999689865],[-96.607620000448506,40.885508999901383],[-96.607485999655893,40.885578999859703],[-96.605345999748394,40.88557100023688],[-96.605226999922721,40.885547000004351],[-96.605233999595413,40.885134999975392],[-96.605354000144317,40.885144000034735],[-96.605355999794128,40.88503899971888],[-96.605364000190065,40.884654000304707],[-96.605400000175081,40.882803000022264],[-96.605399000350161,40.882194999751057],[-96.605404000373042,40.881953999980105],[-96.605430000312296,40.88073400022391],[-96.605457000076484,40.879948999867558],[-96.605581999749958,40.878493000051272],[-96.605595999993668,40.878335000084633],[-96.605574000252361,40.878210000252167],[-96.605539999917156,40.878122999794776],[-96.605492000236595,40.87805300010104],[-96.605409000395895,40.877967999742722],[-96.605297000242913,40.877901000006602],[-96.605181999716862,40.877854999712611],[-96.60508299998267,40.87782899976856],[-96.604945999715326,40.877812000191511],[-96.604763000315529,40.877802999814293],[-96.60429600033531,40.877799999688307],[-96.603914999670479,40.877776999849807],[-96.603733000095588,40.877750999875119],[-96.603584000132685,40.877709999920427],[-96.603478999652381,40.877653000139972],[-96.603399000184751,40.877593000175061],[-96.603329999689464,40.877521000281249],[-96.603025000090952,40.877200000282883],[-96.602891000196635,40.877120999822395],[-96.600860999893996,40.878194999713052],[-96.60077800005331,40.878239000152838],[-96.589408999970928,40.884189999835542],[-96.586418999768554,40.885759999981133],[-96.586418999768554,40.88541500026772],[-96.576204999579588,40.885343000053446],[-96.56747900026825,40.88526000031294],[-96.567438000260367,40.891515999697127],[-96.567443000283234,40.891570000260458],[-96.567468000397596,40.891698999767804],[-96.567517999727997,40.891837000209989],[-96.567578000002442,40.891950999738135],[-96.567666999690914,40.892076999702908],[-96.567776000369165,40.892194000328452],[-96.56790299969245,40.892299999753085],[-96.568024999891179,40.892380000026392],[-96.56815700013567,40.892450999780472],[-96.568274000311547,40.892502000121077],[-96.568445999840677,40.892560000287617],[-96.568653000428213,40.892605999868394],[-96.568840000025986,40.892627000124008],[-96.569028000346947,40.892632000119207],[-96.569512999870526,40.892633999981371],[-96.570419000241898,40.892645000240755],[-96.570603000364926,40.892667999666045],[-96.570757000350696,40.892700000152281],[-96.570906000313613,40.892745000045849],[-96.571047999705527,40.892801000142249],[-96.57118099977491,40.892867000146552],[-96.571323999890055,40.892957999941657],[-96.571451000111665,40.893061000066169],[-96.571529999754389,40.893141000098318],[-96.57178099982454,40.893412999755832],[-96.57022099987519,40.894226000106976],[-96.568821999584316,40.894971999864055],[-96.56866299957565,40.895055999879602],[-96.568552999970805,40.895115000077332],[-96.568379999718431,40.895203000159448],[-96.567784999691696,40.895517000208201],[-96.567664000216169,40.895575999994783],[-96.567750000429882,40.895608999979054],[-96.567823000224834,40.895638999950535],[-96.567638000276901,40.895740999751673],[-96.567322999734316,40.895908999760309],[-96.567142999809263,40.89584400029667],[-96.567184999642066,40.895982999782355],[-96.567282999551352,40.896303000136079],[-96.567326999932277,40.896440000268349],[-96.567502999659368,40.897335999723772],[-96.567393000054537,40.900012000092254],[-96.567366000290335,40.911226999722047],[-96.567407000298232,40.912055000055588],[-96.567403999925162,40.912234999730025],[-96.567389999681467,40.912446000059596],[-96.567357999894412,40.914246000085519],[-96.567327999757197,40.924616999861961],[-96.567322999734316,40.926211999780563],[-96.567299000343183,40.926989000252362],[-96.567280999901527,40.927584999847106],[-96.567290999947261,40.927918999706669],[-96.567316000061624,40.928742999752103],[-96.567316000061624,40.928896000178753],[-96.567301999817929,40.937208999763833],[-96.567292999597086,40.943248000020112],[-96.567282999551352,40.949905000145435],[-96.558616999616163,40.956373999868433],[-96.556691999793813,40.957765999896182],[-96.562787999651192,40.957756000258961],[-96.567270999855793,40.957749999797464],[-96.567168999748532,40.959975999920999],[-96.566864999974911,40.966611999976919],[-96.566618000102707,40.972215999704979],[-96.568074000294999,40.972225999864364],[-96.569712000062154,40.972236999766643],[-96.570363999990334,40.972241999844925],[-96.572253999652574,40.972256000333488],[-96.575349000335251,40.972278000126195],[-96.585751999771787,40.972350999694207],[-96.585042000117326,40.986803000066246],[-96.594318000147851,40.986804999791602],[-96.594681000371025,40.986807000195022],[-96.601652999564237,40.986841000262494],[-96.604170999763511,40.986852999962991],[-96.623239000208656,40.987021000287761],[-96.62408600013049,40.987025999923567],[-96.632181000328373,40.98707299973649],[-96.63259600043007,40.987076000329338],[-96.642045999639578,40.987152999903614],[-96.642110999936918,40.986110999907325],[-96.642146000097014,40.984865999905139],[-96.642167000013401,40.983438999815426],[-96.642181000257125,40.98160400007275],[-96.642202000173512,40.980494000035179],[-96.642237000333608,40.979699000212065],[-96.642265999747607,40.97913700020991],[-96.642321999824119,40.978025999689415],[-96.642419999733406,40.977169000124718],[-96.642511999794905,40.976078999884635],[-96.64258899978779,40.975116000046079],[-96.642638000191596,40.974461999886167],[-96.642686999697105,40.973773000299815],[-96.64273000025311,40.97279599966204],[-96.642731999902935,40.972724000323424],[-96.633424999910247,40.972658999750898],[-96.633635999797448,40.965036000045558],[-96.633708999592372,40.964897999767565],[-96.633613000231222,40.964763000130667],[-96.633696000071893,40.963731999790063],[-96.633892999715385,40.960876000129616],[-96.633946000317152,40.958235000175364],[-96.640778999593181,40.958282000151257],[-96.643419999816103,40.958299000076529],[-96.643439999907599,40.957867000217561],[-96.643412000318492,40.956903999825599],[-96.643383000006182,40.955487999986666],[-96.643362999914686,40.954535000294179],[-96.643341999998299,40.953171000238115],[-96.643306999838202,40.951020000190496],[-96.643285999921801,40.94749099990419],[-96.643268000378455,40.943868999799214],[-96.643269000203375,40.943655999683934],[-96.633946000317152,40.943610999829694],[-96.633949999616789,40.937665000080415],[-96.634110000348684,40.929146999871797],[-96.63817799955325,40.929165000229602],[-96.639781000058633,40.929172000291956],[-96.641797999942455,40.92918000007149],[-96.641999999608828,40.929180999789388],[-96.643322999731723,40.929187000132316],[-96.64334399964811,40.927255999749292],[-96.64334399964811,40.925169999843583],[-96.643364999564511,40.921954999704283],[-96.64339300005193,40.916809999698998],[-96.643429000036932,40.914713999953051],[-96.643432000410002,40.914524000165507],[-96.643408999945464,40.911936999957867],[-96.643417000341387,40.909041000233991],[-96.643417000341387,40.90749000008914],[-96.643417000341387,40.907158999661725],[-96.643377000158409,40.905046000099375],[-96.643408999945464,40.90377200031881],[-96.643401000447838,40.90310799974278],[-96.643377000158409,40.900269999883491],[-96.643377000158409,40.900251000327984],[-96.643372000135528,40.899489999884345],[-96.643429000036932,40.898362999731134],[-96.643428000212026,40.897938000297323],[-96.643429000036932,40.897036999827712],[-96.643429000036932,40.8966540000213],[-96.643429000036932,40.896436000095065],[-96.643429000036932,40.895613000202403],[-96.643428000212026,40.895560999996484],[-96.643428000212026,40.895488999957266],[-96.643428000212026,40.895440000338475],[-96.643428000212026,40.895020000274023],[-96.643427000387121,40.893131999768521],[-96.643427000387121,40.893044000326945],[-96.643424999838984,40.89096300001831],[-96.643423000189159,40.886237000331164],[-96.643438000257774,40.884199999742378],[-96.643439999907599,40.883835999851371]]]},"properties":{"AREALAND":67910346,"AREAWATER":395525,"BASENAME":"68517","CENTLAT":"+40.9333904","CENTLON":"-096.6048498","FUNCSTAT":"S","GEOID":"68517","HU100":193,"INTPTLAT":"+40.9322075","INTPTLON":"-096.6032534","LSADC":"Z5","MTFCC":"G6350","NAME":"ZCTA5 68517","OBJECTID":26265,"OID":"221704258328438","POP100":517,"ZCTA5":"68517","ZCTA5CC":"B5"}},{"type":"Feature","id":26266,"geometry":{"type":"Polygon","coordinates":[[[-96.760233999838334,40.987025999923567],[-96.760130000081261,40.987027000121927],[-96.760075999654589,40.987024000204919],[-96.760026000324189,40.987013000055995],[-96.759986999966145,40.986981999996217],[-96.759959000377037,40.986946999801887],[-96.759869999790254,40.986796000009853],[-96.759796000170425,40.986683000159331],[-96.75976400038337,40.986650999740419],[-96.759719000177512,40.986630000198737],[-96.75966700029899,40.986614999843916],[-96.75955900034397,40.986600999690459],[-96.759503000267443,40.986600999690459],[-96.759448999840785,40.986607000240959],[-96.759397999787154,40.986618999984039],[-96.759165000158646,40.986727000286187],[-96.759115999754854,40.986744999867263],[-96.759064999701238,40.986757000263339],[-96.759011000172876,40.986761999919167],[-96.758955999921284,40.986761999919167],[-96.758900999669692,40.986757000263339],[-96.75885399981405,40.986737999804696],[-96.758505999659477,40.986540000052877],[-96.758412999773071,40.986492999860111],[-96.758364000267576,40.986475000210255],[-96.758314999863771,40.98646500017658],[-96.758261000335409,40.986469000325854],[-96.758206999908751,40.986482999829171],[-96.758160000053081,40.986504000095778],[-96.758109999824356,40.986577999722613],[-96.75807600038749,40.986657000286314],[-96.758072000189529,40.986697000295322],[-96.75807600038749,40.986737999804696],[-96.758114000022317,40.986858999812455],[-96.758263999810168,40.987262999720699],[-96.758305999642957,40.9873999998158],[-96.758305999642957,40.98742600007391],[-96.758292000297544,40.987441000244253],[-96.75825399976442,40.987424999881597],[-96.758108000174545,40.987325999755249],[-96.757997999671375,40.987234999686059],[-96.757914000005798,40.987182000169135],[-96.757806999875669,40.987089000184547],[-96.757786999784187,40.987065999708747],[-96.75774699960121,40.987020000089309],[-96.757723000210078,40.986983999716145],[-96.757625000300777,40.986747999796968],[-96.757518000170663,40.986471000061343],[-96.757407999667493,40.986238000293419],[-96.757395000147014,40.986199000216892],[-96.757379000253493,40.98611699982429],[-96.757337000420705,40.986040999931667],[-96.757240000336324,40.98589199985242],[-96.757224000442804,40.985853999787373],[-96.757221999894654,40.98581399994513],[-96.757251000206978,40.985731999751913],[-96.757283999818938,40.985568999958161],[-96.757315999605993,40.985490999668833],[-96.757491000406475,40.985188000303992],[-96.757565999851224,40.985078999965943],[-96.757628999600414,40.98501299981055],[-96.757857999929271,40.984835000192327],[-96.757892000264476,40.984803000232858],[-96.757948000340974,40.984730999758753],[-96.757991999823574,40.984654000068865],[-96.758002999694241,40.984615999968575],[-96.757997999671375,40.984574999818015],[-96.757975000105162,40.984534000320096],[-96.757941999594877,40.984502000214569],[-96.757898999937169,40.984477999955708],[-96.757796999829921,40.984444000026116],[-96.757226000092629,40.984309999933558],[-96.757072000106831,40.984269999832875],[-96.756911000448355,40.984249000211129],[-96.756693999815042,40.984235000233546],[-96.756585999860022,40.984237000036778],[-96.75653200033166,40.984243000124195],[-96.756478999729907,40.984255000297502],[-96.756431999874238,40.984274000115299],[-96.756133999948403,40.984457999959382],[-96.756087999917654,40.984479000192714],[-96.756039000412159,40.984493000118505],[-96.755984999985486,40.98449900018268],[-96.755928000084069,40.98449900018268],[-96.75587399965741,40.984493999677149],[-96.75582400032701,40.984480999988556],[-96.755783000319113,40.984451000332186],[-96.755760999679509,40.984413999674835],[-96.755754000006803,40.984373000076765],[-96.755760999679509,40.984289999886272],[-96.755816999755993,40.984129999967706],[-96.755924999711027,40.983851999838699],[-96.755943999977617,40.983813999954471],[-96.755969999916857,40.983779000113081],[-96.756005000076982,40.983747999889303],[-96.756047999734676,40.983720999966913],[-96.756140999621095,40.983678000117941],[-96.75629600033011,40.983637000062316],[-96.756393000414505,40.98359499973084],[-96.756432999699129,40.983565999922291],[-96.756456999988586,40.983532000200654],[-96.756472999882106,40.983491000054315],[-96.756482999927854,40.98344699980268],[-96.756482999927854,40.983405000028363],[-96.756472999882106,40.983366999886528],[-96.756441999919971,40.983336000147226],[-96.756344999835591,40.983288000128397],[-96.756297000155016,40.983269000026489],[-96.756193000397943,40.983243000163746],[-96.756138999971284,40.98323800024113],[-96.755922000236296,40.98324600025277],[-96.755595999823043,40.983264000105834],[-96.755432999616445,40.98326200027315],[-96.755326000384628,40.983251000174782],[-96.755220999904338,40.98322799971664],[-96.755122999995038,40.983193000242402],[-96.755026999735577,40.983151000306272],[-96.75498599972768,40.983124999718861],[-96.7549580001386,40.983090999769871],[-96.754941000420175,40.983050000027511],[-96.754932000199332,40.983009000259621],[-96.754933999849158,40.982884999863721],[-96.754929999651196,40.982845000255047],[-96.754900000412277,40.982765000286797],[-96.75487799977266,40.982726999776204],[-96.754816999673295,40.982659000128486],[-96.754625999877575,40.982511000134309],[-96.754584000044787,40.982483000116382],[-96.754538000014037,40.98246600031765],[-96.754481000112619,40.982466999907018],[-96.754430999883922,40.982481000259959],[-96.7543880002262,40.982508000011855],[-96.754287999768778,40.982606000324552],[-96.75419900008032,40.982710000040413],[-96.754163000095303,40.98273999981059],[-96.75407400040686,40.982786999965612],[-96.754024000178148,40.982806000206381],[-96.753922000070887,40.982832000241409],[-96.753761000412396,40.982857000004579],[-96.753654000282268,40.982863999800955],[-96.753435999824077,40.982853000314364],[-96.753325000394312,40.982852000052695],[-96.753271999792545,40.982845999838723],[-96.753221999563834,40.98283400008718],[-96.753176000431395,40.982813000008171],[-96.75305300040776,40.982729999888697],[-96.752948999752348,40.982634000290254],[-96.752896999873826,40.982562000160627],[-96.75281499985806,40.982408999963305],[-96.752802000337581,40.98236900006593],[-96.752797000314715,40.98228700033615],[-96.752807000360463,40.982204000232869],[-96.752830999751581,40.982124000165193],[-96.752851999667982,40.982084999690173],[-96.75290799974448,40.982015999784338],[-96.753209999868261,40.981723000126991],[-96.753234000157704,40.981687000252904],[-96.753241999655316,40.981645000035911],[-96.753240000005491,40.98160400007275],[-96.753217000439264,40.981522999673629],[-96.753118999631667,40.981329000322653],[-96.753087999669532,40.981295999733064],[-96.753008000201916,40.981243999797996],[-96.752778999873044,40.981129000030769],[-96.752666999720049,40.980982999895943],[-96.752618000214568,40.980861999957327],[-96.752609999818645,40.980823000092293],[-96.752619000039473,40.980784999819107],[-96.752746000261084,40.980648000222942],[-96.752850999843076,40.980552999925024],[-96.752866999736582,40.980513999877331],[-96.752874000307614,40.980472999889273],[-96.752871999759464,40.980431999875719],[-96.752864000261866,40.980390999836693],[-96.752804999812312,40.980230999953292],[-96.752767000177485,40.980155000059192],[-96.752737999865161,40.980119000007427],[-96.752701000055225,40.980088000097773],[-96.752655999849395,40.980066000196857],[-96.752603999970873,40.980050999705298],[-96.752548999719281,40.980042999984278],[-96.75238899988571,40.980055000243617],[-96.751906999836876,40.980126000094394],[-96.7518530003085,40.980129000325164],[-96.751746000178372,40.98011599977616],[-96.751481999689418,40.980062000337377],[-96.751435999658668,40.98004199967999],[-96.751393000000959,40.980015999901468],[-96.751355000366132,40.979986000248552],[-96.751324000403997,40.979952000037713],[-96.751299000289634,40.979915999875097],[-96.751217000273869,40.979763000321306],[-96.75063599959249,40.978786999876569],[-96.750558999599605,40.978677999810088],[-96.750522999614603,40.978600000187058],[-96.750504000246337,40.978519000167871],[-96.750503000421432,40.97847800029605],[-96.75051099991903,40.978436999720607],[-96.750531999835431,40.978399999758324],[-96.750585000437198,40.978327000101849],[-96.750602000155624,40.978288000094309],[-96.75062499972185,40.978206999691999],[-96.750627000269986,40.978166000304441],[-96.750618000049158,40.978125999868368],[-96.75057500039145,40.978005000114074],[-96.750541999881165,40.977973999889123],[-96.750498000398551,40.977947999973587],[-96.750450999644585,40.977926999695221],[-96.75029400018407,40.977892000120697],[-96.750177000008179,40.977890999783789],[-96.750069000053159,40.977894999774911],[-96.750016000349703,40.977904000093169],[-96.749908000394683,40.977896000111762],[-96.749694999959345,40.977862000179947],[-96.7496439999057,40.977846999865399],[-96.749498000315853,40.977792999925384],[-96.749403999706217,40.977750999941485],[-96.749366000071376,40.977722000276096],[-96.749233999826899,40.977590999757872],[-96.749104000130558,40.977410000099617],[-96.749058999924699,40.977333999667877],[-96.749051000427116,40.977294999751493],[-96.749063000122661,40.977130000110726],[-96.749057000274888,40.977089000053773],[-96.749034999635271,40.977008000213708],[-96.74898299975672,40.976890000143172],[-96.748986000129776,40.976850000289758],[-96.749003999673121,40.976811000087167],[-96.749055999551658,40.976738999704729],[-96.749096999559541,40.976710999949255],[-96.749115000001197,40.976673000019879],[-96.749113000351372,40.976548999919586],[-96.749084999863982,40.976427000304462],[-96.749067000320622,40.976389000211483],[-96.74898299975672,40.976287000067849],[-96.748950999969679,40.976248999894217],[-96.748884999847434,40.976184000081915],[-96.748665999564324,40.976061999791753],[-96.748543000438985,40.975981000047078],[-96.748437000133791,40.975887999865847],[-96.748392999752852,40.975863000174009],[-96.748294999843552,40.975826000124378],[-96.748243999789935,40.97581399977387],[-96.748190000261559,40.975806999907512],[-96.748135999834901,40.97580499984867],[-96.748027000054961,40.97581399977387],[-96.747868999871187,40.975841000220321],[-96.747813999619609,40.975841999910081],[-96.747705999664589,40.975833999678599],[-96.747601000082597,40.975808000276025],[-96.747560000074728,40.975782999875641],[-96.747529000112579,40.975749000211181],[-96.747508000196177,40.975710000035882],[-96.747495999602293,40.975670000145115],[-96.747487000279776,40.975539000299328],[-96.747493999952482,40.975464999815856],[-96.747539999983232,40.975262000281283],[-96.747540999808152,40.975138000241557],[-96.747551999678791,40.975056000338896],[-96.747551999678791,40.974974000334257],[-96.747534000135445,40.97489200022774],[-96.747513000219044,40.974855000311678],[-96.747483000081829,40.974821000168923],[-96.747446000271907,40.974789000098347],[-96.747365000081047,40.97473399998313],[-96.747274999669358,40.974689000286396],[-96.747175000110246,40.97465599976583],[-96.747020000299557,40.974618999717414],[-96.746918000192309,40.974589000322858],[-96.74687399981137,40.974566000235214],[-96.746837000001449,40.97453400004089],[-96.746811999887086,40.974498000312479],[-96.746774000252259,40.974421000205638],[-96.74673099969624,40.974301000150668],[-96.746703000107146,40.974180000162477],[-96.746688000038532,40.973933000248749],[-96.746661000274358,40.973810999865016],[-96.746640000357957,40.973647000050022],[-96.746632999786939,40.97348299982729],[-96.746625000289342,40.973442000216636],[-96.746575000060631,40.973281000026589],[-96.746544999923387,40.973208000131145],[-96.738567999726286,40.973203000126063],[-96.726770000196822,40.973195999982657],[-96.719559999555585,40.973190999976673],[-96.709268000447125,40.973178000094919],[-96.700496000206712,40.973148999775674],[-96.700428000434655,40.958591999976733],[-96.681335999700082,40.958609999773088],[-96.681394000324701,40.949090999711714],[-96.681425000286836,40.944080999735156],[-96.681463999746583,40.937701999810265],[-96.681545999762349,40.929561000072759],[-96.681590000143288,40.923405999763602],[-96.681648999694517,40.915067999679913],[-96.681719999839629,40.905563000213789],[-96.681754000174806,40.901120000003132],[-96.681047999819981,40.8966279999931],[-96.681032999751366,40.896418999865034],[-96.681035000299502,40.896210999972212],[-96.681310999585691,40.893297000188447],[-96.681811000076223,40.893300000291042],[-96.682021000138491,40.893302000133012],[-96.682370999942862,40.893305000235429],[-96.682453999783561,40.893305000235429],[-96.682519000080873,40.893305999816782],[-96.682457000156589,40.892211999883969],[-96.682333000308034,40.890033000150567],[-96.682325999737031,40.889913000201304],[-96.682322000437381,40.889848999912999],[-96.682297000323032,40.889407000115426],[-96.682252000117188,40.888614999801185],[-96.682227000002825,40.888180999897436],[-96.682128000268619,40.886430000310163],[-96.681982999605353,40.886521999813496],[-96.679446999862748,40.888150000280476],[-96.679191999594607,40.888313999885668],[-96.678635000101011,40.888672000328143],[-96.678424000213809,40.888489999688865],[-96.678377000358154,40.88844999992903],[-96.678254000334519,40.88834399976944],[-96.678108999671238,40.888220999819872],[-96.67787600004273,40.888132999958621],[-96.677413000260458,40.887958000226241],[-96.676978999892185,40.88765999971789],[-96.676979999717105,40.887732000127748],[-96.676957999975784,40.887703999977631],[-96.67694700010513,40.88769399992119],[-96.676751000286544,40.887513000335602],[-96.676547999896968,40.88737699972468],[-96.676337999834672,40.887245999915592],[-96.676158999734525,40.887152000032721],[-96.676121999924618,40.887122999962443],[-96.67609500016043,40.887087999790424],[-96.676049000129666,40.887011999974135],[-96.675961000266128,40.886908999940779],[-96.675792000211729,40.88674700028924],[-96.675685999906506,40.886664999953936],[-96.675639999875756,40.886630000218823],[-96.675582999974353,40.886572999970262],[-96.675516999852121,40.886288000028429],[-96.675460999775623,40.88601299985033],[-96.675238000192863,40.886008999725739],[-96.675016000435008,40.886010999788041],[-96.674905000106932,40.885374000306221],[-96.674893000411373,40.885208999823384],[-96.674904000282012,40.885003999802912],[-96.674919000350627,40.884852000050309],[-96.674929000396361,40.884758000162606],[-96.675025999582431,40.884269000009091],[-96.675071999613195,40.884107999727625],[-96.675075999811156,40.884026000197238],[-96.675064999940489,40.883902999692459],[-96.675043000199182,40.883822000311923],[-96.674993999795376,40.883494999892989],[-96.674982999924737,40.88324799966442],[-96.674967000031202,40.883165999747654],[-96.674951000137682,40.883126999900661],[-96.674927999673145,40.883090000181362],[-96.67484999985534,40.882982999848672],[-96.674834999786725,40.882972999757939],[-96.674806000372726,40.88280599992148],[-96.674684999998917,40.882645000156053],[-96.674495000028088,40.882388999718259],[-96.674368999631398,40.88238799997194],[-96.674286999615632,40.882333000318248],[-96.674095999819926,40.882188000147742],[-96.673961000100732,40.882058999757085],[-96.673880999734777,40.882002000325755],[-96.673836000427244,40.881979999662285],[-96.673787999848358,40.88196200004014],[-96.673484999899671,40.881870000310258],[-96.673330000088939,40.881832000133471],[-96.673116999653629,40.881799999824736],[-96.672955999995139,40.881782000153635],[-96.672906999591333,40.881765999989135],[-96.672765000199448,40.881704999920686],[-96.672520999801961,40.881614000270751],[-96.672159000302031,40.881527999971581],[-96.672018999661617,40.881499999913281],[-96.671982999676601,40.881488999838623],[-96.671945000041788,40.881179000193292],[-96.671854999630085,40.881159000144443],[-96.671802999751549,40.881156999935456],[-96.671697000344665,40.881176999984923],[-96.671646000291034,40.881191999848305],[-96.671594000412497,40.881200000000398],[-96.671539000160919,40.881197999792704],[-96.671435000403847,40.881174999776484],[-96.671375000129373,40.881148999778127],[-96.671042000043457,40.88107500014479],[-96.670922000392849,40.880991000038534],[-96.67087999966175,40.880965999735672],[-96.67083000033135,40.880950000053119],[-96.67067200014759,40.880920000213308],[-96.670570000040343,40.880891999897791],[-96.67032800019102,40.880799000268638],[-96.670236999954426,40.880752999951007],[-96.670093999839281,40.880695000302261],[-96.669913999914229,40.880603999942906],[-96.669655000346452,40.880392999904593],[-96.66955400006411,40.880295999783627],[-96.669140999612239,40.879969000282024],[-96.669062999794434,40.879911999730034],[-96.668907999983745,40.879743000068792],[-96.668682999852834,40.879461999761268],[-96.668588000316603,40.87931400003577],[-96.668526000392319,40.879231999999512],[-96.668415999889163,40.879140999666397],[-96.668292000040609,40.879005000189309],[-96.668257999705403,40.878973999670052],[-96.668133000031929,40.878912999745296],[-96.667987000442068,40.878878999785108],[-96.667719999580058,40.878844000007625],[-96.667620000020946,40.878812000291894],[-96.667528999784352,40.878766999752777],[-96.667462999662121,40.878725999748156],[-96.666717999847535,40.878721000060594],[-96.66662300031129,40.878662000187134],[-96.666575999557324,40.878645000144729],[-96.666522999853868,40.878635999880821],[-96.666359999647241,40.878618999831787],[-96.666307999768705,40.878607999957516],[-96.666259000263224,40.878590999901292],[-96.666121000170961,40.878524999921218],[-96.665947000093681,40.878424999681954],[-96.665901000062931,40.878405000159347],[-96.665640999771938,40.878345000196887],[-96.665593000091349,40.878325999778532],[-96.665322999754622,40.87818799968673],[-96.665183000012519,40.878125000095437],[-96.665029000026749,40.878085000183695],[-96.664784999629262,40.877995000124059],[-96.664643000237362,40.877934999789922],[-96.664464999962135,40.8778410002665],[-96.664280999839107,40.877753000187035],[-96.663838000148345,40.877587999722742],[-96.663607000169648,40.877657000090416],[-96.663208999786391,40.877787999862178],[-96.663065999671247,40.87784699983542],[-96.662812999951271,40.877920999681479],[-96.662657000315647,40.877955999947041],[-96.662573999576665,40.877981000028321],[-96.662356999841677,40.87802899985909],[-96.662196000183215,40.878049000174528],[-96.662093000251048,40.878074000220728],[-96.661192999727447,40.87836200031628],[-96.661035000442027,40.878391999957024],[-96.660984000388396,40.878405000159347],[-96.660887000304015,40.87844300026596],[-96.660564000263832,40.878593000187813],[-96.660361999699148,40.878653999728236],[-96.660258999766981,40.878680999829768],[-96.660156999659733,40.878707000118396],[-96.660011999894778,40.878762999869416],[-96.659779000266269,40.878867999954075],[-96.659628999580136,40.878915999820883],[-96.659472000119635,40.878949999762078],[-96.65931200028605,40.878972000074263],[-96.659041000124404,40.878966999726103],[-96.658933000169355,40.878972000074263],[-96.658827999689052,40.878993999699958],[-96.658719999734032,40.879003999712651],[-96.658448999572371,40.879005999986695],[-96.658179000133956,40.879025000209801],[-96.657965999698618,40.879053999753424],[-96.657912000170256,40.879055000229286],[-96.657477999801984,40.879039999881655],[-96.657316000318588,40.879029000077345],[-96.657210000013379,40.879011000331907],[-96.657056000027595,40.878972000074263],[-96.656907000064678,40.878921999971588],[-96.656721000291853,40.878837000049927],[-96.656619000184591,40.878807999732011],[-96.6563029998171,40.878748000134841],[-96.656121000242223,40.878700999948201],[-96.656015999761934,40.878686000199572],[-96.65596999973117,40.878666000076606],[-96.65595300001273,40.878652999925535],[-96.655932000096328,40.878635999880821],[-96.655869000347138,40.878568000337623],[-96.655830999814,40.878539999706383],[-96.655291000038829,40.878194999713052],[-96.655132999855084,40.878082000070492],[-96.655024000075144,40.877989999702102],[-96.654911000097215,40.877901999820715],[-96.654824000058596,40.877852000268227],[-96.65464499995845,40.87775899976392],[-96.654547000049163,40.877724999890212],[-96.654404999758938,40.877664000172942],[-96.654104000358373,40.877488000105664],[-96.654056999604379,40.877469000120556],[-96.654003999900951,40.877458999875977],[-96.653628999982217,40.877415000276187],[-96.653531999897837,40.877413999775541],[-96.65316299982689,40.87746699980007],[-96.653126999841888,40.87747600022297],[-96.653126000016968,40.878231000322039],[-96.653126000016968,40.878634000274822],[-96.653124000367157,40.882889999761765],[-96.653121999819007,40.883948999858276],[-96.65311799962106,40.885782000067209],[-96.65311799962106,40.885880999684936],[-96.653125000192077,40.886990999973726],[-96.65109900008737,40.88699799974821],[-96.651103000285332,40.887657000038644],[-96.65078400044311,40.88811400031274],[-96.650541999695463,40.88844999992903],[-96.650227999876094,40.888313999885668],[-96.650031000232616,40.888575999769778],[-96.649081000378615,40.888164999921692],[-96.649067999959826,40.885961999941131],[-96.648323999970174,40.885964000004897],[-96.648334000015907,40.886227999741315],[-96.645947000236205,40.887511000318653],[-96.645929999619455,40.887202999703959],[-96.645833000433385,40.887202999703959],[-96.644481999823086,40.887208999782551],[-96.644449000211125,40.889460999683621],[-96.644481999823086,40.89096600022674],[-96.646676000157257,40.890982999820736],[-96.647185999795198,40.890987000323797],[-96.647185999795198,40.891009000030252],[-96.647185999795198,40.89292499999312],[-96.649102000295017,40.892941999762876],[-96.64997900035408,40.892951000118572],[-96.650015000339096,40.892951999705325],[-96.650011999966026,40.893087999722816],[-96.650246000317779,40.893090000250282],[-96.66274600000412,40.893177000047331],[-96.662787000011988,40.896374999968366],[-96.662787000011988,40.896389999782087],[-96.662791000209964,40.896642000218471],[-96.662795000407925,40.89698900020219],[-96.662834999692592,40.900261999999842],[-96.662838999890539,40.900537000028976],[-96.662802000080603,40.904040000004457],[-96.662749000377175,40.909297000069131],[-96.662701999623181,40.914891999987454],[-96.662669999836126,40.929345000144032],[-96.662654999767526,40.93764000015949],[-96.662652000292795,40.938545000090272],[-96.662649999744644,40.939117000154774],[-96.662646000445008,40.940160999792212],[-96.662632000201299,40.943826999935979],[-96.662694999950489,40.956447000070447],[-96.662705999821142,40.958431000185648],[-96.662339000298346,40.965590999842057],[-96.662335000100384,40.965652999705455],[-96.662331999727328,40.965716999875383],[-96.662321999681581,40.96591600025085],[-96.662315999833808,40.96604499985667],[-96.662304000138249,40.966280999918411],[-96.662186000137467,40.96858000026905],[-96.662157999650049,40.969116999786294],[-96.662136999733647,40.969524999669488],[-96.661966000029437,40.972863999982586],[-96.661193999552367,40.987296000036899],[-96.660820000356864,40.995080000314331],[-96.660759000257499,40.996505999971191],[-96.660746999663615,40.996796000238625],[-96.660673000043772,40.998524999874249],[-96.660533000301697,41.001788999861901],[-96.654130000297641,41.001704999924549],[-96.651739000319978,41.001645000000565],[-96.651393999640177,41.001628999695228],[-96.650793999590547,41.001613000063976],[-96.650452000182099,41.001615000018106],[-96.650211999982588,41.001672000040919],[-96.649267999976374,41.00167499996936],[-96.649182999587552,41.001843999787106],[-96.649180999937741,41.001884000073687],[-96.64919400035653,41.001924000335933],[-96.649233999641183,41.002002000167415],[-96.649274999649066,41.002025000178321],[-96.649328000250819,41.002034999885808],[-96.649381999779195,41.002039999739019],[-96.649431000182986,41.002056999914871],[-96.64947600038883,41.002080999876576],[-96.649509999825725,41.002112000294382],[-96.649529000092286,41.00215099977143],[-96.649538000313115,41.002192999808287],[-96.649519000046539,41.002229000012228],[-96.649482000236631,41.002259999682465],[-96.649420000312347,41.002329000098953],[-96.649410000266599,41.002368000125557],[-96.64941500028948,41.002410000024057],[-96.649428999634864,41.002449999967119],[-96.649448999726346,41.002487999958312],[-96.64950399997791,41.002559000061538],[-96.64957199974998,41.002622999678493],[-96.649590000191665,41.002662000209064],[-96.649582999620648,41.002702999959681],[-96.649565000077288,41.002741999764957],[-96.649524999894311,41.002769000033801],[-96.64947800003867,41.002790999817897],[-96.649374000281583,41.002813000272496],[-96.649319000030005,41.002815000190218],[-96.649156999648298,41.002806999841077],[-96.649139000104938,41.002806999841077],[-96.649047999868358,41.002808999758976],[-96.648995000164902,41.002817000107868],[-96.648943000286366,41.002830000249006],[-96.648745999744563,41.00289900006873],[-96.648701000437029,41.002921999766606],[-96.648661000254052,41.002949999918513],[-96.648626999918861,41.002982999840185],[-96.648600999979607,41.00301900029055],[-96.648584000261167,41.00305799990884],[-96.648578000413394,41.003099000091034],[-96.648585999910978,41.003182000332259],[-96.648610000200449,41.003261999934885],[-96.648631000116836,41.003300000135845],[-96.648662000078971,41.003333999833188],[-96.648701000437029,41.00336299976059],[-96.648746999569468,41.003385999974476],[-96.648796999798179,41.003401999853253],[-96.648850000399946,41.003409000180341],[-96.649119000013457,41.003377999694656],[-96.649226999968505,41.003372999943011],[-96.649390000175117,41.003379000322902],[-96.649654999590652,41.003426999952623],[-96.649704999819392,41.003442999821445],[-96.649751999675033,41.003464000109453],[-96.64979299968293,41.003490000133958],[-96.649862000178217,41.003555000150286],[-96.649915999706579,41.003625999781953],[-96.649956999714462,41.003702999687569],[-96.649965999935276,41.003743000201681],[-96.649965000110384,41.00378499990186],[-96.649943000369063,41.003906999750825],[-96.649924999927407,41.003946000199498],[-96.649883000094619,41.003971000092506],[-96.64977500013957,41.003959000117931],[-96.649722000436142,41.003969000209864],[-96.64968300007807,41.003995999976077],[-96.649594000389627,41.004099999850816],[-96.649505999627749,41.004146999694782],[-96.649456000297349,41.004142000001423],[-96.649446000251615,41.004099999850816],[-96.649427999809944,41.004061000171269],[-96.649402999695596,41.004023999671674],[-96.649363000410929,41.003996999916993],[-96.649254999557584,41.003995000035147],[-96.649204000402278,41.004007000003156],[-96.649155999823378,41.004027000170993],[-96.64911399999059,41.004052999973396],[-96.649001000012689,41.004142999940115],[-96.64897500007342,41.004177999818666],[-96.648864999570236,41.004410999911606],[-96.648600999979607,41.004770999797188],[-96.648527000359749,41.004927000085914],[-96.648518999963827,41.004965999930953],[-96.6485309996594,41.005007000281992],[-96.648556999598682,41.005043000304589],[-96.648597999606551,41.005071000233272],[-96.648642999812395,41.005093999851056],[-96.648694999690932,41.005106000296891],[-96.648749000117604,41.00510399977081],[-96.648852999874677,41.005077999705193],[-96.648949000134152,41.005039999851526],[-96.649056000264267,41.005022999767213],[-96.649105999594667,41.00500800020756],[-96.64916000002134,41.005010000058618],[-96.649319000030005,41.005038999926441],[-96.649368000433796,41.005056000006668],[-96.649509999825725,41.005118999986493],[-96.649544000160887,41.005150000331128],[-96.649589000366731,41.005225999889632],[-96.649599000412479,41.005267000078902],[-96.649596999864343,41.00530700032165],[-96.649567999552019,41.005387000056359],[-96.64954099978786,41.005422999871406],[-96.649504999802843,41.00545400007298],[-96.649462000145135,41.005479000071894],[-96.649413999566235,41.005497999874869],[-96.649361999687713,41.005512000083002],[-96.649308999984243,41.005511000165072],[-96.649093000074188,41.005486000178344],[-96.648984000294249,41.005482999745411],[-96.648821999912556,41.005494000202212],[-96.648445000343983,41.005537000059853],[-96.64833999986368,41.005555999846109],[-96.648289999634969,41.005573999709959],[-96.648252999825061,41.005603999923977],[-96.648251000175236,41.005643999962167],[-96.648291000358213,41.005763999931077],[-96.648287999985158,41.005803999872136],[-96.648274999566368,41.005844999701793],[-96.648256000198103,41.005882999769128],[-96.648214000365314,41.005906999693309],[-96.648051000158688,41.005912999842479],[-96.647999000280166,41.005925000139214],[-96.64794999987636,41.005942999902224],[-96.647908999868477,41.005970000215463],[-96.647877000081422,41.006002999980687],[-96.64785199996706,41.006040000047008],[-96.647836000073525,41.006079999820535],[-96.647831999875564,41.006120000247705],[-96.647855000340101,41.006201000258741],[-96.647889999601901,41.006278999773521],[-96.64793099960977,41.00630400013732],[-96.647983000386617,41.006291000003557],[-96.648037999739898,41.006288000285238],[-96.648145999694933,41.006291999909656],[-96.6481990002967,41.006302000325526],[-96.648253999649953,41.006305999949099],[-96.64829499965785,41.006328999813753],[-96.648320999597104,41.006365999697039],[-96.648351999559267,41.006445000276116],[-96.648378000396832,41.006566999945974],[-96.648390000092405,41.006690999868013],[-96.648384000244619,41.006731999823664],[-96.648370000000924,41.006770999956231],[-96.648286000335332,41.00692399988845],[-96.648148000243083,41.007096000163408],[-96.648021000021458,41.007279000148237],[-96.647961999571905,41.007348000055032],[-96.647829000400847,41.00747799986982],[-96.647650000300686,41.007632999965622],[-96.647569999934746,41.007689000321676],[-96.647441000063324,41.007763999779762],[-96.647297999948194,41.007822999673117],[-96.64716200040408,41.007893000247805],[-96.647113999825194,41.007910000269611],[-96.647061999946629,41.007922000202676],[-96.646740999556272,41.007967000270931],[-96.646476000140723,41.008014000068442],[-96.646259000405749,41.008027999742033],[-96.64615300010054,41.008046000286392],[-96.64594399986315,41.00808999971332],[-96.64578999987738,41.008131000154286],[-96.645441999722834,41.008248000032388],[-96.645208000269406,41.008352999850402],[-96.644890000252104,41.008509999666458],[-96.644327999837301,41.008762000251409],[-96.643994999751371,41.008900000276292],[-96.643839999940667,41.008956000233432],[-96.643803999955665,41.008983999855189],[-96.643750000427303,41.00909700012047],[-96.643656999642573,41.009331000305629],[-96.642729000428204,41.012088999692367],[-96.642232000310756,41.01347999974935],[-96.642069000104129,41.013957999945312],[-96.641987000088349,41.014282000164968],[-96.641905000072583,41.014563000106953],[-96.64177299982812,41.014872999812731],[-96.64175399956153,41.014916000327986],[-96.641691999637274,41.015029999682312],[-96.641637000283993,41.015100999828562],[-96.641568999613597,41.015165000143014],[-96.641409999604946,41.015277999974543],[-96.641320999916502,41.015325999748313],[-96.641224999657027,41.0153639997704],[-96.641121999724874,41.015389999844217],[-96.641013999769839,41.015406999965123],[-96.640960000241478,41.015409999946158],[-96.640899000142099,41.015409999946158],[-96.640867000355044,41.016050999759997],[-96.641792999919602,41.016061000050279],[-96.649827999843026,41.016152000317568],[-96.65990999978753,41.016234999706953],[-96.661959000356745,41.016255000230153],[-96.669022999611471,41.016325999733873],[-96.681380000081006,41.016492000002962],[-96.681371999685069,41.002006000052006],[-96.681366999662217,40.995432999821553],[-96.681366999662217,40.994920000134087],[-96.681365999837297,40.994754999838143],[-96.700600999788691,40.995063999771382],[-96.700599999963799,40.994753999757016],[-96.700583000245359,40.991478999840382],[-96.717356000074005,40.99132800025582],[-96.719680999929409,40.991322000134936],[-96.719682999579234,40.99155000027546],[-96.719732999807974,40.996484000123274],[-96.71976100029535,40.999203999741049],[-96.719772000166017,41.000311000103409],[-96.719783000036671,41.001346000220543],[-96.719792000257513,41.002198000327404],[-96.729243000190237,41.002206000072505],[-96.72928400019812,40.987676999717536],[-96.729900999966191,40.987679000094502],[-96.735897000264458,40.98770100016835],[-96.736185000144545,40.987701999678372],[-96.73788800020904,40.987709000316656],[-96.738796000230238,40.987712000202514],[-96.742043000350563,40.98771999967142],[-96.74843100028599,40.987737000150076],[-96.752126000119972,40.987716999785931],[-96.753229999959757,40.987709999826549],[-96.75552399985304,40.987698000282002],[-96.756845000326095,40.987690000132318],[-96.757242999811055,40.987734999774872],[-96.757579000270027,40.987796999849849],[-96.757914999830689,40.987829999898807],[-96.758201000060964,40.987821999765188],[-96.758607999766738,40.987767999854853],[-96.758817999829034,40.987715000088222],[-96.75915000009006,40.987595999996415],[-96.759366000000114,40.98748799976137],[-96.760233999838334,40.987025999923567]]]},"properties":{"AREALAND":43292854,"AREAWATER":247193,"BASENAME":"68336","CENTLAT":"+40.9615079","CENTLON":"-096.6840583","FUNCSTAT":"S","GEOID":"68336","HU100":218,"INTPTLAT":"+40.9658551","INTPTLON":"-096.6909171","LSADC":"Z5","MTFCC":"G6350","NAME":"ZCTA5 68336","OBJECTID":26266,"OID":"221704258327441","POP100":504,"ZCTA5":"68336","ZCTA5CC":"B5"}},{"type":"Feature","id":26283,"geometry":{"type":"Polygon","coordinates":[[[-96.696531999860909,40.828092999728831],[-96.696531000035989,40.827571999834852],[-96.696201000323128,40.82773199969634],[-96.695905000047119,40.827847999949334],[-96.695647000304248,40.827932000169916],[-96.695381000165455,40.828002999706911],[-96.695183999623652,40.82804600029904],[-96.694877000375314,40.828097999839763],[-96.694859999758563,40.828101000178016],[-96.694530000045674,40.82813299992592],[-96.694283999998376,40.828145999797869],[-96.694225000447148,40.826306000106477],[-96.694166999822514,40.824476999693744],[-96.695113000376864,40.824484999899411],[-96.695313000393412,40.824485999840093],[-96.69533799960945,40.824286999793692],[-96.695382999815294,40.824172000054844],[-96.695426000371313,40.824104000334188],[-96.695475999701699,40.824044000122839],[-96.695535999976187,40.823988000329848],[-96.695618999816844,40.82392400021719],[-96.695657000349996,40.823898000175021],[-96.695752999711146,40.823832000074489],[-96.695893000351532,40.823738999852225],[-96.695930999986373,40.823713999689851],[-96.696074999926424,40.823626999703883],[-96.696060999682715,40.823615000259409],[-96.696027000245849,40.82358600023349],[-96.695905999872025,40.82349700016848],[-96.694693000252286,40.822600999933357],[-96.69442299991556,40.822423999731306],[-96.694336999701832,40.822366999957396],[-96.694212999853264,40.822288000034732],[-96.69396599998106,40.822132999835674],[-96.693728000329699,40.821981999867923],[-96.69349499980288,40.821836000139427],[-96.693285999565504,40.821660999901745],[-96.693244999557606,40.821626999782609],[-96.692717000376334,40.821044999878708],[-96.692708999980411,40.821007000151241],[-96.692668999797448,40.82082799978258],[-96.692585000131842,40.820764000019679],[-96.69245200006246,40.820481000327767],[-96.692240000350353,40.819952999714083],[-96.692217999710735,40.819665999907905],[-96.692221999908682,40.819274000321769],[-96.69223299977935,40.819055999847869],[-96.692236000152391,40.818911999846648],[-96.692282000183141,40.818694000222521],[-96.692350999780132,40.818487000225055],[-96.692499999743049,40.818204999691574],[-96.692715999653117,40.817911000202187],[-96.692827999806099,40.817806000020219],[-96.693042999891262,40.817604000193306],[-96.693453999794983,40.817053999997398],[-96.693584000389649,40.816832000161774],[-96.693782999682966,40.816389999746875],[-96.693849999630103,40.815809000194548],[-96.693854999652999,40.814710000239891],[-96.692708000155491,40.814703999711341],[-96.692421000100325,40.814703000303069],[-96.690959000060261,40.814695999685632],[-96.690964000083142,40.813603000278917],[-96.689519999586409,40.813597999755068],[-96.689513999738637,40.8146899998357],[-96.688069000315309,40.81468399998522],[-96.686624999818591,40.814678000134201],[-96.685180000395263,40.814672000282627],[-96.683735999898573,40.814664999661971],[-96.683741999746346,40.813588000065977],[-96.682406000102972,40.813583000220888],[-96.682261000338016,40.813583000220888],[-96.681992999651087,40.813581000010828],[-96.681149999927229,40.813554999993578],[-96.680866000245103,40.813545999723772],[-96.680277000066127,40.813527999860341],[-96.679676000191606,40.813528999966202],[-96.67940699967977,40.813528999966202],[-96.678313999710653,40.813531000177839],[-96.677599000033297,40.813532000283665],[-96.676629000087814,40.813532000283665],[-96.676486999797589,40.813532999709572],[-96.676304000397806,40.813533999815363],[-96.674997999993337,40.8135360000269],[-96.67462899992239,40.8135360000269],[-96.672884000025121,40.813538999664146],[-96.672781999917873,40.813537000132584],[-96.671510999673501,40.813538999664146],[-96.671513000221637,40.814513000279263],[-96.670191999748567,40.814514999781395],[-96.669482000094078,40.814513999690405],[-96.669481000269187,40.814449999954469],[-96.669481000269187,40.81354199998119],[-96.669415999971861,40.81354199998119],[-96.669304999643785,40.81354199998119],[-96.668131000382104,40.813544000192437],[-96.66779099972517,40.813544000192437],[-96.666275999981664,40.81353800023831],[-96.664746999994435,40.813532999709572],[-96.663319000289562,40.813534999921139],[-96.661015000350531,40.813528999966202],[-96.660899999824494,40.813528999966202],[-96.659143000231637,40.81353800023831],[-96.658499999626002,40.813540999875521],[-96.657270000287838,40.813537000132584],[-96.656108999648339,40.813533999815363],[-96.65611399967122,40.81527900030612],[-96.65611500039445,40.815339000287949],[-96.656121000242223,40.817117999940642],[-96.656125000440184,40.8175870001159],[-96.656139999610488,40.817681000169578],[-96.656179999793451,40.817799999771701],[-96.656230999847082,40.817898999723603],[-96.656306000190142,40.818001000323001],[-96.656418000343137,40.818129999716724],[-96.657081000141957,40.818900000229036],[-96.657144999716067,40.818999999922347],[-96.657191999571708,40.819108999661012],[-96.657220000059127,40.819218999920537],[-96.657229000279969,40.819330000016009],[-96.657225000081993,40.820705000183509],[-96.657225999906913,40.820757000041837],[-96.657226999731805,40.820810999851595],[-96.65723099992978,40.822117000215513],[-96.655696000094778,40.822119000168264],[-96.654290999956118,40.822120000144565],[-96.653820999602843,40.822121000120909],[-96.653788999815788,40.82301400015411],[-96.653789999640708,40.823188000260608],[-96.653793000013735,40.824331999962297],[-96.653796000386791,40.825247999870136],[-96.653797000211696,40.825687999875242],[-96.653848000265342,40.826244999933969],[-96.653757999853653,40.826244999933969],[-96.653720000218811,40.826244999933969],[-96.653721999868637,40.827045999736143],[-96.653725000241693,40.827957000101733],[-96.653726000066598,40.828019999833693],[-96.653726000066598,40.828084999958406],[-96.653716999845756,40.829353999991518],[-96.653710000173078,40.830341000295817],[-96.653746999982985,40.830341000295817],[-96.653834000021632,40.830343000000525],[-96.653779999594946,40.831156999882261],[-96.653766000249576,40.833150999692357],[-96.654521999934815,40.833148000262248],[-96.655003000158757,40.833146999772531],[-96.655164999642125,40.833155000291633],[-96.655378999902368,40.833181000102805],[-96.655964999708289,40.833263000068087],[-96.656235999869949,40.833280000205662],[-96.656338999802117,40.833302000057394],[-96.656541000366801,40.833362999855275],[-96.656905000414866,40.83344699988622],[-96.657055000202689,40.833492999760999],[-96.657344999732587,40.833605000238627],[-96.657820999933648,40.833802999709931],[-96.658016999752249,40.833873999757316],[-96.658251999928879,40.833976000257096],[-96.658432999678851,40.834067000124122],[-96.658696000342886,40.834212000318836],[-96.658862000024243,40.834318000148073],[-96.659209000353883,40.834578999825823],[-96.65929399984438,40.834629999892869],[-96.659340999700049,40.834649999721847],[-96.659491000386183,40.834697999694662],[-96.659724000014691,40.834803000321067],[-96.660016999917659,40.834909999668497],[-96.660579000332447,40.835159000339743],[-96.660734000143137,40.835193000317865],[-96.660787999671498,40.835204999706306],[-96.660894999801613,40.835210999739516],[-96.661166999788193,40.835206000165009],[-96.661762999639862,40.835212999977067],[-96.661980000273147,40.835204999706306],[-96.662195000358295,40.835219000009552],[-96.662678000232049,40.835276000291266],[-96.662786000187097,40.835279000304723],[-96.663163999580561,40.835255000193179],[-96.663273000258812,40.835253999735215],[-96.663542999697228,40.83527300027761],[-96.663868000285561,40.83527300027761],[-96.664244999854105,40.835240999897536],[-96.664516000015752,40.835247999705892],[-96.664894000307527,40.835267000250006],[-96.665218999997535,40.835274999833615],[-96.665545000410788,40.835270000263883],[-96.665752999924933,40.835256999749674],[-96.666354999624374,40.835219000009552],[-96.666572000257659,40.835222000025588],[-96.666734999565975,40.835233000309834],[-96.666949999651123,40.835247999705892],[-96.667267999668454,40.835298000160286],[-96.667425000027279,40.83533100029004],[-96.667574999815102,40.83537799999332],[-96.667815999839547,40.835471999979681],[-96.66810200006978,40.835571000059737],[-96.668236999789002,40.835618000272575],[-96.668615999905697,40.835777999749475],[-96.668935999572838,40.83593200023207],[-96.669246000092542,40.836099000028952],[-96.669501000360668,40.836252000002673],[-96.669698000004175,40.836392999772393],[-96.670412999681517,40.836956999930159],[-96.670570000040343,40.837069999743875],[-96.670817999737466,40.837228000297181],[-96.672810000405278,40.837228000297181],[-96.672810000405278,40.836578000177042],[-96.672811000230183,40.835292999912667],[-96.674286999615632,40.835289999899835],[-96.674578999693694,40.835289000122074],[-96.675760000424674,40.835286999886833],[-96.675788999838673,40.835286999886833],[-96.676891999853538,40.835285000331233],[-96.676956000325958,40.835283999873724],[-96.678214000151542,40.835282000318045],[-96.679491000243672,40.835279000304723],[-96.680867000070009,40.835276000291266],[-96.68170700031915,40.83527300027761],[-96.68190700033567,40.835250999720621],[-96.682109000002043,40.83521500021449],[-96.682109000002043,40.835429999901038],[-96.682109000002043,40.835522000265129],[-96.682108000177152,40.835897999953282],[-96.682117000397966,40.83599300032877],[-96.682115999674735,40.836139000153885],[-96.682221999979944,40.836087000122674],[-96.68292099976378,40.835696999947857],[-96.684103000319681,40.835064000128469],[-96.686716000055185,40.833655999695551],[-96.687841999636277,40.833044000224746],[-96.688838000419338,40.832513000254785],[-96.690465000315854,40.831655999765566],[-96.691400000101225,40.831164999961736],[-96.694164000347783,40.829760999775246],[-96.694557999634782,40.829560000195976],[-96.696520999990256,40.82857199994276],[-96.696520999990256,40.828486000092468],[-96.696522999640081,40.8282020001582],[-96.696531999860909,40.828092999728831]]]},"properties":{"AREALAND":7556973,"AREAWATER":0,"BASENAME":"68503","CENTLAT":"+40.8244746","CENTLON":"-096.6738895","FUNCSTAT":"S","GEOID":"68503","HU100":6561,"INTPTLAT":"+40.8244746","INTPTLON":"-096.6738895","LSADC":"Z5","MTFCC":"G6350","NAME":"ZCTA5 68503","OBJECTID":26283,"OID":"221704258328314","POP100":15064,"ZCTA5":"68503","ZCTA5CC":"B5"}},{"type":"Feature","id":26286,"geometry":{"type":"Polygon","coordinates":[[[-96.572415000209361,40.654408999770908],[-96.572355999759807,40.647170000269725],[-96.572356999584727,40.646996999838919],[-96.57241000018648,40.639941999956228],[-96.568433000320198,40.640275000313693],[-96.568173000029205,40.640297000008637],[-96.563832999939748,40.640161999721499],[-96.562130999700173,40.640109000336984],[-96.558671999867741,40.64000100009762],[-96.55896800014375,40.625532000013919],[-96.539860000413967,40.625304000127741],[-96.533998000009973,40.625214999739683],[-96.528053999590227,40.625124999701576],[-96.520832000151771,40.625015000020682],[-96.521002999855995,40.613690999803254],[-96.5210520002598,40.610406000283611],[-96.511558999595934,40.610263999936429],[-96.501996000408511,40.610180999862685],[-96.482763000106928,40.609964999918773],[-96.482758999908967,40.61728800033351],[-96.48275499971102,40.624420999976742],[-96.48043800025151,40.624434000157066],[-96.478022000159484,40.624447000334861],[-96.463783000423646,40.624524999984835],[-96.463554999919694,40.624520999777729],[-96.462636999852762,40.624477000211009],[-96.461743000075259,40.624470000013865],[-96.454221999987737,40.624462000274598],[-96.453580000105333,40.624462000274598],[-96.453341999555619,40.624462000274598],[-96.451759000040056,40.624462999815925],[-96.448813000218607,40.624464000039062],[-96.448646999638953,40.624464000039062],[-96.447519000408036,40.624452000087892],[-96.445606000281259,40.624449000099723],[-96.44466499974979,40.624449000099723],[-96.444669999772657,40.625360999831358],[-96.444679999818405,40.627133000156626],[-96.444684999841272,40.627969000083574],[-96.444688000214327,40.628452000297692],[-96.444699000084981,40.629354999923564],[-96.444699000084981,40.630771000088899],[-96.444704000107834,40.631343999766997],[-96.444731999696941,40.634594000038945],[-96.444725000024235,40.635276000254699],[-96.444742999567609,40.636147000141904],[-96.444749000313692,40.63804299971909],[-96.444765000207212,40.638946999848201],[-96.440413000422197,40.638957999915419],[-96.437517999756068,40.638965999963119],[-96.435479999955831,40.638956999909368],[-96.434679000064733,40.638953999891186],[-96.42649199980535,40.638968999980762],[-96.425837000402481,40.638945999842001],[-96.42583300020452,40.639716000179725],[-96.425838000227373,40.641786999961909],[-96.425784999625606,40.646983000076006],[-96.425762000059393,40.652902999971886],[-96.425746000165859,40.653494000115586],[-96.42581300011301,40.653490000280996],[-96.432456000316577,40.653494000115586],[-96.433647000194995,40.653478999882644],[-96.435322999596977,40.653481999929511],[-96.437500000212722,40.653474000258598],[-96.4428980001112,40.653484000187845],[-96.443032999830407,40.653484000187845],[-96.444837000177245,40.653436999893955],[-96.444818999735574,40.65488400002539],[-96.444818999735574,40.655101000314737],[-96.444832000154364,40.656433000006878],[-96.444815000435923,40.657434999911523],[-96.444838999827056,40.660352999759212],[-96.444827999956402,40.664141000244037],[-96.444824999583346,40.664404999818494],[-96.44480500039019,40.666462999826187],[-96.444810000413057,40.667570000325853],[-96.444815000435923,40.667921999825751],[-96.444817000085735,40.671063999702319],[-96.444828999781322,40.675679000168216],[-96.444796000169347,40.678503000318599],[-96.444767999681943,40.679454999849966],[-96.444777999727691,40.679892000164912],[-96.444798999644092,40.68025199988422],[-96.444803999666945,40.681464000271077],[-96.444801000192228,40.682399999855171],[-96.444829999606227,40.68511699992176],[-96.445265999624311,40.685159999711665],[-96.446361000141579,40.684955999780684],[-96.446416000393157,40.684726999878947],[-96.446741999908085,40.684590000242814],[-96.446921999833137,40.68477299992238],[-96.447732999769954,40.684886999893145],[-96.44794399965717,40.685160999706426],[-96.448123999582222,40.685802000087946],[-96.448454000193408,40.68607600022662],[-96.44863499994338,40.686145000245588],[-96.449595999668006,40.68598499984558],[-96.451728999902826,40.68735699974053],[-96.452420000189051,40.687882000110378],[-96.452569999976873,40.68813400029012],[-96.452570999801793,40.688613999845195],[-96.452357000439861,40.688953000082982],[-96.452210000126769,40.689185000252472],[-96.452119999715066,40.689641000110562],[-96.452299999640147,40.69016500027687],[-96.452570999801793,40.690439000186842],[-96.452570999801793,40.690918000258904],[-96.452390000051821,40.6910999996851],[-96.452450000326266,40.691373999837197],[-96.453170999851409,40.691737999788117],[-96.453892000274848,40.691759000327153],[-96.454313000224332,40.691987000012659],[-96.454733000348895,40.692008999684084],[-96.455033999749475,40.692212999821187],[-96.455243999811756,40.692919999980454],[-96.455184000435608,40.693559000234622],[-96.455453999874024,40.693719000158573],[-96.455754000347994,40.693718000292179],[-96.456474999873137,40.694035999950188],[-96.457075999747659,40.694583000328173],[-96.457407000183792,40.694558999755813],[-96.457706999759438,40.694421000042993],[-96.458519000419486,40.694510999947326],[-96.458728999583442,40.694783999844304],[-96.458968999782954,40.694874999788389],[-96.459389999732437,40.69478299999389],[-96.459629999931948,40.694873000090332],[-96.460169999707119,40.695396999977731],[-96.460260000118794,40.695625000154948],[-96.460681000068277,40.695944000079152],[-96.460800999718884,40.696194999908663],[-96.46074100034275,40.69651399982785],[-96.460408000256805,40.696950999987649],[-96.460287999707887,40.697711000248532],[-96.460392000363285,40.698218000306007],[-96.460732999946813,40.69863500025005],[-96.4638439996247,40.701452999738613],[-96.463836000127088,40.702015000045179],[-96.463790999921258,40.704205999749405],[-96.463790999921258,40.704460999957561],[-96.463833999578952,40.710991000288345],[-96.463833999578952,40.711281000116792],[-96.463833999578952,40.711462000149083],[-96.463833999578952,40.711703000015248],[-96.463835000302197,40.714219000009948],[-96.463838999601833,40.721824999868197],[-96.463841000149969,40.72519799995154],[-96.463841000149969,40.725547999949839],[-96.463841000149969,40.725965999706688],[-96.463841000149969,40.726253000164519],[-96.463840000325064,40.726665999996285],[-96.463833999578952,40.733186999902685],[-96.463833999578952,40.733212000122798],[-96.48277099960454,40.733287000046026],[-96.487538000389549,40.733292999763933],[-96.488766000077902,40.733293999716906],[-96.4890120001252,40.733294999669809],[-96.489042000262444,40.733294999669809],[-96.489686999619579,40.733294999669809],[-96.496623999551019,40.733303999926122],[-96.497057000094372,40.733303999926122],[-96.501869000186929,40.7333100003232],[-96.51224200038456,40.733353000316967],[-96.520914000167537,40.733389999893561],[-96.520934000259018,40.740660999926916],[-96.530411999955945,40.740652999827617],[-96.53042600019964,40.733397000234312],[-96.539923999988062,40.733402999942292],[-96.539984000262493,40.726130999694156],[-96.547661999810558,40.72615100022184],[-96.549271999988619,40.726154999782075],[-96.549456999936552,40.726154999782075],[-96.549449000438955,40.729755000037109],[-96.549463999609259,40.729970000323434],[-96.549439000393207,40.732453999920288],[-96.549439000393207,40.73265400021787],[-96.549436000020165,40.733215999939326],[-96.549434000370326,40.733413000135123],[-96.558943999854307,40.733421999694805],[-96.558972000341711,40.732048999705682],[-96.558954999724961,40.729426999946398],[-96.558954999724961,40.729146000334559],[-96.558958000098016,40.727668000160968],[-96.55907699992369,40.726179999921115],[-96.558963000120897,40.726179999921115],[-96.55898499986219,40.724392999710169],[-96.559005999778591,40.72275500026619],[-96.559019000197381,40.721657999842925],[-96.559119999581398,40.714334999780178],[-96.559144999695761,40.714197999742296],[-96.559173000183165,40.714079999931002],[-96.559235000107449,40.713894999909741],[-96.559317000123215,40.713705000180951],[-96.55914200022103,40.711889000273366],[-96.559143999870841,40.711699999864052],[-96.559143999870841,40.71131599982283],[-96.559154999741494,40.710733999985919],[-96.55917499983299,40.709696999709053],[-96.559183000228913,40.709289999974416],[-96.55918800025178,40.709113000069891],[-96.559252999650795,40.708700999920488],[-96.559329999643694,40.708327000165973],[-96.559382000420541,40.707926000191421],[-96.559369000001752,40.707784000266841],[-96.559148000068802,40.707001000020938],[-96.559148999893722,40.706714000315117],[-96.558974999816442,40.706414999858993],[-96.558866000036502,40.706078999664541],[-96.558788000218698,40.705770000184302],[-96.558788000218698,40.705317000153094],[-96.558840000097234,40.704942999780577],[-96.558974999816442,40.704555000095134],[-96.559039000288863,40.704373999675816],[-96.559151000441858,40.704019000111259],[-96.559152000266764,40.70283200001186],[-96.559152000266764,40.70175400017024],[-96.559153000091683,40.701287000122392],[-96.559158000114564,40.697209000170034],[-96.567787000239832,40.697209000170034],[-96.568337000060737,40.697209000170034],[-96.568664000298881,40.69720999998404],[-96.568364999649816,40.690554999829146],[-96.564109000124276,40.690615000081664],[-96.558967000318859,40.690636000293487],[-96.558804000112218,40.687011999756081],[-96.56207399979877,40.687013999690059],[-96.56210599958581,40.686925999813603],[-96.562170999883151,40.686827000154246],[-96.562201999845286,40.686779000225187],[-96.562310999625225,40.686637000175899],[-96.562433999648874,40.686500999672305],[-96.562488000075547,40.686429000094748],[-96.5624989999462,40.686389999666666],[-96.562495999573159,40.686347999966088],[-96.562486000425721,40.686307000216665],[-96.562467000159145,40.686266999739033],[-96.56243700002193,40.686234999748336],[-96.56234499996043,40.686190000012147],[-96.562247999876035,40.686154000065073],[-96.56204399966154,40.686095999844561],[-96.561991999783004,40.686087000017238],[-96.561883999827955,40.686087999998129],[-96.561775999872935,40.686079000169684],[-96.561723999994413,40.68606799969654],[-96.561673999765688,40.686051999995968],[-96.561579000229457,40.686012000046432],[-96.561407999626894,40.68591199972704],[-96.561359999946333,40.68589100007005],[-96.561317000288625,40.68586699977277],[-96.561284999603259,40.685834000286498],[-96.561260000387222,40.685797000161934],[-96.561242999770471,40.685758000045197],[-96.561235000272859,40.685715999946389],[-96.56123799974759,40.685675999795194],[-96.561287000151395,40.685556999867671],[-96.561304999694741,40.685475000051511],[-96.561299999671874,40.68543399976501],[-96.561273999732606,40.685399000082022],[-96.561236999922684,40.68536699967455],[-96.56119300044007,40.685343999861793],[-96.561030000233444,40.685331999956311],[-96.560923999928235,40.68531400009411],[-96.56087600024766,40.685297000219755],[-96.560831999866721,40.68527199971544],[-96.560794000231894,40.685241999915355],[-96.560762000444839,40.68520900011967],[-96.560740999630127,40.68517100033467],[-96.560728000109648,40.685130999856383],[-96.56072100043697,40.685089000043639],[-96.560724999736607,40.685049000197338],[-96.560738000155411,40.68500800032993],[-96.560762000444839,40.684970999746788],[-96.560877000072566,40.684882999897461],[-96.561009000317043,40.684750999905596],[-96.561026000035483,40.684713999860932],[-96.561025000210577,40.684670999783265],[-96.561005999944001,40.684632999691523],[-96.560973000332041,40.684601000278683],[-96.56089200014118,40.684545000077129],[-96.560845000285525,40.684523999989402],[-96.560745999653008,40.684487999823638],[-96.56070100034546,40.684466999717955],[-96.560668999660095,40.684435000225406],[-96.560509999651444,40.684218000004137],[-96.560470000366792,40.684140999953591],[-96.560417999589944,40.684068999870071],[-96.560324999703525,40.683968000028649],[-96.560286000243778,40.683939000335911],[-96.56019800038024,40.683890999689233],[-96.559957000355809,40.683797999700381],[-96.559825000111331,40.683725999927546],[-96.559742000270646,40.683672999723328],[-96.559632999592395,40.68358200014849],[-96.559572000391327,40.683514000220399],[-96.559553999949671,40.683475000130123],[-96.559543000079017,40.683434999996386],[-96.559537000231231,40.683399999944811],[-96.558460000155634,40.68338699966796],[-96.558469000376476,40.67984500008459],[-96.558469000376476,40.679707999951205],[-96.558470000201396,40.679435000283],[-96.55848000024713,40.675522000270384],[-96.558506000186384,40.668935000115404],[-96.558485000269997,40.661693000262048],[-96.558439000239233,40.654459999838345],[-96.567877999578101,40.654515000321702],[-96.572415000209361,40.654408999770908]]]},"properties":{"AREALAND":119029114,"AREAWATER":0,"BASENAME":"68317","CENTLAT":"+40.6732446","CENTLON":"-096.5045082","FUNCSTAT":"S","GEOID":"68317","HU100":766,"INTPTLAT":"+40.6732446","INTPTLON":"-096.5045082","LSADC":"Z5","MTFCC":"G6350","NAME":"ZCTA5 68317","OBJECTID":26286,"OID":"221704258327190","POP100":2044,"ZCTA5":"68317","ZCTA5CC":"B5"}},{"type":"Feature","id":26325,"geometry":{"type":"Polygon","coordinates":[[[-96.606816000184395,40.735672999717259],[-96.606857000192264,40.735563999807361],[-96.606572999611828,40.735388000250339],[-96.606796000092913,40.735021000155903],[-96.606839999575513,40.734717999811572],[-96.606848999796355,40.734522000010791],[-96.606676000442292,40.734073000009758],[-96.606490999596062,40.733793000223102],[-96.606245000447089,40.733516999737219],[-96.606023999615829,40.733296000303419],[-96.606047000080366,40.732195000169718],[-96.606073000019634,40.730957999920932],[-96.606076000392676,40.730801000252853],[-96.60609099956298,40.730082999872494],[-96.606093000111116,40.729995999712585],[-96.606108000179731,40.729290000334736],[-96.606122000423426,40.728621999802677],[-96.606051000278327,40.726373999673548],[-96.606051000278327,40.726189999837977],[-96.606061000324075,40.7252640000765],[-96.606163000431323,40.722693000144673],[-96.606163000431323,40.722449000225538],[-96.606160000058267,40.720545000135324],[-96.606159000233362,40.720058000146189],[-96.606159000233362,40.719790999923319],[-96.606158000408442,40.719482000072745],[-96.606158000408442,40.719083999691783],[-96.606154000210481,40.71674899967028],[-96.606150999837439,40.715428999705246],[-96.606150999837439,40.715406000056774],[-96.606146999639464,40.713544999917133],[-96.606144999989652,40.711788999979532],[-96.606155999860306,40.710081999855483],[-96.606169000279095,40.708224999992176],[-96.606192999670242,40.704536000273634],[-96.606236000226247,40.701034999971689],[-96.606282000256996,40.697279000052497],[-96.604458999643612,40.697275999932572],[-96.601609000081623,40.697269999692253],[-96.600906000099826,40.697268999879199],[-96.590993000209735,40.697250999835937],[-96.587223999857599,40.697243999779943],[-96.586226000323023,40.697241000339467],[-96.585706999565943,40.697239999844903],[-96.584569000289292,40.69723800021783],[-96.577797000214304,40.697225999729866],[-96.572058999658907,40.697214999734754],[-96.568664000298881,40.69720999998404],[-96.568337000060737,40.697209000170034],[-96.567787000239832,40.697209000170034],[-96.559158000114564,40.697209000170034],[-96.559153000091683,40.701287000122392],[-96.559152000266764,40.70175400017024],[-96.559152000266764,40.70283200001186],[-96.559151000441858,40.704019000111259],[-96.559039000288863,40.704373999675816],[-96.558974999816442,40.704555000095134],[-96.558840000097234,40.704942999780577],[-96.558788000218698,40.705317000153094],[-96.558788000218698,40.705770000184302],[-96.558866000036502,40.706078999664541],[-96.558974999816442,40.706414999858993],[-96.559148999893722,40.706714000315117],[-96.559148000068802,40.707001000020938],[-96.559369000001752,40.707784000266841],[-96.559382000420541,40.707926000191421],[-96.559329999643694,40.708327000165973],[-96.559252999650795,40.708700999920488],[-96.55918800025178,40.709113000069891],[-96.559183000228913,40.709289999974416],[-96.55917499983299,40.709696999709053],[-96.559154999741494,40.710733999985919],[-96.559143999870841,40.71131599982283],[-96.559143999870841,40.711699999864052],[-96.55914200022103,40.711889000273366],[-96.559317000123215,40.713705000180951],[-96.559235000107449,40.713894999909741],[-96.559173000183165,40.714079999931002],[-96.559144999695761,40.714197999742296],[-96.559119999581398,40.714334999780178],[-96.559019000197381,40.721657999842925],[-96.559005999778591,40.72275500026619],[-96.55898499986219,40.724392999710169],[-96.558963000120897,40.726179999921115],[-96.55907699992369,40.726179999921115],[-96.558958000098016,40.727668000160968],[-96.558954999724961,40.729146000334559],[-96.558954999724961,40.729426999946398],[-96.558972000341711,40.732048999705682],[-96.558943999854307,40.733421999694805],[-96.549434000370326,40.733413000135123],[-96.549436000020165,40.733215999939326],[-96.549405999882936,40.73320599971688],[-96.549354999829305,40.733199000036748],[-96.549304999600594,40.733212000122798],[-96.549215000087216,40.733259999947265],[-96.549138999919236,40.733319999849293],[-96.5489890001314,40.733490999681756],[-96.548969999864838,40.733529999761139],[-96.548960999644009,40.733570999715191],[-96.548962000367226,40.73361200032469],[-96.548974000062813,40.733652000280685],[-96.548995999804106,40.733688999691054],[-96.549109999606927,40.73383000023577],[-96.549219000285177,40.733920999921722],[-96.549297999927902,40.734028999858765],[-96.549335999562729,40.734106000103893],[-96.549368000248094,40.734227000309062],[-96.549430999997284,40.734385999934709],[-96.549425000149512,40.734425000170113],[-96.549400000035149,40.734461999831325],[-96.549368000248094,40.734497000282907],[-96.549215999912136,40.734623000122625],[-96.549195999820654,40.734656999876442],[-96.54921400026231,40.73468999968091],[-96.549256999920033,40.73472100028679],[-96.549303999775674,40.73474599993051],[-96.549409000255977,40.734768999703306],[-96.549436999845085,40.73480300006316],[-96.549447999715738,40.734845999772709],[-96.549439000393207,40.734885999667455],[-96.549415000103764,40.734925000290517],[-96.549378000293842,40.734953000322285],[-96.5492770000115,40.734985000052433],[-96.549227999607695,40.73500599988828],[-96.549178000277294,40.735019000301904],[-96.549124999675541,40.735019000301904],[-96.54907000032226,40.735013999986023],[-96.549010999872721,40.735001000252069],[-96.548959999819104,40.734995000007487],[-96.548939999727608,40.735023999936764],[-96.548944999750475,40.735071999815318],[-96.548959999819104,40.735112000254944],[-96.548984999933438,40.735150000139761],[-96.549020999918454,40.735178000076829],[-96.549071000147165,40.735196000078787],[-96.549123999850622,40.735207999850502],[-96.54923199980567,40.735216999848021],[-96.54933999976069,40.735215999923952],[-96.549393000362457,40.735208999774642],[-96.5496569999531,40.73516000007001],[-96.549706000356906,40.735142999983502],[-96.549790999847389,40.735089999845954],[-96.549843999550845,40.735090999771863],[-96.549896000327692,40.73511100032929],[-96.549918000069013,40.735142999983502],[-96.549904999650224,40.735311000127538],[-96.54987799988605,40.735516000283717],[-96.549871000213329,40.735682000332524],[-96.549853999596579,40.735718999975312],[-96.549821999809524,40.73575399976567],[-96.549783000349791,40.735783000044741],[-96.549738000143947,40.735805000224566],[-96.549683999717274,40.735817999801419],[-96.549631999838738,40.735815000056363],[-96.549580999785121,40.735798000137173],[-96.549527000256759,40.735791999964476],[-96.549470000355342,40.735799000052502],[-96.549434000370326,40.735822000141916],[-96.549405999882936,40.735949000108022],[-96.549415000103764,40.735988000107881],[-96.549444000416088,40.736021999844759],[-96.549482999875821,40.736052999829994],[-96.549527000256759,40.736076999742735],[-96.54957699958716,40.736095000182146],[-96.549616999770123,40.73612099990067],[-96.549647999732272,40.736157000070065],[-96.549662999800873,40.736195999948052],[-96.549657999778006,40.736238000209866],[-96.549634000386888,40.736276000132229],[-96.549594000203911,40.736300999872306],[-96.549444000416088,40.736353999725758],[-96.549390999814321,40.736364000155717],[-96.549335999562729,40.736367999782743],[-96.549286000232328,40.736358000034059],[-96.549239000376659,40.736336000037113],[-96.549194999995734,40.736309999721975],[-96.549113999804888,40.736249999793642],[-96.549066999949204,40.736246000159518],[-96.549014000245762,40.736265999689088],[-96.548978000260774,40.736296000333461],[-96.548963000192146,40.736336999944299],[-96.548960999644009,40.736379000117154],[-96.548984000108547,40.736459999986714],[-96.548991999606159,40.736541999661704],[-96.549003000375109,40.736582999801669],[-96.549003000375109,40.736623000013438],[-96.548969000039932,40.736701999782504],[-96.548912999963434,40.736754000096262],[-96.54888399965111,40.736788000122338],[-96.548861999909803,40.736825999730542],[-96.54883400032071,40.736908000315765],[-96.548835999970535,40.736946999753442],[-96.548861000084898,40.736983000156528],[-96.548907000115634,40.737024999921552],[-96.549415000103764,40.737035000250643],[-96.549410999905803,40.740655000192838],[-96.55258299968304,40.740657999719652],[-96.558927000135881,40.740664000134103],[-96.558912000067252,40.747897999681967],[-96.558902999846424,40.752250999991482],[-96.558897999823543,40.755134000311593],[-96.564335999905012,40.755127000216966],[-96.567943999700333,40.75512299967653],[-96.567925000332082,40.760135000173797],[-96.567890000171985,40.769618000218358],[-96.58706800022199,40.769688000158233],[-96.588673000377185,40.769692999908173],[-96.589449999978825,40.769696000166135],[-96.589563999781618,40.769696000166135],[-96.591820999864993,40.769703000087176],[-96.593651000151084,40.769708999921718],[-96.595331999575947,40.769713999670081],[-96.595797999731275,40.769714999755763],[-96.598173999640338,40.76972100026957],[-96.598720000161578,40.7697219996748],[-96.59879299995653,40.7697219996748],[-96.600978999894778,40.769728000187975],[-96.600978000069858,40.769834999723948],[-96.601168000040673,40.769834000320408],[-96.601169999690498,40.769728000187975],[-96.601296000087189,40.769728000187975],[-96.601436999654169,40.76972900027345],[-96.602358000094156,40.76972999967856],[-96.603585999782496,40.76973299993486],[-96.605421000091482,40.769737000276365],[-96.605970000087481,40.769737999681411],[-96.606155999860306,40.769738999766737],[-96.606154000210481,40.769196000204232],[-96.606145999814572,40.766951000038475],[-96.60613800031696,40.764699999945776],[-96.60613800031696,40.764635000325107],[-96.606133000294079,40.763251000338919],[-96.606131999570877,40.76284800022826],[-96.606125999723062,40.761276000199302],[-96.606115999677328,40.758513999750953],[-96.606114999852437,40.75837400007341],[-96.606079999692312,40.758358000052645],[-96.606037000034632,40.758332999757236],[-96.605997999676561,40.75830399978387],[-96.605888999896607,40.75821300011382],[-96.60585700010958,40.758179000152815],[-96.605807999705775,40.758106000237724],[-96.60564899969711,40.757756000044125],[-96.60555699963561,40.757606999762118],[-96.605519999825674,40.757528999915188],[-96.605358000342292,40.757269000218024],[-96.605088000005537,40.756775000305538],[-96.604989000271331,40.756627999750968],[-96.604894999661695,40.756527999993345],[-96.604754000094687,40.756402000139069],[-96.60467499955368,40.756347000036001],[-96.604502000199631,40.756246999855748],[-96.604407999589966,40.75620600026911],[-96.604359000084486,40.75618900011775],[-96.604153000220165,40.756137000028112],[-96.604046999914942,40.756121000149363],[-96.603841000050636,40.756070000297512],[-96.603745999616081,40.756030000212867],[-96.603665000323517,40.755976000094471],[-96.603563000216283,40.755879999851331],[-96.603507999964691,40.755809000042994],[-96.603389000139018,40.755624000339694],[-96.603302000100356,40.755473000123047],[-96.603229000305433,40.755362999695194],[-96.60315899998524,40.755243999757369],[-96.604014000302996,40.755245000060796],[-96.606103999981784,40.755248000290521],[-96.606102000331944,40.754508999943887],[-96.606098999958903,40.75365599975752],[-96.606095999585861,40.752513000267854],[-96.606093000111116,40.751700000324725],[-96.606088999913155,40.750044000004387],[-96.606088999913155,40.749863999792389],[-96.606087000263329,40.749244999885157],[-96.606086000438438,40.748890999764775],[-96.606084999715193,40.748578000034101],[-96.606083999890288,40.748122999887663],[-96.606087000263329,40.747331000060996],[-96.606095999585861,40.745821000332917],[-96.60610300015685,40.744404000242938],[-96.606112000377692,40.742769000057315],[-96.606119000050384,40.741498999898063],[-96.60611999987529,40.741393000179578],[-96.606122000423426,40.740913999679243],[-96.606123000248346,40.740779000259394],[-96.606093999936036,40.738721000074371],[-96.606093000111116,40.738706999831905],[-96.606084999715193,40.738102999790279],[-96.606069999646579,40.737061000282488],[-96.606076000392676,40.73691899988021],[-96.606094999760941,40.736805999688691],[-96.60616599990604,40.736582999801669],[-96.606227999830338,40.736439999834779],[-96.606317000417107,40.736284000077305],[-96.60632800028776,40.736268000186236],[-96.606425000372141,40.736133000186179],[-96.606550000045601,40.735991999757523],[-96.606622000015633,40.735915000333783],[-96.606682000290093,40.735854000134779],[-96.606762999582628,40.735759000025929],[-96.606816000184395,40.735672999717259]]]},"properties":{"AREALAND":31418796,"AREAWATER":13262,"BASENAME":"68526","CENTLAT":"+40.7323966","CENTLON":"-096.5827080","FUNCSTAT":"S","GEOID":"68526","HU100":2971,"INTPTLAT":"+40.7299214","INTPTLON":"-096.5820836","LSADC":"Z5","MTFCC":"G6350","NAME":"ZCTA5 68526","OBJECTID":26325,"OID":"221704258328488","POP100":7788,"ZCTA5":"68526","ZCTA5CC":"B5"}},{"type":"Feature","id":26344,"geometry":{"type":"Polygon","coordinates":[[[-96.796722000017411,40.742396000268393],[-96.796726000215372,40.741128000144386],[-96.789277999922774,40.741223999906687],[-96.787835000149286,40.741242000314607],[-96.787793000316498,40.741242000314607],[-96.783525000197073,40.741264999883441],[-96.778083999742577,40.741289999790489],[-96.77796499991689,40.735697999683886],[-96.777944000000488,40.73470300015633],[-96.777928000106968,40.733969999858154],[-96.777774000121184,40.726734000130008],[-96.777771999573048,40.726639999986908],[-96.777788000364879,40.719416999822428],[-96.777795999862477,40.715774999823417],[-96.777817999603798,40.712158000046095],[-96.785491999852198,40.712151999784567],[-96.786898999640684,40.712151000194893],[-96.787621999713949,40.712149999924229],[-96.787569999835412,40.712088000138984],[-96.787024000212469,40.710779000168785],[-96.78614499960527,40.710574999686322],[-96.786435000033507,40.71038300010327],[-96.787441999788896,40.705056999974616],[-96.787552000292067,40.704865999843733],[-96.790031000133283,40.698090000051089],[-96.790035000331244,40.697624000003898],[-96.782295999785504,40.697602999951343],[-96.780289999772322,40.697596999740533],[-96.777805999908239,40.697589999720897],[-96.769550000051865,40.69756900033866],[-96.763504000423183,40.697553999802913],[-96.763429000080123,40.697553999802913],[-96.761110000072478,40.697548000268718],[-96.758745000034097,40.697542000052948],[-96.756246000101399,40.697535000027536],[-96.756224000360078,40.701157000125896],[-96.753844000253096,40.701152999744757],[-96.753864000344564,40.697528000001384],[-96.752654000199584,40.697524999892671],[-96.749156999833986,40.697514999756301],[-96.74299599967928,40.69749900007988],[-96.740940000335684,40.697492999859655],[-96.739703000426516,40.697488999939615],[-96.739234999723053,40.697488000129795],[-96.738047000217705,40.6974840002094],[-96.725750000022629,40.697445000121874],[-96.723432999664809,40.697438000086265],[-96.720630999783424,40.697438000086265],[-96.72049199986624,40.711981000274903],[-96.720489000391495,40.712088999729595],[-96.720513999607547,40.726377999901118],[-96.720634000156451,40.726520999709429],[-96.724638999611827,40.726548999873941],[-96.724787999574744,40.726271999916314],[-96.724822999734869,40.726219000200999],[-96.725926999574639,40.724570999925419],[-96.727650999555522,40.722634999737132],[-96.729700000124737,40.720490999799068],[-96.729905000164152,40.720312000098566],[-96.730070999845495,40.720167000265903],[-96.732877999749761,40.717666999968699],[-96.734113000009131,40.716401000115418],[-96.73498900024326,40.715689999777986],[-96.735559000155661,40.71507300028869],[-96.73614099976362,40.714274000225529],[-96.736489999743071,40.713524000117808],[-96.737121999579756,40.712051999885716],[-96.739633000106323,40.712043999751117],[-96.739642000327166,40.713302000083246],[-96.739658000220686,40.715667999756562],[-96.739734000388665,40.726421999665405],[-96.739735000213571,40.726570000329971],[-96.739735000213571,40.72664200009271],[-96.739736000038491,40.726726999769049],[-96.739787999917027,40.732909999667079],[-96.739796000312936,40.733777999678608],[-96.739803999810533,40.734752000197545],[-96.739804999635467,40.734825999816259],[-96.73985900006214,40.74120100032362],[-96.735120999589427,40.741167999665116],[-96.731766000412378,40.741144000227827],[-96.730514000434596,40.741136000186557],[-96.730320000265849,40.741134999670869],[-96.730319000440929,40.741242000314607],[-96.729212000228117,40.741514000062899],[-96.728939000416631,40.741597999970587],[-96.728648999988394,40.741699000229545],[-96.728325000123291,40.741826999690517],[-96.728072000403316,40.741937999874381],[-96.72784899992223,40.742044999906987],[-96.725133000254573,40.743515000165729],[-96.723280000402241,40.74452200006035],[-96.720671999791293,40.745894999889025],[-96.720485000193534,40.746029999814311],[-96.720310000291363,40.746120000065943],[-96.720335000405726,40.746171999823126],[-96.720357000147033,40.746218000307337],[-96.720444000185665,40.746389000334084],[-96.72049199986624,40.746482999799312],[-96.72064900022508,40.746825999841526],[-96.720829999975052,40.74726599978959],[-96.720983999960822,40.747683999902115],[-96.721112999832272,40.748086000338652],[-96.72118399997737,40.748345999878779],[-96.721234000206081,40.748528999968997],[-96.721337000138249,40.748993000234954],[-96.721409000108281,40.749403999683452],[-96.72146699983459,40.749854000031],[-96.721615999797507,40.751703999710124],[-96.721788000224947,40.753849999691603],[-96.721844000301459,40.754340999973309],[-96.721915000446558,40.754793999822333],[-96.722004000135016,40.755243999757369],[-96.722097000021449,40.75563500021137],[-96.722264000426009,40.756208000166588],[-96.722425999909404,40.756682000020199],[-96.722625999925953,40.757197000258181],[-96.722819000269808,40.757639999748349],[-96.72304000020273,40.758100000036059],[-96.723278999679025,40.758554999955486],[-96.72356300025946,40.759046000191297],[-96.723717000245259,40.759289999946191],[-96.72543700002818,40.762015999688529],[-96.725683999900383,40.762445999910327],[-96.725923000274989,40.762895000250502],[-96.725935999795468,40.76294800000418],[-96.725964000282872,40.76294800000418],[-96.725976999803365,40.763001999902251],[-96.726217999827767,40.763510999771988],[-96.726413999646354,40.763971000255026],[-96.726611000188157,40.764490999955143],[-96.726776000044609,40.764988000148414],[-96.726919000159739,40.765488999943734],[-96.727042000183388,40.765992999789333],[-96.727136999719633,40.766471999939213],[-96.727213999712518,40.766952000165738],[-96.727270999613935,40.767433999886741],[-96.727309000147073,40.767917999738962],[-96.727326999690419,40.768402000148178],[-96.727319000192807,40.770290000270982],[-96.730070999845495,40.770335000320259],[-96.730383999839944,40.770340000021463],[-96.731382000272816,40.770343000250271],[-96.734237999682577,40.770352000255365],[-96.734444000445222,40.770343000250271],[-96.734810000143128,40.77030399998722],[-96.735006999786606,40.770265999778687],[-96.735257999856771,40.770212000340173],[-96.735443999629609,40.770159000256449],[-96.735630000300773,40.770091000292474],[-96.735816999898532,40.770010999965656],[-96.735995000173745,40.769923000243246],[-96.736149000159543,40.769836999891666],[-96.736325999711553,40.76972900027345],[-96.736531999575874,40.769581999792941],[-96.736863000011965,40.769330999761891],[-96.737244999603391,40.769058000085614],[-96.737966000026844,40.768500000203908],[-96.73814000010411,40.768365999744283],[-96.738177999738951,40.770237000249466],[-96.741536000187367,40.770291999744714],[-96.744744999774525,40.770379000263389],[-96.748043999773387,40.770437999940405],[-96.749531999752719,40.770407999730622],[-96.749531999752719,40.770479000273134],[-96.749488000270119,40.774108000288912],[-96.749482000422333,40.774529999719675],[-96.749577999783483,40.774522000293828],[-96.750295999833881,40.774435999772216],[-96.750377999849647,40.774437999801421],[-96.750426000428533,40.774417000171972],[-96.750479000131975,40.774411000082253],[-96.750642000338601,40.77441400012718],[-96.750963999655568,40.774443999888703],[-96.751122999664219,40.774469000246583],[-96.751278000373247,40.774507000092221],[-96.751481999689418,40.774563000147353],[-96.751587999994641,40.774581999705838],[-96.751642000421299,40.774584999743041],[-96.751748999653103,40.774576000311313],[-96.752117999724049,40.7745040000515],[-96.752218000181486,40.774474000317014],[-96.752264000212236,40.77445400003301],[-96.752432000441743,40.7743479997877],[-96.752515000282401,40.774290000198036],[-96.752558999765029,40.774269999858639],[-96.752610999643551,40.774266999807217],[-96.752666999720049,40.774276999978113],[-96.752721999971627,40.774279000012115],[-96.752819000056022,40.7742480001586],[-96.753101999913227,40.774121999880968],[-96.753128999677401,40.774052999870669],[-96.753176000431395,40.774030000078042],[-96.753322000021257,40.773907000135083],[-96.753337999914791,40.773868999946316],[-96.753344999587469,40.773827999664519],[-96.753377000272849,40.773748999780267],[-96.753383000120621,40.773708000104719],[-96.753383000120621,40.773666999723552],[-96.753390999618233,40.773627000024206],[-96.753484000402977,40.773432999984195],[-96.753497999748348,40.773393000143969],[-96.753500000296484,40.773308000233399],[-96.753522000037805,40.773274999862707],[-96.753572000266516,40.773253999865609],[-96.753677999673414,40.773229999763622],[-96.753732000100086,40.773222000181249],[-96.753785999628448,40.773221000148347],[-96.753838000405281,40.773226000312711],[-96.754047999569266,40.773270999734194],[-96.754209000126068,40.77328600021486],[-96.754425999861041,40.773289999662154],[-96.755021999712696,40.773276999926864],[-96.755128999842825,40.773267000285699],[-96.75528700002657,40.7732339998946],[-96.755385999760776,40.773202000200655],[-96.755476000172465,40.773157000052123],[-96.755606999693711,40.773083000225448],[-96.75574300013615,40.773012999780327],[-96.755837999672394,40.772974999760493],[-96.755888999726011,40.772963000000367],[-96.756104999636079,40.772941999904667],[-96.756214000314344,40.772938999793261],[-96.756267000017786,40.772942999941762],[-96.756373000322995,40.772963000000367],[-96.75642400037664,40.772976999833688],[-96.756707000233845,40.773098000068302],[-96.756790999899437,40.773225000279865],[-96.756862000044549,40.773375000276012],[-96.758560000086177,40.772923999914568],[-96.759520999810817,40.77265200007502],[-96.760611000305204,40.772334999777328],[-96.762255999745065,40.771880000307831],[-96.764895000318148,40.771166000061108],[-96.765664000422177,40.770986999957877],[-96.766123000006488,40.770890000236363],[-96.766657999758792,40.77078399974755],[-96.768857999940721,40.770451000231162],[-96.773623000177608,40.76974500027837],[-96.777713999846711,40.769152000158101],[-96.780310999688723,40.768777999950359],[-96.781497000442556,40.768593999705018],[-96.782445999573341,40.768444999905775],[-96.783129000361953,40.768366999850258],[-96.784015999568439,40.76829799998648],[-96.790428999618214,40.768077999893208],[-96.792280999645612,40.768030000023437],[-96.794540000277138,40.767970000137502],[-96.796614999887296,40.767899000315879],[-96.796615999712202,40.76753200000929],[-96.796633000328953,40.762871999997685],[-96.796646999674351,40.759277000193791],[-96.79666099991806,40.755621999744207],[-96.796676999811567,40.75203000018945],[-96.796694000428317,40.748390999813779],[-96.796697999727968,40.747473000014161],[-96.796722000017411,40.742396000268393]]]},"properties":{"AREALAND":40766021,"AREAWATER":20346,"BASENAME":"68523","CENTLAT":"+40.7355313","CENTLON":"-096.7570739","FUNCSTAT":"S","GEOID":"68523","HU100":681,"INTPTLAT":"+40.7314996","INTPTLON":"-096.7553012","LSADC":"Z5","MTFCC":"G6350","NAME":"ZCTA5 68523","OBJECTID":26344,"OID":"221704258328473","POP100":1882,"ZCTA5":"68523","ZCTA5CC":"B5"}},{"type":"Feature","id":26364,"geometry":{"type":"Polygon","coordinates":[[[-96.567925000332082,40.760135000173797],[-96.567943999700333,40.75512299967653],[-96.564335999905012,40.755127000216966],[-96.558897999823543,40.755134000311593],[-96.558902999846424,40.752250999991482],[-96.558912000067252,40.747897999681967],[-96.558927000135881,40.740664000134103],[-96.55258299968304,40.740657999719652],[-96.549410999905803,40.740655000192838],[-96.549415000103764,40.737035000250643],[-96.548907000115634,40.737024999921552],[-96.548861000084898,40.736983000156528],[-96.548835999970535,40.736946999753442],[-96.54883400032071,40.736908000315765],[-96.548861999909803,40.736825999730542],[-96.54888399965111,40.736788000122338],[-96.548912999963434,40.736754000096262],[-96.548969000039932,40.736701999782504],[-96.549003000375109,40.736623000013438],[-96.549003000375109,40.736582999801669],[-96.548991999606159,40.736541999661704],[-96.548984000108547,40.736459999986714],[-96.548960999644009,40.736379000117154],[-96.548963000192146,40.736336999944299],[-96.548978000260774,40.736296000333461],[-96.549014000245762,40.736265999689088],[-96.549066999949204,40.736246000159518],[-96.549113999804888,40.736249999793642],[-96.549194999995734,40.736309999721975],[-96.549239000376659,40.736336000037113],[-96.549286000232328,40.736358000034059],[-96.549335999562729,40.736367999782743],[-96.549390999814321,40.736364000155717],[-96.549444000416088,40.736353999725758],[-96.549594000203911,40.736300999872306],[-96.549634000386888,40.736276000132229],[-96.549657999778006,40.736238000209866],[-96.549662999800873,40.736195999948052],[-96.549647999732272,40.736157000070065],[-96.549616999770123,40.73612099990067],[-96.54957699958716,40.736095000182146],[-96.549527000256759,40.736076999742735],[-96.549482999875821,40.736052999829994],[-96.549444000416088,40.736021999844759],[-96.549415000103764,40.735988000107881],[-96.549405999882936,40.735949000108022],[-96.549434000370326,40.735822000141916],[-96.549470000355342,40.735799000052502],[-96.549527000256759,40.735791999964476],[-96.549580999785121,40.735798000137173],[-96.549631999838738,40.735815000056363],[-96.549683999717274,40.735817999801419],[-96.549738000143947,40.735805000224566],[-96.549783000349791,40.735783000044741],[-96.549821999809524,40.73575399976567],[-96.549853999596579,40.735718999975312],[-96.549871000213329,40.735682000332524],[-96.54987799988605,40.735516000283717],[-96.549904999650224,40.735311000127538],[-96.549918000069013,40.735142999983502],[-96.549896000327692,40.73511100032929],[-96.549843999550845,40.735090999771863],[-96.549790999847389,40.735089999845954],[-96.549706000356906,40.735142999983502],[-96.5496569999531,40.73516000007001],[-96.549393000362457,40.735208999774642],[-96.54933999976069,40.735215999923952],[-96.54923199980567,40.735216999848021],[-96.549123999850622,40.735207999850502],[-96.549071000147165,40.735196000078787],[-96.549020999918454,40.735178000076829],[-96.548984999933438,40.735150000139761],[-96.548959999819104,40.735112000254944],[-96.548944999750475,40.735071999815318],[-96.548939999727608,40.735023999936764],[-96.548959999819104,40.734995000007487],[-96.549010999872721,40.735001000252069],[-96.54907000032226,40.735013999986023],[-96.549124999675541,40.735019000301904],[-96.549178000277294,40.735019000301904],[-96.549227999607695,40.73500599988828],[-96.5492770000115,40.734985000052433],[-96.549378000293842,40.734953000322285],[-96.549415000103764,40.734925000290517],[-96.549439000393207,40.734885999667455],[-96.549447999715738,40.734845999772709],[-96.549436999845085,40.73480300006316],[-96.549409000255977,40.734768999703306],[-96.549303999775674,40.73474599993051],[-96.549256999920033,40.73472100028679],[-96.54921400026231,40.73468999968091],[-96.549195999820654,40.734656999876442],[-96.549215999912136,40.734623000122625],[-96.549368000248094,40.734497000282907],[-96.549400000035149,40.734461999831325],[-96.549425000149512,40.734425000170113],[-96.549430999997284,40.734385999934709],[-96.549368000248094,40.734227000309062],[-96.549335999562729,40.734106000103893],[-96.549297999927902,40.734028999858765],[-96.549219000285177,40.733920999921722],[-96.549109999606927,40.73383000023577],[-96.548995999804106,40.733688999691054],[-96.548974000062813,40.733652000280685],[-96.548962000367226,40.73361200032469],[-96.548960999644009,40.733570999715191],[-96.548969999864838,40.733529999761139],[-96.5489890001314,40.733490999681756],[-96.549138999919236,40.733319999849293],[-96.549215000087216,40.733259999947265],[-96.549304999600594,40.733212000122798],[-96.549354999829305,40.733199000036748],[-96.549405999882936,40.73320599971688],[-96.549436000020165,40.733215999939326],[-96.549439000393207,40.73265400021787],[-96.549439000393207,40.732453999920288],[-96.549463999609259,40.729970000323434],[-96.549449000438955,40.729755000037109],[-96.549456999936552,40.726154999782075],[-96.549271999988619,40.726154999782075],[-96.547661999810558,40.72615100022184],[-96.539984000262493,40.726130999694156],[-96.539923999988062,40.733402999942292],[-96.53042600019964,40.733397000234312],[-96.530411999955945,40.740652999827617],[-96.520934000259018,40.740660999926916],[-96.520914000167537,40.733389999893561],[-96.51224200038456,40.733353000316967],[-96.501869000186929,40.7333100003232],[-96.497057000094372,40.733303999926122],[-96.496623999551019,40.733303999926122],[-96.489686999619579,40.733294999669809],[-96.489042000262444,40.733294999669809],[-96.4890120001252,40.733294999669809],[-96.488766000077902,40.733293999716906],[-96.487538000389549,40.733292999763933],[-96.48277099960454,40.733287000046026],[-96.463833999578952,40.733212000122798],[-96.463831000104236,40.735416000087234],[-96.46382799973118,40.737892000135183],[-96.463821999883393,40.742868000281312],[-96.463821000058488,40.743393999839],[-96.463821000058488,40.743451999848702],[-96.463821000058488,40.743496999692326],[-96.463815000210687,40.743562000244566],[-96.463799000317181,40.744350999997252],[-96.463790999921258,40.74615100010935],[-96.463816000035607,40.747509000164946],[-96.463815000210687,40.747742999989676],[-96.463812999662565,40.750005000079184],[-96.463811999837645,40.750945000248365],[-96.463806999814778,40.75495600020426],[-96.463796999769031,40.762015999688529],[-96.463795000119219,40.763763999683221],[-96.463788000446513,40.769454000012139],[-96.463779000225699,40.774720999926949],[-96.463766999631801,40.782163000099729],[-96.463764999981976,40.78307499972405],[-96.463764000157084,40.783959999829776],[-96.463760999784029,40.78554900002451],[-96.463759000134203,40.786412000058561],[-96.463759000134203,40.786435000325341],[-96.463758000309312,40.786855000010682],[-96.463750999738281,40.791248999977547],[-96.463749999913375,40.791828000151035],[-96.463749999913375,40.79230500021842],[-96.463747000438644,40.79371299980393],[-96.463747000438644,40.793771999839926],[-96.463745999715414,40.794601999803838],[-96.463744999890508,40.795059000143631],[-96.463744000065574,40.795599999737121],[-96.463744000065574,40.795672000251933],[-96.463742000415763,40.796758000075208],[-96.463740999692547,40.797342999868931],[-96.463740999692547,40.797396999694612],[-96.463739999867627,40.797669999878877],[-96.463739000042722,40.798435999851606],[-96.463739000042722,40.798461000019621],[-96.48272100027414,40.798470000295403],[-96.49169199980787,40.798494999770512],[-96.501849000095419,40.798490999800748],[-96.510643999902072,40.79852500021633],[-96.520909999969575,40.79853199981973],[-96.529432999789634,40.798547000035946],[-96.540019000422618,40.798582999725014],[-96.548700000426408,40.798593000315229],[-96.549591999655775,40.798593999966144],[-96.553439999650621,40.798588000020338],[-96.55900099975571,40.798580000091732],[-96.559460000238346,40.798580999742839],[-96.560610999933786,40.798582000073935],[-96.561796999789337,40.798584000056131],[-96.561816000055913,40.798584000056131],[-96.562545999801884,40.798584999707181],[-96.563010000307372,40.798584999707181],[-96.567340000351066,40.798588999671324],[-96.567772999996109,40.798586000038263],[-96.567788000064724,40.795158000022944],[-96.567788999889643,40.794807999801762],[-96.567808000156219,40.79044199982323],[-96.567827000422795,40.786002999898805],[-96.567834999920393,40.784111999811849],[-96.567849999989008,40.780132000094028],[-96.567890000171985,40.769618000218358],[-96.567925000332082,40.760135000173797]]]},"properties":{"AREALAND":61129489,"AREAWATER":2109,"BASENAME":"68461","CENTLAT":"+40.7668131","CENTLON":"-096.5141938","FUNCSTAT":"S","GEOID":"68461","HU100":269,"INTPTLAT":"+40.7623337","INTPTLON":"-096.5114323","LSADC":"Z5","MTFCC":"G6350","NAME":"ZCTA5 68461","OBJECTID":26364,"OID":"221704258328213","POP100":708,"ZCTA5":"68461","ZCTA5CC":"B5"}},{"type":"Feature","id":26375,"geometry":{"type":"Polygon","coordinates":[[[-96.929836000040268,40.995154999883752],[-96.929840000238244,40.995002999826859],[-96.929817999598612,40.994620999680151],[-96.929822999621493,40.993896999913801],[-96.929820999971653,40.993420000069207],[-96.929825999994534,40.992857000259619],[-96.929820999971653,40.992200000035623],[-96.929805000078133,40.991390999796728],[-96.929795000032399,40.990177999886754],[-96.929790999834438,40.98974400024769],[-96.929775999765809,40.989205000142071],[-96.92979300038256,40.988681000265217],[-96.929781999613596,40.988031999900223],[-96.92977999996377,40.986804999791602],[-96.929790999834438,40.986247999683329],[-96.929762000420425,40.984754999925535],[-96.929763000245345,40.984353000048593],[-96.92977999996377,40.983793000187518],[-96.929763000245345,40.982715000003061],[-96.929765999720075,40.982322000291184],[-96.929760999697194,40.980784999819107],[-96.929742000328929,40.980173999701847],[-96.929733999933021,40.980026000234808],[-96.929729999735059,40.979941000065459],[-96.929732000283195,40.979789999829549],[-96.929760999697194,40.979653000201175],[-96.929767000443292,40.978348999904597],[-96.929753000199582,40.977620000159064],[-96.929770999742928,40.976917000149214],[-96.929773000291078,40.976268999667063],[-96.929767000443292,40.976179999987032],[-96.92974599962858,40.975920000081551],[-96.929744999803674,40.975245999676659],[-96.929749999826541,40.974902999685497],[-96.929743000153849,40.974496999924099],[-96.929752000374677,40.974220999992745],[-96.929743999978754,40.973790000304369],[-96.929749999826541,40.973405999892272],[-96.929107000119231,40.973403999760642],[-96.92828199993869,40.973415999871285],[-96.926814999875759,40.973415000144755],[-96.923648000121375,40.973425999848786],[-96.922280999617541,40.973422000264925],[-96.920518000176926,40.973422000264925],[-96.91936400010843,40.9734070002972],[-96.918506000315958,40.973400000175438],[-96.917969000015518,40.973403000033919],[-96.917753000105435,40.97341099988197],[-96.916880000244362,40.973418999729049],[-96.915109000407796,40.973403000033919],[-96.914854999964575,40.973390999920909],[-96.91466300034395,40.973345000258711],[-96.91454199997014,40.973305000290452],[-96.9141949996405,40.973170999948863],[-96.91351599994816,40.972924000326927],[-96.913252000357517,40.972863999982586],[-96.912976999997909,40.972812999918304],[-96.912511999667487,40.972809000297275],[-96.912372999750318,40.972818999688521],[-96.911729000218088,40.9729730001607],[-96.911237000123492,40.973128000004301],[-96.910996999923981,40.973195000252794],[-96.910835000440585,40.973225000281239],[-96.910708000218975,40.973231000013989],[-96.910643999746569,40.973203000126063],[-96.910637000073862,40.970861000037253],[-96.91063000040117,40.968276999863299],[-96.91062899967794,40.968183999674586],[-96.910605000286807,40.966448999735455],[-96.910621000180356,40.965921000129882],[-96.910622999830167,40.965866999924366],[-96.910621000180356,40.965395000065726],[-96.908594000250758,40.965376000236432],[-96.907844000413291,40.965349000255358],[-96.906982000422843,40.965265999867619],[-96.906096999967872,40.965123000131484],[-96.90536800004682,40.964958999749101],[-96.90469100000432,40.9647639999883],[-96.903905000181851,40.964483000053598],[-96.903121000009193,40.964139999730769],[-96.902402999958824,40.963760000305548],[-96.899366999725686,40.962002000330195],[-96.89862299973602,40.961582999741076],[-96.898025000234526,40.96127299971733],[-96.897790999882801,40.961162000059417],[-96.897102999969633,40.960837999898615],[-96.896398000338024,40.960542999949617],[-96.896150999567496,40.960439999806376],[-96.895107000002184,40.960060000106957],[-96.894269000301179,40.959789999758755],[-96.891607999986775,40.958993000193288],[-96.891397000099587,40.958930000232634],[-96.890380000298435,40.958625999663333],[-96.888242000040776,40.957985999672516],[-96.887867000122043,40.95788400024977],[-96.887381999700139,40.957770999714185],[-96.887031999895783,40.957701000191932],[-96.886642999733354,40.957634999779685],[-96.88610899980597,40.957563000179803],[-96.885605999840706,40.95751499972453],[-96.885100000400755,40.957486999951612],[-96.873142000139381,40.957061000051922],[-96.872743999756125,40.957057000154521],[-96.872260000057466,40.957066999897627],[-96.871841999582728,40.957089999979424],[-96.871445999747593,40.957123999761258],[-96.87094500033048,40.957183000199016],[-96.870589999604917,40.957237000047577],[-96.87023700032583,40.95730000026731],[-96.869888000346364,40.957373000123667],[-96.869541999841644,40.957454000325185],[-96.869200000433196,40.957545000097944],[-96.868863000149318,40.957645000113651],[-96.868496999553102,40.957764999932529],[-96.868041000341819,40.957932999719418],[-96.865678999778183,40.958896000024268],[-96.862700000344773,40.958893000184581],[-96.862688999575809,40.958063999922913],[-96.85632300028,40.958061000045419],[-96.855845000429113,40.958143000039037],[-96.85344199985758,40.958142000081104],[-96.853121000365519,40.958142000081104],[-96.853136000434134,40.953733000250793],[-96.85314200028192,40.952095999839734],[-96.853143999931746,40.951607000266165],[-96.853165999673038,40.944934999728581],[-96.833704999765828,40.944860000049943],[-96.814648999914539,40.94459399993297],[-96.814700999793089,40.937760999960247],[-96.814734000303375,40.930088000313688],[-96.814740999976038,40.926233999987709],[-96.814741999800958,40.925775999963932],[-96.814761000067548,40.915578999961838],[-96.805550000334307,40.915434999942036],[-96.795993999921279,40.915339000207105],[-96.79565199961452,40.915335999746439],[-96.795666999683121,40.915404000198421],[-96.795541000184755,40.928852999895042],[-96.795532999788819,40.929797000256023],[-96.786650999943575,40.929858999802022],[-96.779279999643862,40.930050999712755],[-96.777450000256081,40.93009899977298],[-96.777316000361779,40.930102000242158],[-96.774163999777684,40.930112999699112],[-96.772583999736867,40.930118000253749],[-96.770566999853003,40.930125000215199],[-96.770244999637725,40.930125999918744],[-96.758509999857452,40.930166000265245],[-96.749216000283539,40.929994999937826],[-96.743067999649313,40.929881999859603],[-96.739068000216804,40.929809000150811],[-96.739140000186822,40.915288999752519],[-96.729553999636551,40.915358000179857],[-96.729510000153951,40.922613999954343],[-96.719910000258267,40.922666999747648],[-96.719911000083201,40.922525999691338],[-96.719957000113951,40.915426999856287],[-96.708911999896657,40.915332000037139],[-96.700808000376256,40.915254000226426],[-96.691450000329937,40.915082000075017],[-96.687200999578764,40.915135999728726],[-96.686065999776844,40.915152999899689],[-96.685177999847141,40.915110000177542],[-96.681648999694517,40.915067999679913],[-96.681590000143288,40.923405999763602],[-96.681545999762349,40.929561000072759],[-96.681463999746583,40.937701999810265],[-96.681425000286836,40.944080999735156],[-96.681394000324701,40.949090999711714],[-96.681335999700082,40.958609999773088],[-96.700428000434655,40.958591999976733],[-96.700496000206712,40.973148999775674],[-96.709268000447125,40.973178000094919],[-96.719559999555585,40.973190999976673],[-96.726770000196822,40.973195999982657],[-96.738567999726286,40.973203000126063],[-96.746544999923387,40.973208000131145],[-96.746575000060631,40.973281000026589],[-96.746625000289342,40.973442000216636],[-96.746632999786939,40.97348299982729],[-96.746640000357957,40.973647000050022],[-96.746661000274358,40.973810999865016],[-96.746688000038532,40.973933000248749],[-96.746703000107146,40.974180000162477],[-96.74673099969624,40.974301000150668],[-96.746774000252259,40.974421000205638],[-96.746811999887086,40.974498000312479],[-96.746837000001449,40.97453400004089],[-96.74687399981137,40.974566000235214],[-96.746918000192309,40.974589000322858],[-96.747020000299557,40.974618999717414],[-96.747175000110246,40.97465599976583],[-96.747274999669358,40.974689000286396],[-96.747365000081047,40.97473399998313],[-96.747446000271907,40.974789000098347],[-96.747483000081829,40.974821000168923],[-96.747513000219044,40.974855000311678],[-96.747534000135445,40.97489200022774],[-96.747551999678791,40.974974000334257],[-96.747551999678791,40.975056000338896],[-96.747540999808152,40.975138000241557],[-96.747539999983232,40.975262000281283],[-96.747493999952482,40.975464999815856],[-96.747487000279776,40.975539000299328],[-96.747495999602293,40.975670000145115],[-96.747508000196177,40.975710000035882],[-96.747529000112579,40.975749000211181],[-96.747560000074728,40.975782999875641],[-96.747601000082597,40.975808000276025],[-96.747705999664589,40.975833999678599],[-96.747813999619609,40.975841999910081],[-96.747868999871187,40.975841000220321],[-96.748027000054961,40.97581399977387],[-96.748135999834901,40.97580499984867],[-96.748190000261559,40.975806999907512],[-96.748243999789935,40.97581399977387],[-96.748294999843552,40.975826000124378],[-96.748392999752852,40.975863000174009],[-96.748437000133791,40.975887999865847],[-96.748543000438985,40.975981000047078],[-96.748665999564324,40.976061999791753],[-96.748884999847434,40.976184000081915],[-96.748950999969679,40.976248999894217],[-96.74898299975672,40.976287000067849],[-96.749067000320622,40.976389000211483],[-96.749084999863982,40.976427000304462],[-96.749113000351372,40.976548999919586],[-96.749115000001197,40.976673000019879],[-96.749096999559541,40.976710999949255],[-96.749055999551658,40.976738999704729],[-96.749003999673121,40.976811000087167],[-96.748986000129776,40.976850000289758],[-96.74898299975672,40.976890000143172],[-96.749034999635271,40.977008000213708],[-96.749057000274888,40.977089000053773],[-96.749063000122661,40.977130000110726],[-96.749051000427116,40.977294999751493],[-96.749058999924699,40.977333999667877],[-96.749104000130558,40.977410000099617],[-96.749233999826899,40.977590999757872],[-96.749366000071376,40.977722000276096],[-96.749403999706217,40.977750999941485],[-96.749498000315853,40.977792999925384],[-96.7496439999057,40.977846999865399],[-96.749694999959345,40.977862000179947],[-96.749908000394683,40.977896000111762],[-96.750016000349703,40.977904000093169],[-96.750069000053159,40.977894999774911],[-96.750177000008179,40.977890999783789],[-96.75029400018407,40.977892000120697],[-96.750450999644585,40.977926999695221],[-96.750498000398551,40.977947999973587],[-96.750541999881165,40.977973999889123],[-96.75057500039145,40.978005000114074],[-96.750618000049158,40.978125999868368],[-96.750627000269986,40.978166000304441],[-96.75062499972185,40.978206999691999],[-96.750602000155624,40.978288000094309],[-96.750585000437198,40.978327000101849],[-96.750531999835431,40.978399999758324],[-96.75051099991903,40.978436999720607],[-96.750503000421432,40.97847800029605],[-96.750504000246337,40.978519000167871],[-96.750522999614603,40.978600000187058],[-96.750558999599605,40.978677999810088],[-96.75063599959249,40.978786999876569],[-96.751217000273869,40.979763000321306],[-96.751299000289634,40.979915999875097],[-96.751324000403997,40.979952000037713],[-96.751355000366132,40.979986000248552],[-96.751393000000959,40.980015999901468],[-96.751435999658668,40.98004199967999],[-96.751481999689418,40.980062000337377],[-96.751746000178372,40.98011599977616],[-96.7518530003085,40.980129000325164],[-96.751906999836876,40.980126000094394],[-96.75238899988571,40.980055000243617],[-96.752548999719281,40.980042999984278],[-96.752603999970873,40.980050999705298],[-96.752655999849395,40.980066000196857],[-96.752701000055225,40.980088000097773],[-96.752737999865161,40.980119000007427],[-96.752767000177485,40.980155000059192],[-96.752804999812312,40.980230999953292],[-96.752864000261866,40.980390999836693],[-96.752871999759464,40.980431999875719],[-96.752874000307614,40.980472999889273],[-96.752866999736582,40.980513999877331],[-96.752850999843076,40.980552999925024],[-96.752746000261084,40.980648000222942],[-96.752619000039473,40.980784999819107],[-96.752609999818645,40.980823000092293],[-96.752618000214568,40.980861999957327],[-96.752666999720049,40.980982999895943],[-96.752778999873044,40.981129000030769],[-96.753008000201916,40.981243999797996],[-96.753087999669532,40.981295999733064],[-96.753118999631667,40.981329000322653],[-96.753217000439264,40.981522999673629],[-96.753240000005491,40.98160400007275],[-96.753241999655316,40.981645000035911],[-96.753234000157704,40.981687000252904],[-96.753209999868261,40.981723000126991],[-96.75290799974448,40.982015999784338],[-96.752851999667982,40.982084999690173],[-96.752830999751581,40.982124000165193],[-96.752807000360463,40.982204000232869],[-96.752797000314715,40.98228700033615],[-96.752802000337581,40.98236900006593],[-96.75281499985806,40.982408999963305],[-96.752896999873826,40.982562000160627],[-96.752948999752348,40.982634000290254],[-96.75305300040776,40.982729999888697],[-96.753176000431395,40.982813000008171],[-96.753221999563834,40.98283400008718],[-96.753271999792545,40.982845999838723],[-96.753325000394312,40.982852000052695],[-96.753435999824077,40.982853000314364],[-96.753654000282268,40.982863999800955],[-96.753761000412396,40.982857000004579],[-96.753922000070887,40.982832000241409],[-96.754024000178148,40.982806000206381],[-96.75407400040686,40.982786999965612],[-96.754163000095303,40.98273999981059],[-96.75419900008032,40.982710000040413],[-96.754287999768778,40.982606000324552],[-96.7543880002262,40.982508000011855],[-96.754430999883922,40.982481000259959],[-96.754481000112619,40.982466999907018],[-96.754538000014037,40.98246600031765],[-96.754584000044787,40.982483000116382],[-96.754625999877575,40.982511000134309],[-96.754816999673295,40.982659000128486],[-96.75487799977266,40.982726999776204],[-96.754900000412277,40.982765000286797],[-96.754929999651196,40.982845000255047],[-96.754933999849158,40.982884999863721],[-96.754932000199332,40.983009000259621],[-96.754941000420175,40.983050000027511],[-96.7549580001386,40.983090999769871],[-96.75498599972768,40.983124999718861],[-96.755026999735577,40.983151000306272],[-96.755122999995038,40.983193000242402],[-96.755220999904338,40.98322799971664],[-96.755326000384628,40.983251000174782],[-96.755432999616445,40.98326200027315],[-96.755595999823043,40.983264000105834],[-96.755922000236296,40.98324600025277],[-96.756138999971284,40.98323800024113],[-96.756193000397943,40.983243000163746],[-96.756297000155016,40.983269000026489],[-96.756344999835591,40.983288000128397],[-96.756441999919971,40.983336000147226],[-96.756472999882106,40.983366999886528],[-96.756482999927854,40.983405000028363],[-96.756482999927854,40.98344699980268],[-96.756472999882106,40.983491000054315],[-96.756456999988586,40.983532000200654],[-96.756432999699129,40.983565999922291],[-96.756393000414505,40.98359499973084],[-96.75629600033011,40.983637000062316],[-96.756140999621095,40.983678000117941],[-96.756047999734676,40.983720999966913],[-96.756005000076982,40.983747999889303],[-96.755969999916857,40.983779000113081],[-96.755943999977617,40.983813999954471],[-96.755924999711027,40.983851999838699],[-96.755816999755993,40.984129999967706],[-96.755760999679509,40.984289999886272],[-96.755754000006803,40.984373000076765],[-96.755760999679509,40.984413999674835],[-96.755783000319113,40.984451000332186],[-96.75582400032701,40.984480999988556],[-96.75587399965741,40.984493999677149],[-96.755928000084069,40.98449900018268],[-96.755984999985486,40.98449900018268],[-96.756039000412159,40.984493000118505],[-96.756087999917654,40.984479000192714],[-96.756133999948403,40.984457999959382],[-96.756431999874238,40.984274000115299],[-96.756478999729907,40.984255000297502],[-96.75653200033166,40.984243000124195],[-96.756585999860022,40.984237000036778],[-96.756693999815042,40.984235000233546],[-96.756911000448355,40.984249000211129],[-96.757072000106831,40.984269999832875],[-96.757226000092629,40.984309999933558],[-96.757796999829921,40.984444000026116],[-96.757898999937169,40.984477999955708],[-96.757941999594877,40.984502000214569],[-96.757975000105162,40.984534000320096],[-96.757997999671375,40.984574999818015],[-96.758002999694241,40.984615999968575],[-96.757991999823574,40.984654000068865],[-96.757948000340974,40.984730999758753],[-96.757892000264476,40.984803000232858],[-96.757857999929271,40.984835000192327],[-96.757628999600414,40.98501299981055],[-96.757565999851224,40.985078999965943],[-96.757491000406475,40.985188000303992],[-96.757315999605993,40.985490999668833],[-96.757283999818938,40.985568999958161],[-96.757251000206978,40.985731999751913],[-96.757221999894654,40.98581399994513],[-96.757224000442804,40.985853999787373],[-96.757240000336324,40.98589199985242],[-96.757337000420705,40.986040999931667],[-96.757379000253493,40.98611699982429],[-96.757395000147014,40.986199000216892],[-96.757407999667493,40.986238000293419],[-96.757518000170663,40.986471000061343],[-96.757625000300777,40.986747999796968],[-96.757723000210078,40.986983999716145],[-96.75774699960121,40.987020000089309],[-96.757786999784187,40.987065999708747],[-96.757806999875669,40.987089000184547],[-96.757914000005798,40.987182000169135],[-96.757997999671375,40.987234999686059],[-96.758108000174545,40.987325999755249],[-96.75825399976442,40.987424999881597],[-96.758292000297544,40.987441000244253],[-96.758305999642957,40.98742600007391],[-96.758305999642957,40.9873999998158],[-96.758263999810168,40.987262999720699],[-96.758114000022317,40.986858999812455],[-96.75807600038749,40.986737999804696],[-96.758072000189529,40.986697000295322],[-96.75807600038749,40.986657000286314],[-96.758109999824356,40.986577999722613],[-96.758160000053081,40.986504000095778],[-96.758206999908751,40.986482999829171],[-96.758261000335409,40.986469000325854],[-96.758314999863771,40.98646500017658],[-96.758364000267576,40.986475000210255],[-96.758412999773071,40.986492999860111],[-96.758505999659477,40.986540000052877],[-96.75885399981405,40.986737999804696],[-96.758900999669692,40.986757000263339],[-96.758955999921284,40.986761999919167],[-96.759011000172876,40.986761999919167],[-96.759064999701238,40.986757000263339],[-96.759115999754854,40.986744999867263],[-96.759165000158646,40.986727000286187],[-96.759397999787154,40.986618999984039],[-96.759448999840785,40.986607000240959],[-96.759503000267443,40.986600999690459],[-96.75955900034397,40.986600999690459],[-96.75966700029899,40.986614999843916],[-96.759719000177512,40.986630000198737],[-96.75976400038337,40.986650999740419],[-96.759796000170425,40.986683000159331],[-96.759869999790254,40.986796000009853],[-96.759959000377037,40.986946999801887],[-96.759986999966145,40.986981999996217],[-96.760026000324189,40.987013000055995],[-96.760075999654589,40.987024000204919],[-96.760130000081261,40.987027000121927],[-96.760233999838334,40.987025999923567],[-96.759366000000114,40.98748799976137],[-96.75915000009006,40.987595999996415],[-96.758817999829034,40.987715000088222],[-96.758607999766738,40.987767999854853],[-96.758201000060964,40.987821999765188],[-96.757914999830689,40.987829999898807],[-96.757579000270027,40.987796999849849],[-96.757242999811055,40.987734999774872],[-96.756845000326095,40.987690000132318],[-96.75552399985304,40.987698000282002],[-96.753229999959757,40.987709999826549],[-96.752126000119972,40.987716999785931],[-96.74843100028599,40.987737000150076],[-96.742043000350563,40.98771999967142],[-96.738796000230238,40.987712000202514],[-96.73788800020904,40.987709000316656],[-96.736185000144545,40.987701999678372],[-96.735897000264458,40.98770100016835],[-96.729900999966191,40.987679000094502],[-96.72928400019812,40.987676999717536],[-96.729243000190237,41.002206000072505],[-96.719792000257513,41.002198000327404],[-96.719783000036671,41.001346000220543],[-96.719772000166017,41.000311000103409],[-96.71976100029535,40.999203999741049],[-96.719732999807974,40.996484000123274],[-96.719682999579234,40.99155000027546],[-96.719680999929409,40.991322000134936],[-96.717356000074005,40.99132800025582],[-96.700583000245359,40.991478999840382],[-96.700599999963799,40.994753999757016],[-96.700600999788691,40.995063999771382],[-96.700603000336841,40.995537000326202],[-96.700631999750854,41.0011990001193],[-96.700637999598626,41.002442000251627],[-96.700637999598626,41.00287299981111],[-96.700651999842336,41.016502000226296],[-96.700651999842336,41.016879999963841],[-96.706491999606683,41.016845000054154],[-96.70958499974121,41.016826999880358],[-96.713806999829885,41.016794000113762],[-96.714133000243123,41.016791000195802],[-96.71982999989234,41.016745000306599],[-96.719850999808727,41.020147000160165],[-96.71987599992309,41.024263000121771],[-96.719863000402626,41.031324999808625],[-96.738648000092226,41.031208999785306],[-96.738698000320937,41.027464999976765],[-96.738841000436082,41.016714999742682],[-96.738841000436082,41.015847000013707],[-96.738841000436082,41.01463700009495],[-96.738842000261002,41.00957399972264],[-96.738672000381683,41.002212999848673],[-96.742368000040571,41.002229000012228],[-96.745338999976369,41.002241000301801],[-96.748421000240242,41.002253999878647],[-96.757997999671375,41.002212999848673],[-96.759298000228057,41.00221799968832],[-96.76571999960035,41.002243000236874],[-96.767624000404624,41.002250000009113],[-96.768474999626093,41.002252999911285],[-96.776995999796327,41.002286000181918],[-96.776967000382328,41.009647000036324],[-96.777027999583368,41.016789000024445],[-96.787026999687214,41.016818999876854],[-96.793489999965701,41.01681500021364],[-96.79396000031899,41.01681500021364],[-96.795597000261239,41.016813999789427],[-96.798806999673332,41.016845000054154],[-96.80121400044284,41.016869000052367],[-96.805414999716774,41.016909999774803],[-96.807506000118792,41.016930999837705],[-96.807508999593523,41.017185000229389],[-96.807496000073058,41.01726699993327],[-96.807464000286004,41.017388000161141],[-96.80737100039957,41.017624999924323],[-96.807295000231591,41.017865000059565],[-96.807266999744201,41.018027999977512],[-96.807239999980027,41.018316000306157],[-96.807239999980027,41.018521999980557],[-96.807254000223722,41.018603000334124],[-96.807352000133008,41.018965999766266],[-96.807409999859331,41.019125000147802],[-96.807588000134558,41.019425000295591],[-96.807661999754401,41.01953499980408],[-96.807866999793816,41.019778000217528],[-96.807967000251253,41.019923999839548],[-96.808009999908961,41.019999999978921],[-96.808055999939697,41.020118000164246],[-96.808072999658151,41.020200000283367],[-96.808060999962564,41.020238999899242],[-96.808036999673135,41.020276999798128],[-96.808023000327736,41.020316000046179],[-96.807983999969679,41.020520999875245],[-96.807987000342735,41.020560999668312],[-96.807999000038308,41.020601999803773],[-96.808036999673135,41.020679000204048],[-96.808088999551657,41.020751000048023],[-96.808154999673917,41.020816999666451],[-96.808277999697566,41.020897999908676],[-96.808459000345835,41.020989000271214],[-96.808589999867081,41.021062999817893],[-96.808682999753515,41.021104999999856],[-96.808898999663583,41.021230999707392],[-96.808969999808681,41.02129300013123],[-96.809127000167521,41.021459999758179],[-96.809264000434865,41.021638000111849],[-96.809283999628022,41.021677000231691],[-96.809390999758151,41.021996000066956],[-96.809416999697433,41.022201000088927],[-96.809415000047608,41.022283000325636],[-96.809379999887511,41.022444999815569],[-96.809507000109107,41.022452999813517],[-96.809559999812564,41.022450999814097],[-96.809610999866194,41.022438999816444],[-96.80965900044508,41.02241699981505],[-96.809702000102789,41.022392000143441],[-96.809856999913478,41.02227599997056],[-96.809928000058591,41.022213999794396],[-96.810046000059373,41.022075999870445],[-96.810217999588502,41.021912000134868],[-96.810260000319616,41.021893999990233],[-96.810370999749367,41.021908999772194],[-96.810426000000973,41.021908999772194],[-96.810477999879495,41.021900000038961],[-96.810523999910245,41.021877999857566],[-96.810604000276186,41.021820999692153],[-96.81066799985031,41.021754999724365],[-96.810714999705965,41.02167999992713],[-96.810749000041142,41.021648999904656],[-96.811002999586066,41.021488999840976],[-96.811051000164952,41.021469999904994],[-96.811099999670432,41.021475999992397],[-96.811149000074238,41.021498000308121],[-96.811238999587616,41.021548000320571],[-96.811284999618366,41.021567999908306],[-96.811338000220118,41.021573999986728],[-96.811392999573386,41.021567999908306],[-96.811442999802111,41.021553000048634],[-96.811585999917241,41.021490999869556],[-96.811636000145953,41.021476999668039],[-96.811689999674314,41.021471000258487],[-96.811744999925892,41.021469999904994],[-96.811852999880941,41.021475999992397],[-96.811908999957424,41.021473000287614],[-96.811960999835961,41.021478999696988],[-96.812056000270516,41.021519999938747],[-96.812259999586701,41.021586000142037],[-96.812307000340695,41.021580000064652],[-96.812350999823323,41.021553999723103],[-96.812389000356461,41.021521000291422],[-96.812416000120635,41.021486000136782],[-96.812457999953423,41.021366000336798],[-96.812461000326465,41.021324999999166],[-96.812437000037036,41.021160999749043],[-96.812415000295715,41.021079999830221],[-96.812359000219232,41.020964000057496],[-96.812313000188468,41.020846000032371],[-96.812305999617465,41.020805000048796],[-96.812307000340695,41.020762999675519],[-96.812322000409296,41.020723999692159],[-96.812348000348564,41.020686000051164],[-96.812385999983405,41.020660000034461],[-96.812438999686862,41.020647000022251],[-96.812600000243648,41.020623999733687],[-96.813143000391861,41.020603999859297],[-96.813249999623679,41.020590000146953],[-96.813352999555832,41.020562999725122],[-96.813395000286945,41.020538000027472],[-96.813531999655979,41.020408999918757],[-96.813658999877589,41.020274999732671],[-96.813711999581031,41.020203000046124],[-96.813730999847621,41.020163999731217],[-96.81375599996197,41.020127999837108],[-96.813870999589696,41.020040999785834],[-96.813940999909889,41.019977000142184],[-96.813988999590478,41.0199500001468],[-96.814951000038334,41.022024999913775],[-96.814949000388509,41.021766999846641],[-96.814986000198445,41.021236000137293],[-96.814992999871123,41.021141000037723],[-96.815027000206314,41.01958999982832],[-96.815068000214211,41.019577999987163],[-96.815173999621095,41.019561999969589],[-96.815345000223644,41.01954500024322],[-96.815508000430256,41.019548999740671],[-96.815670999738558,41.019557999795161],[-96.815724000340325,41.01956600014379],[-96.815775000393955,41.019580000073788],[-96.815868000280361,41.019623000227504],[-96.816116999802404,41.019781999700825],[-96.816182999924635,41.019848000290203],[-96.816311999796085,41.020029000026796],[-96.816351999979048,41.020055000292651],[-96.816543999599659,41.020136000116494],[-96.816758999684822,41.020163000035645],[-96.816812000286575,41.02015899989771],[-96.816915000218728,41.02012999990702],[-96.816962999899317,41.020111000256769],[-96.817007000280242,41.020087000084345],[-96.817126000105944,41.02000200005272],[-96.817212000319671,41.019952000222112],[-96.817309000404052,41.019914999835073],[-96.817622000398472,41.019837999897106],[-96.817672999553793,41.01983500011773],[-96.817721000132678,41.019853000147322],[-96.81785400020209,41.019927999991758],[-96.817901000057731,41.019948000071359],[-96.818061999716235,41.019972000294487],[-96.818166000371605,41.020000999676967],[-96.818210999679152,41.020022999807637],[-96.818233000318756,41.020058000061958],[-96.818255000060077,41.020140999951749],[-96.818303999565558,41.0202600002563],[-96.818336000250923,41.020291999948398],[-96.818378000083712,41.0203189998036],[-96.818424000114476,41.020340999828036],[-96.818528999696454,41.020364000215437],[-96.818573999902313,41.020386999917037],[-96.818615999735101,41.020415000102815],[-96.818649000245372,41.02044699971961],[-96.818666999788718,41.020485000176265],[-96.818681000032427,41.020610000025584],[-96.818703999598654,41.020646000334011],[-96.818737999933816,41.020679999891797],[-96.818777000291888,41.020707999953018],[-96.818925000429886,41.020761999989034],[-96.818975999585206,41.020774999978549],[-96.819084000438565,41.020787000279377],[-96.819192000393585,41.020792000065214],[-96.819404000105692,41.020831000008258],[-96.819457999634039,41.020828999959633],[-96.819563999939263,41.020809000147494],[-96.819768999978677,41.020755000150011],[-96.819913999743633,41.020699000055664],[-96.820199999973909,41.020577999810214],[-96.820251000027511,41.020566000149067],[-96.820307000104023,41.020566000149067],[-96.82035800015764,41.020577999810214],[-96.82040400018839,41.020601000114851],[-96.820444000371367,41.020631000264352],[-96.820472999785366,41.020664999829933],[-96.820487000029075,41.020748000310277],[-96.820493999701768,41.02083000032281],[-96.820521000364266,41.020951999788913],[-96.82053499970965,41.020991999997989],[-96.820564000021974,41.021026000054917],[-96.820637999641818,41.021087000312427],[-96.820938999940694,41.021263999962088],[-96.821015999933593,41.021322000287562],[-96.82105000026877,41.021354000141457],[-96.821078999682783,41.021388999688483],[-96.821215000125207,41.021613999818044],[-96.821275000399666,41.021683999972687],[-96.821312000209602,41.02171299995684],[-96.821359000065257,41.021733999843981],[-96.821412999593605,41.021745000298516],[-96.821466000195372,41.02174300027761],[-96.821621000006076,41.021700999824731],[-96.821668999686651,41.021681999949962],[-96.822015000191385,41.021482999754753],[-96.822135999666898,41.021400000200657],[-96.822243999621918,41.021308000050077],[-96.82232800018582,41.021253999783994],[-96.822421000072254,41.021211999696995],[-96.822471000300951,41.021196000076408],[-96.822578000431079,41.021179000094008],[-96.822631999959441,41.021175000017735],[-96.822686000386128,41.021177999736082],[-96.822790999968106,41.021200000151353],[-96.82319799967388,41.021314999830331],[-96.823251000275619,41.021324999999166],[-96.823359000230667,41.021331999777622],[-96.823575999965655,41.02133500016653],[-96.823738000347362,41.021316999864204],[-96.823790000225898,41.021306999694154],[-96.823888000135184,41.021270999747031],[-96.823945000036602,41.021263999962088],[-96.823996999915124,41.021272000103494],[-96.82403299990014,41.02129999991304],[-96.824088000151733,41.021373999788047],[-96.824176999840176,41.02156900026025],[-96.824201000129648,41.021605999718183],[-96.824335999848842,41.021737000214571],[-96.824374000381979,41.021764999826438],[-96.824422999887489,41.021780999986561],[-96.824478000139067,41.021787999716501],[-96.824641000345693,41.02179100008464],[-96.824856000430827,41.02181300029514],[-96.824909999959203,41.02182200004026],[-96.82496100001282,41.021836000168491],[-96.825010000416626,41.02185499999888],[-96.825054999724159,41.021877999857566],[-96.825089999884256,41.02190800010316],[-96.825118000371674,41.021943999702046],[-96.825140000112967,41.021981999972731],[-96.825155000181581,41.022022000234003],[-96.825164000402424,41.022063000137734],[-96.825161000029354,41.022144999868566],[-96.825145000135848,41.02222700017505],[-96.825109999975737,41.0223049996941],[-96.825074999815641,41.022432000155696],[-96.825070999617679,41.022470999805371],[-96.825108000325912,41.022480000138323],[-96.825170000250196,41.022464999808612],[-96.825212000082985,41.022438999816444],[-96.82524600041819,41.022404000149649],[-96.825284999877923,41.022378000133408],[-96.825337999581379,41.022370000126344],[-96.825393999657877,41.022376999793735],[-96.825443999886573,41.022394000144651],[-96.825488000267512,41.02242099981585],[-96.825515999856606,41.022452999813517],[-96.825523000427623,41.022494999786822],[-96.825520000054567,41.02253699973334],[-96.825499000138166,41.022617999893455],[-96.825484000069551,41.022700000288758],[-96.825395000381093,41.022850000185635],[-96.825362999695727,41.022930000307205],[-96.825366000068769,41.022969999992654],[-96.825386999985156,41.02300900000148],[-96.825418999772211,41.023042000043027],[-96.82546300015315,41.023067000145645],[-96.825513000381875,41.023084999969683],[-96.825565000260411,41.023094000218727],[-96.825621000336909,41.02309299988989],[-96.825674000040351,41.023086999949854],[-96.825777999797424,41.023061000203235],[-96.82582700020123,41.023042999694894],[-96.825915000064782,41.022993999792305],[-96.826062000377874,41.022872999696787],[-96.826141000020584,41.02276299966352],[-96.826247000325793,41.02257299966621],[-96.826272000440156,41.022536000073785],[-96.826308000425158,41.022506999774265],[-96.826448999992166,41.022442999815908],[-96.826547999726358,41.02240899981274],[-96.82675799978864,41.022364999782603],[-96.826864999918769,41.022352999769232],[-96.826919000345427,41.02235400010931],[-96.827187999958952,41.022390000142217],[-96.827239000012582,41.022404000149649],[-96.827286999693158,41.022422999816179],[-96.827331999898988,41.022446000154261],[-96.827408999891901,41.022504999776537],[-96.827471999641091,41.022572000007202],[-96.827521999869802,41.022645000150604],[-96.827593999839806,41.022799999806153],[-96.827675000030666,41.023040000061542],[-96.827740000328006,41.023364999987535],[-96.827763999719124,41.02344599980696],[-96.8277829999857,41.02348399988874],[-96.827839999887118,41.023554000088993],[-96.827930000298792,41.023704000073977],[-96.828030999682809,41.023849999803495],[-96.82805099977432,41.023888000329848],[-96.828107999675723,41.02395800010067],[-96.828217000353987,41.024051000252364],[-96.828259000186776,41.024075999971963],[-96.828307999692257,41.024094000197898],[-96.828361000294024,41.024105000258302],[-96.828414999822385,41.024109000156571],[-96.828687999633857,41.024115000003505],[-96.828738999687488,41.024126000060399],[-96.828786000441454,41.024146999855795],[-96.828828000274257,41.024174000163782],[-96.828894000396502,41.02423999974053],[-96.828933999681155,41.024267000010447],[-96.829025999742669,41.024311999757906],[-96.829111999956382,41.024361999667164],[-96.829163000010013,41.024373999992157],[-96.829490000248157,41.024383000064994],[-96.829598000203177,41.024377999874083],[-96.829652999556458,41.024379999814933],[-96.829758999861681,41.024397999957841],[-96.829809000090393,41.024414000156007],[-96.829898999603756,41.024460999741422],[-96.829984999817484,41.02451300015214],[-96.830031999673139,41.024529999951675],[-96.830250000131358,41.024537999696342],[-96.830410999789834,41.024520000269433],[-96.830625000050077,41.024482000107717],[-96.830678999578424,41.024476000294229],[-96.83072799998223,41.024489000228314],[-96.830772000363169,41.024515000088883],[-96.83080999999801,41.024544999810985],[-96.83083900031032,41.024579999695362],[-96.830883999617839,41.024655999883784],[-96.830969999831566,41.024851000126404],[-96.830991999572888,41.024932000151274],[-96.830990999747968,41.024973000276503],[-96.830974999854433,41.025011999776837],[-96.830946000440449,41.025049000011315],[-96.830908999732202,41.025077000248203],[-96.830723999784283,41.025166999960831],[-96.830685000324522,41.025195000147555],[-96.83065299963917,41.025227999771424],[-96.83060300030877,41.025301999976833],[-96.830588000240141,41.025342000254724],[-96.830588000240141,41.025381999830671],[-96.83061900020229,41.025503999674697],[-96.83062099985213,41.025545000121504],[-96.830604999958581,41.025627000260798],[-96.830501000201522,41.025817000257319],[-96.830471999889198,41.025895999876909],[-96.830464000391601,41.025937000079658],[-96.83046199984345,41.025978000256828],[-96.83047899956189,41.026059999856969],[-96.830544999684136,41.026260000056723],[-96.830563000125792,41.026299000150274],[-96.830590999714886,41.026333000178269],[-96.830700000393136,41.026425999686673],[-96.831039000326868,41.026693000234481],[-96.831071999938828,41.026725000189415],[-96.831169000023209,41.026872999863379],[-96.83118699956654,41.026912000271587],[-96.831198000335519,41.026952000249224],[-96.831216999703784,41.026990999932927],[-96.831244000366269,41.027032000131555],[-96.831277999803163,41.027063000330912],[-96.831323000008993,41.02706700004952],[-96.831377000435651,41.027045999829923],[-96.83142000009336,41.027020000290925],[-96.831553999987662,41.026887999866716],[-96.831594000170639,41.026862999859283],[-96.831646000049176,41.026847999850254],[-96.831699999577538,41.026842999846473],[-96.831861999959244,41.026862000265396],[-96.831916000385931,41.026864999724665],[-96.832077999869313,41.026849999716099],[-96.832188000372483,41.026850999987865],[-96.832239000426114,41.026862000265396],[-96.832283999733633,41.026884999730797],[-96.832363000274654,41.026942999849744],[-96.832492999970995,41.027075000163691],[-96.832514999712316,41.027111999916741],[-96.832530999605837,41.027194000137825],[-96.832532000329067,41.027235000210041],[-96.832484999575087,41.027479999845234],[-96.832476000252569,41.027562000285698],[-96.832482999925261,41.027643999946392],[-96.83249499962082,41.027684000157066],[-96.832538000176854,41.027760000151503],[-96.832614000344833,41.027868999714009],[-96.832819000384248,41.028111999873481],[-96.83288799998121,41.028175999743965],[-96.832925999616052,41.028205000257763],[-96.832969000172085,41.028229999755737],[-96.833482000183054,41.028463000177162],[-96.83353400006159,41.028474999754813],[-96.833642000016638,41.028485999761045],[-96.83402299978313,41.028491000317764],[-96.834046000247668,41.0284930001337],[-96.834047000072587,41.017085000320172],[-96.834047999897493,41.014108999881927],[-96.834052000095454,41.002531999706655],[-96.834216000126972,41.002530999743506],[-96.83799299997672,41.002524999964365],[-96.844925999710199,41.002515000331222],[-96.849396000394307,41.002507999909184],[-96.85314099955869,41.002502000127947],[-96.853145999581557,41.010890999960473],[-96.853148999954598,41.01703500030861],[-96.863124999593893,41.016980999928194],[-96.864811999764854,41.016983999837514],[-96.872515000325592,41.016994999729846],[-96.88711800010951,41.016917999767308],[-96.891520999948142,41.016895000209935],[-96.891440999582187,41.005857999923528],[-96.891439999757296,41.005812999770747],[-96.891440999582187,41.005768000265206],[-96.891414999642933,41.002271999966396],[-96.892450999710647,41.002328000132728],[-96.893787000252331,41.002384000251425],[-96.893921999971539,41.002386000182156],[-96.895502999837291,41.002407000129026],[-96.898185000068096,41.002405000198976],[-96.903972999953908,41.002401000338601],[-96.905049000204599,41.002398999730417],[-96.910733000333337,41.002391000008735],[-96.910733000333337,41.002515000331222],[-96.910748000401938,41.007403999975438],[-96.910754000249725,41.009385000178199],[-96.910754000249725,41.009520000004962],[-96.910776999815937,41.016890999873532],[-96.916302999760944,41.01685800013901],[-96.916648000440745,41.016856999715451],[-96.917639000302628,41.016860000308213],[-96.918282999834872,41.016864999714386],[-96.91891999969441,41.016871000221244],[-96.919765999791338,41.016855999969685],[-96.920192999588593,41.016861000053922],[-96.920664999591693,41.016866999883376],[-96.921094999762005,41.016866999883376],[-96.920994000377988,41.015612000160878],[-96.921073999845618,41.013624000184763],[-96.921350000030131,41.006167999914759],[-96.921442000091645,41.00247199985764],[-96.929810999925905,41.0024470000739],[-96.929814000298961,41.001876000289492],[-96.929806999727944,41.000325000057565],[-96.929825000169615,40.999652000254464],[-96.929832999667227,40.99838199968768],[-96.929820000146734,40.997774000001066],[-96.929820000146734,40.997473000208416],[-96.929820000146734,40.997426999713582],[-96.929835000215363,40.996926999899046],[-96.929837999690079,40.99646200026806],[-96.929830000192496,40.99579099979983],[-96.929836000040268,40.995154999883752]]]},"properties":{"AREALAND":148091894,"AREAWATER":7468330,"BASENAME":"68428","CENTLAT":"+40.9724742","CENTLON":"-096.7962556","FUNCSTAT":"S","GEOID":"68428","HU100":622,"INTPTLAT":"+40.9660926","INTPTLON":"-096.8052157","LSADC":"Z5","MTFCC":"G6350","NAME":"ZCTA5 68428","OBJECTID":26375,"OID":"221704258328040","POP100":1570,"ZCTA5":"68428","ZCTA5CC":"B5"}},{"type":"Feature","id":30672,"geometry":{"type":"Polygon","coordinates":[[[-96.808512000049276,40.770308000294357],[-96.808857999655686,40.770187999819704],[-96.796607000389699,40.770120999964988],[-96.796614999887296,40.767899000315879],[-96.794540000277138,40.767970000137502],[-96.792280999645612,40.768030000023437],[-96.790428999618214,40.768077999893208],[-96.784015999568439,40.76829799998648],[-96.783129000361953,40.768366999850258],[-96.782445999573341,40.768444999905775],[-96.781497000442556,40.768593999705018],[-96.780310999688723,40.768777999950359],[-96.777713999846711,40.769152000158101],[-96.773623000177608,40.76974500027837],[-96.768857999940721,40.770451000231162],[-96.766657999758792,40.77078399974755],[-96.766123000006488,40.770890000236363],[-96.765664000422177,40.770986999957877],[-96.764895000318148,40.771166000061108],[-96.762255999745065,40.771880000307831],[-96.760611000305204,40.772334999777328],[-96.759520999810817,40.77265200007502],[-96.758560000086177,40.772923999914568],[-96.756862000044549,40.773375000276012],[-96.756790999899437,40.773225000279865],[-96.756707000233845,40.773098000068302],[-96.75642400037664,40.772976999833688],[-96.756373000322995,40.772963000000367],[-96.756267000017786,40.772942999941762],[-96.756214000314344,40.772938999793261],[-96.756104999636079,40.772941999904667],[-96.755888999726011,40.772963000000367],[-96.755837999672394,40.772974999760493],[-96.75574300013615,40.773012999780327],[-96.755606999693711,40.773083000225448],[-96.755476000172465,40.773157000052123],[-96.755385999760776,40.773202000200655],[-96.75528700002657,40.7732339998946],[-96.755128999842825,40.773267000285699],[-96.755021999712696,40.773276999926864],[-96.754425999861041,40.773289999662154],[-96.754209000126068,40.77328600021486],[-96.754047999569266,40.773270999734194],[-96.753838000405281,40.773226000312711],[-96.753785999628448,40.773221000148347],[-96.753732000100086,40.773222000181249],[-96.753677999673414,40.773229999763622],[-96.753572000266516,40.773253999865609],[-96.753522000037805,40.773274999862707],[-96.753500000296484,40.773308000233399],[-96.753497999748348,40.773393000143969],[-96.753484000402977,40.773432999984195],[-96.753390999618233,40.773627000024206],[-96.753383000120621,40.773666999723552],[-96.753383000120621,40.773708000104719],[-96.753377000272849,40.773748999780267],[-96.753344999587469,40.773827999664519],[-96.753337999914791,40.773868999946316],[-96.753322000021257,40.773907000135083],[-96.753176000431395,40.774030000078042],[-96.753128999677401,40.774052999870669],[-96.753101999913227,40.774121999880968],[-96.752819000056022,40.7742480001586],[-96.752721999971627,40.774279000012115],[-96.752666999720049,40.774276999978113],[-96.752610999643551,40.774266999807217],[-96.752558999765029,40.774269999858639],[-96.752515000282401,40.774290000198036],[-96.752432000441743,40.7743479997877],[-96.752264000212236,40.77445400003301],[-96.752218000181486,40.774474000317014],[-96.752117999724049,40.7745040000515],[-96.751748999653103,40.774576000311313],[-96.751642000421299,40.774584999743041],[-96.751587999994641,40.774581999705838],[-96.751481999689418,40.774563000147353],[-96.751278000373247,40.774507000092221],[-96.751122999664219,40.774469000246583],[-96.750963999655568,40.774443999888703],[-96.750642000338601,40.77441400012718],[-96.750479000131975,40.774411000082253],[-96.750426000428533,40.774417000171972],[-96.750377999849647,40.774437999801421],[-96.750295999833881,40.774435999772216],[-96.749577999783483,40.774522000293828],[-96.749482000422333,40.774529999719675],[-96.749488000270119,40.774108000288912],[-96.749531999752719,40.770479000273134],[-96.749531999752719,40.770407999730622],[-96.748043999773387,40.770437999940405],[-96.744744999774525,40.770379000263389],[-96.741536000187367,40.770291999744714],[-96.738177999738951,40.770237000249466],[-96.73814000010411,40.768365999744283],[-96.737966000026844,40.768500000203908],[-96.737244999603391,40.769058000085614],[-96.736863000011965,40.769330999761891],[-96.736531999575874,40.769581999792941],[-96.736325999711553,40.76972900027345],[-96.736149000159543,40.769836999891666],[-96.735995000173745,40.769923000243246],[-96.735816999898532,40.770010999965656],[-96.735630000300773,40.770091000292474],[-96.735443999629609,40.770159000256449],[-96.735257999856771,40.770212000340173],[-96.735006999786606,40.770265999778687],[-96.734810000143128,40.77030399998722],[-96.734444000445222,40.770343000250271],[-96.734237999682577,40.770352000255365],[-96.731382000272816,40.770343000250271],[-96.730383999839944,40.770340000021463],[-96.730070999845495,40.770335000320259],[-96.727319000192807,40.770290000270982],[-96.727108000305634,40.770287000039836],[-96.726663000066694,40.770279000103137],[-96.723189999990566,40.770222999838822],[-96.720805999685595,40.770184000185679],[-96.720771000423809,40.77390099999932],[-96.721225999810159,40.773907000135083],[-96.721322999894554,40.773918999724771],[-96.72139099966661,40.773941000214009],[-96.721450999941069,40.773973000232367],[-96.721517000063301,40.774029000057304],[-96.721551000398492,40.774078999715385],[-96.721574999789638,40.774150999755484],[-96.721558999896089,40.776229999742064],[-96.721681000094819,40.776301000185555],[-96.722461999894421,40.776788999992824],[-96.722960999661709,40.777475999840753],[-96.722548000108148,40.777515999943788],[-96.721569999766743,40.777540999825852],[-96.720659000270814,40.777626999729264],[-96.720599999821275,40.783637999694278],[-96.720595999623313,40.784053999904508],[-96.720593999973488,40.784365000187513],[-96.720608000217211,40.784458999688987],[-96.720639000179347,40.784539000303184],[-96.72192200011925,40.784557999729238],[-96.722034000272259,40.784541999890777],[-96.725735999778919,40.78455000015056],[-96.725996000069927,40.784551000012918],[-96.726570000180274,40.784551999875262],[-96.727279000009844,40.78455400028011],[-96.727325999865513,40.78455400028011],[-96.727356000002743,40.784628000252638],[-96.727412999904146,40.784771999834142],[-96.727530999904928,40.785022000170322],[-96.727675999669884,40.785284999674246],[-96.72781700013519,40.785507000301763],[-96.727993999687186,40.785752999854637],[-96.72821299997031,40.786023000106589],[-96.728423000032606,40.786251999845348],[-96.728663000232103,40.786487999667699],[-96.728822000240783,40.786627999972936],[-96.728920000150069,40.786713999674056],[-96.729173999694964,40.786915999672793],[-96.72944099965865,40.787108000139142],[-96.729890000095537,40.78739599979783],[-96.730004999723263,40.787469000185922],[-96.73010400035578,40.787541999813662],[-96.729987000179904,40.787584000289854],[-96.729151999953643,40.787838999987279],[-96.728777999859844,40.787936999938637],[-96.72822999968875,40.788051999912206],[-96.7280859997487,40.788069999884172],[-96.728048999938778,40.788083000125354],[-96.727710000005075,40.788132000279134],[-96.727318000367887,40.788175000189916],[-96.726923000357687,40.788203000243442],[-96.726551999738604,40.788215999778473],[-96.726169000322287,40.788215999778473],[-96.725797999703204,40.788203000243442],[-96.725428999632271,40.788178000293392],[-96.725119999835769,40.788146000316416],[-96.725112000338186,40.788193999936063],[-96.725050000413887,40.788334999850846],[-96.724987999591306,40.78882000027199],[-96.724987999591306,40.789163000182917],[-96.725004000383137,40.789352000223445],[-96.725004000383137,40.789529000237835],[-96.724973000421002,40.789647000211978],[-96.724958000352373,40.78978900022566],[-96.724910999598407,40.789989999931862],[-96.724848999674123,40.790201999981186],[-96.724724999825554,40.790414999807808],[-96.724677999969913,40.790533000247855],[-96.724616000045614,40.79072199978954],[-96.724554000121344,40.790841000131756],[-96.72443000027279,40.791160000059925],[-96.724414000379255,40.791289999708383],[-96.724368000348505,40.791478999815759],[-96.724389000264893,40.79164500025076],[-96.724414000379255,40.791837999718503],[-96.724461000234925,40.792046000310457],[-96.724415000204175,40.792246999985508],[-96.724337000386356,40.792814000042661],[-96.724322000317741,40.79302700033147],[-96.724274999563775,40.793345999958582],[-96.724229000431336,40.793605999962175],[-96.723996999729408,40.794585999664989],[-96.723980999835902,40.794657000209156],[-96.723903000018097,40.795189000318913],[-96.723856999987333,40.795437000125041],[-96.723826000025198,40.795661999901746],[-96.723702000176644,40.796157999814127],[-96.723655000320974,40.79637100025564],[-96.723468999649825,40.796937999776148],[-96.723406999725526,40.797185999849177],[-96.723375999763391,40.797718000094129],[-96.72343799968769,40.798131000172226],[-96.723470000373055,40.798486000178166],[-96.723517000228711,40.798681999789402],[-96.723532000297325,40.798745999773082],[-96.723548000190846,40.798970000250009],[-96.72362699983357,40.799112999688582],[-96.7236720000394,40.799195000292947],[-96.723959000094581,40.799512999887128],[-96.724045000308308,40.799617000142348],[-96.724104999684457,40.799730999973356],[-96.724139000019647,40.79981900032935],[-96.724180999852436,40.79992800029946],[-96.724210999989666,40.800015999714311],[-96.724266000241244,40.800179000323645],[-96.724638999611827,40.800763999890229],[-96.724657000053512,40.800802000332389],[-96.724696000411555,40.800974999922893],[-96.724800999993548,40.800997000290558],[-96.724851000222259,40.801013000244254],[-96.724892000230156,40.801038999735773],[-96.724954000154412,40.801108000272414],[-96.724995999987215,40.801182999769146],[-96.725103999942263,40.80141600005863],[-96.725134000079464,40.801494999676343],[-96.725196999828654,40.801737999667004],[-96.725284999692207,40.802186000071323],[-96.725281000392556,40.802432999984653],[-96.725269999623606,40.802473000016263],[-96.725238999661471,40.80250699975219],[-96.725201000026615,40.802536000153168],[-96.725058999736419,40.802607999945032],[-96.725033999622056,40.802855000327874],[-96.725023999576322,40.802914999984736],[-96.725014000428885,40.802977999702151],[-96.725000000185176,40.803018000085309],[-96.724847999849217,40.803280999709258],[-96.724390000089812,40.803990999855245],[-96.724360999777488,40.804113000276367],[-96.724323999967567,40.804190000270665],[-96.72427200008903,40.804262000308164],[-96.724149000065381,40.804398999804874],[-96.724133000171861,40.804437999768723],[-96.724128000148994,40.804479000194227],[-96.724137000369836,40.804601999958699],[-96.724129999798819,40.804766999981304],[-96.724133000171861,40.80480800020355],[-96.724190000073264,40.804969999689447],[-96.724179000202625,40.805007000209137],[-96.72414599969234,40.805037999985444],[-96.724071000247577,40.805092999903913],[-96.723991999706556,40.805416999808855],[-96.723986999683675,40.805499000104767],[-96.723969000140329,40.805580000073739],[-96.723928000132446,40.805711999811344],[-96.72390899986587,40.805826000053457],[-96.723875000429004,40.806039000070406],[-96.723865000383256,40.806078999968641],[-96.723827999675024,40.806155999721803],[-96.723774999971567,40.806236000033046],[-96.723779999994449,40.806252000083731],[-96.723811999781489,40.806350000054934],[-96.725740999801786,40.806077999750485],[-96.727566000065011,40.805827000275407],[-96.72969500010187,40.805521999879353],[-96.729996000400746,40.805479000323878],[-96.731906000154481,40.805205000066721],[-96.732125000437591,40.805173999688442],[-96.732384999830259,40.805129999675039],[-96.732867999704027,40.805048000283115],[-96.733635999983136,40.80490099976786],[-96.734339999789839,40.80475300004889],[-96.734980999847352,40.804604999999839],[-96.735137000381272,40.804564999893216],[-96.737206000143658,40.804012000333863],[-96.738082000377801,40.803889999727069],[-96.738663000160841,40.803835999743605],[-96.739115999897365,40.803819000218226],[-96.739362999769568,40.803819999790427],[-96.739709000274303,40.803808999735367],[-96.740213999889377,40.80388400025992],[-96.740752000014709,40.80395100005849],[-96.741086999750479,40.803990999855245],[-96.741337999820644,40.804012999903165],[-96.741728999632898,40.804003999698978],[-96.742183999917557,40.803976000189294],[-96.74255299998849,40.803894000051478],[-96.742876000028687,40.803797000105938],[-96.743184000000255,40.803682999778466],[-96.743281000084636,40.803644000050951],[-96.743533999804612,40.803514999690485],[-96.743804999966272,40.803348000116564],[-96.744107000090068,40.803130999932506],[-96.744527000214632,40.802794999936708],[-96.744559000001686,40.802804000304846],[-96.744701000291911,40.802845999966657],[-96.746786999772738,40.803464000174614],[-96.747226000163877,40.803599999703131],[-96.747589000387038,40.803727000071213],[-96.747902000381487,40.803854000196267],[-96.748205000330174,40.803995999743123],[-96.7484949998601,40.804151999728298],[-96.748730000036744,40.804293999997547],[-96.748975000259122,40.804459000105901],[-96.749027999962564,40.804499000276465],[-96.749207999887616,40.804634999724072],[-96.749444999714086,40.804836000042215],[-96.749648999928581,40.805030999708201],[-96.749823000005861,40.805217999672664],[-96.749997999908047,40.805428000277324],[-96.750202999947462,40.805708999820261],[-96.750745000270769,40.806529000052038],[-96.751239000015175,40.807280000182999],[-96.751443000229685,40.807589000080469],[-96.751632000375565,40.807876999970127],[-96.751695000124755,40.807985000116446],[-96.751735000307733,40.808039000123699],[-96.751760000422081,40.808071000031696],[-96.751952000042706,40.808364000108057],[-96.75301800024765,40.809986000153039],[-96.752444999962194,40.810055999705177],[-96.750659999881947,40.810277999777853],[-96.749371000094243,40.81041999985748],[-96.740499000294719,40.81127899969173],[-96.737489999825783,40.811579000148079],[-96.736368000442653,40.811705000071235],[-96.735981999754955,40.811746000086366],[-96.735647999844119,40.81179800016865],[-96.735185999886738,40.812039999701426],[-96.734860000371839,40.812241000027463],[-96.734466000186544,40.812489000033715],[-96.734117000207078,40.812724999738158],[-96.733858999565911,40.812916000238346],[-96.733666999945271,40.813078999760492],[-96.733435000141696,40.813317000303911],[-96.733147000261596,40.813696999858841],[-96.735745999753405,40.813710999944036],[-96.736002999671356,40.813708999737777],[-96.739741999886277,40.813729999860605],[-96.741001000435062,40.813736999900094],[-96.742209000031906,40.813743999938836],[-96.749371999919163,40.813787000257676],[-96.750675999775467,40.813778000019333],[-96.752229999877045,40.813768999779782],[-96.752646999628567,40.813732000066238],[-96.752820999705847,40.813729999860605],[-96.753952000208116,40.813723999923312],[-96.75465799966463,40.813719000088476],[-96.754886999993488,40.813733000169023],[-96.754907000084984,40.813788999781693],[-96.754921000328665,40.813822999839125],[-96.75512600036808,40.813821999737691],[-96.756260000345094,40.813814000285511],[-96.758883000126346,40.813796999916768],[-96.759026000241491,40.813762999846013],[-96.760295999762619,40.813759000116455],[-96.765199999916675,40.813741999733573],[-96.767719999765774,40.813733000169023],[-96.776286000141852,40.813701000271969],[-96.777952000396411,40.813695000332061],[-96.777968000289931,40.809932999850531],[-96.777973000312812,40.80869000003932],[-96.777975999787543,40.808047999780676],[-96.778609000347444,40.80788699983998],[-96.778701000408958,40.80786700009881],[-96.779128000206228,40.807776000316409],[-96.77981399957126,40.807712999713999],[-96.780272000228962,40.807649999731787],[-96.780632000079081,40.807591999986627],[-96.781041000332991,40.807502000023838],[-96.781552999620757,40.807380999911729],[-96.782024999623857,40.807270999741959],[-96.782544000380938,40.807144000036196],[-96.78296000030754,40.807038999812178],[-96.784506999838115,40.806585999835796],[-96.784680000090475,40.806737999699791],[-96.784866999688219,40.8069010001199],[-96.784988999886949,40.806981999737545],[-96.78512100013144,40.807054000145769],[-96.785214000017859,40.807095999837856],[-96.785460000065157,40.807182000225247],[-96.785695000241788,40.807286000023055],[-96.785795999625819,40.80731499969572],[-96.7859560003577,40.807338999720059],[-96.786064000312749,40.807345999753856],[-96.786117000016176,40.807338000200851],[-96.786169999719633,40.807325000330231],[-96.786223000321399,40.807321000212582],[-96.786383999979876,40.807338000200851],[-96.786818000348134,40.807341000118306],[-96.786924999579952,40.807352000267898],[-96.787030000060241,40.807373999881619],[-96.787179000023173,40.807423000076795],[-96.787414000199803,40.807530000085777],[-96.787465000253434,40.807534000190785],[-96.787572000383548,40.807524999784192],[-96.787788000293617,40.807496000203294],[-96.787868999586152,40.807454000084427],[-96.787994999982857,40.807404999912137],[-96.788169000060122,40.8073529997869],[-96.788434000373996,40.807308000338615],[-96.788594000207567,40.80728700022302],[-96.788757000414193,40.807280999703089],[-96.788810999942541,40.80728400030312],[-96.789019000354998,40.807328000248262],[-96.789125999586801,40.807341000118306],[-96.78950499970351,40.807359999819219],[-96.789611999833639,40.807373999881619],[-96.789822999720812,40.807417999767097],[-96.789929000026035,40.807431999817268],[-96.789981999729477,40.807434000212758],[-96.790033999607999,40.807430000101675],[-96.790246000218431,40.807386000224163],[-96.790673000015701,40.807327000048929],[-96.79088700027593,40.807304999739721],[-96.79104899975934,40.807298999901377],[-96.791266000392625,40.807308000338615],[-96.791479999754543,40.807335000283217],[-96.791642999961169,40.807345000234747],[-96.791750999916204,40.807345000234747],[-96.79180399961966,40.807338999720059],[-96.791960000153566,40.807298999901377],[-96.792012000032116,40.807290000142821],[-96.79211999998715,40.807288999942912],[-96.792283000193777,40.80730400022],[-96.792438000004466,40.807339999919215],[-96.792827999991815,40.807486000274523],[-96.792927999550912,40.807516000056275],[-96.792981000152679,40.807524000267783],[-96.793145000184225,40.807525999980541],[-96.793305999842687,40.807507999843814],[-96.793468000224394,40.807513000146685],[-96.793792000089496,40.807532999994599],[-96.794007000174659,40.80755599974416],[-96.79438600029134,40.807563999950837],[-96.794546999949802,40.807583999783333],[-96.794912999647721,40.807657999927073],[-96.795119000410352,40.807712999713999],[-96.795171000288889,40.807722000095147],[-96.795223999992345,40.807726000188573],[-96.795551000230489,40.807713999907513],[-96.795659000185509,40.807716999808029],[-96.795711999888965,40.807723999801944],[-96.795812000346402,40.8077529999631],[-96.795958999761154,40.807808999863369],[-96.796111999922047,40.807849000054588],[-96.796289000372369,40.80788600032902],[-96.796305000265903,40.804765000185412],[-96.796332999854982,40.799193000329154],[-96.796364999642051,40.79505499996683],[-96.796256999687003,40.795052999878308],[-96.796422000441765,40.790495999821189],[-96.798943000115756,40.784655999761135],[-96.799559999883812,40.783300999781666],[-96.800087000138518,40.78207400024813],[-96.80046799990501,40.781199999901553],[-96.800626999913689,40.780820999897429],[-96.801652999935669,40.778472000136233],[-96.802449999628777,40.776670000320152],[-96.802657000216314,40.776191000213451],[-96.802899999890556,40.775600999790193],[-96.80310099973201,40.77511700011739],[-96.803321999664959,40.774632000308273],[-96.803523000404709,40.774273999927004],[-96.803751999835271,40.773884000291972],[-96.804078000248509,40.773446999718473],[-96.804250999602544,40.773226000312711],[-96.804444999771306,40.772989000271636],[-96.80480499962141,40.77262500031032],[-96.805221000446338,40.772225000041672],[-96.805476999641073,40.772003999972767],[-96.805753999650506,40.771792999713561],[-96.806363999745869,40.771366999663094],[-96.80700800017641,40.770976999972113],[-96.807347999935047,40.770802999706426],[-96.807908999626605,40.770544999693705],[-96.808512000049276,40.770308000294357]]]},"properties":{"AREALAND":27428493,"AREAWATER":125838,"BASENAME":"68522","CENTLAT":"+40.7894113","CENTLON":"-096.7621215","FUNCSTAT":"S","GEOID":"68522","HU100":4655,"INTPTLAT":"+40.7912802","INTPTLON":"-096.7600906","LSADC":"Z5","MTFCC":"G6350","NAME":"ZCTA5 68522","OBJECTID":30672,"OID":"221704258328469","POP100":14496,"ZCTA5":"68522","ZCTA5CC":"B5"}},{"type":"Feature","id":30673,"geometry":{"type":"Polygon","coordinates":[[[-96.838497999591794,40.653888000029234],[-96.838499000315025,40.643562999702027],[-96.838372000093415,40.63887100001611],[-96.838361000222761,40.638670000285295],[-96.838363999697492,40.63832199986981],[-96.838249000069766,40.638283999949628],[-96.838191000343457,40.638285999981825],[-96.838172000076881,40.638293000094116],[-96.83775799980009,40.638498999661401],[-96.837352999744141,40.638819000296373],[-96.837231000443708,40.638951999878948],[-96.837013999810438,40.63913600006908],[-96.836877000441376,40.639232000322586],[-96.836755000242647,40.63930599974212],[-96.836714000234778,40.639320999752606],[-96.836649999762358,40.639343999762175],[-96.836534000309697,40.63937299976299],[-96.836412999935888,40.63938999975754],[-96.836290999737145,40.639394999755162],[-96.836169000436726,40.639387999758426],[-96.833447999847863,40.639349999763361],[-96.831377000435651,40.639363999764058],[-96.830810999822916,40.639396999754069],[-96.830521000293004,40.639412999743342],[-96.828798000137027,40.639327999756361],[-96.819363000097809,40.639283999720575],[-96.819399999907745,40.642421999759307],[-96.819410999778398,40.643423000190133],[-96.819532999977127,40.653806000107487],[-96.811714999788677,40.653728999690273],[-96.806198999889432,40.653673999921985],[-96.806203000087379,40.653574999952255],[-96.806194999691471,40.653493000327366],[-96.806177000148111,40.653411999709611],[-96.806128999569225,40.653293999912648],[-96.806084000261706,40.653218999852363],[-96.806023999987232,40.653151000306387],[-96.805946999994347,40.653092000203202],[-96.80567300035797,40.652959999968218],[-96.804937999690821,40.652700999760242],[-96.804737999674259,40.652637000253868],[-96.804495999824923,40.652545000089226],[-96.804356000082848,40.652483999843469],[-96.80417299978474,40.652396000049819],[-96.804130999951937,40.652369999670384],[-96.804095999791841,40.652337999766097],[-96.804069999852601,40.652302999746773],[-96.804069999852601,40.652262000187598],[-96.804090999768988,40.652223000217809],[-96.804119000256392,40.652188000138167],[-96.804154000416489,40.652156000146661],[-96.804181000180662,40.652121999840688],[-96.804183999655393,40.652079999679316],[-96.804177999807621,40.652038999983112],[-96.804150000218527,40.652002999996348],[-96.804109000210644,40.65197700014528],[-96.804059999806825,40.651959999948879],[-96.803956000049766,40.651937000197378],[-96.803795000391304,40.651916999873642],[-96.803744000337659,40.651902999779821],[-96.803696999583678,40.651882000315034],[-96.803658999948837,40.651850999989648],[-96.803648999903103,40.651811999779646],[-96.803658000123932,40.651770000104683],[-96.803677000390508,40.651730999847338],[-96.803710999827388,40.65170199976356],[-96.803761999881004,40.651682999866331],[-96.803965000270594,40.651626000142151],[-96.804012999951183,40.651607000223287],[-96.804057000332108,40.651582999851733],[-96.804089000119163,40.651548999935287],[-96.804103000362858,40.651510000230367],[-96.804104000187763,40.651467999683767],[-96.804095999791841,40.651427000293076],[-96.804079000073415,40.651387999835244],[-96.804032000217745,40.651311999856205],[-96.804002999905421,40.651276999980254],[-96.803957999699591,40.65125799996202],[-96.803852000292679,40.651234000146488],[-96.803797999866021,40.651227000028236],[-96.80374699981239,40.651238000116315],[-96.80369999995672,40.651258999783771],[-96.803658000123932,40.65128499991458],[-96.803588999628658,40.651349000036177],[-96.803540000123164,40.651423000334518],[-96.803484999871571,40.651538999716045],[-96.803462000305359,40.651575999770145],[-96.803429999619993,40.651608999856329],[-96.803382999764324,40.651630000088531],[-96.803282000380307,40.651653999761642],[-96.803234999626312,40.651637999980522],[-96.80316400037951,40.65157999971948],[-96.803092000409507,40.651424999973031],[-96.803084999838489,40.651383999874355],[-96.803085999663423,40.651302000282989],[-96.803077000340892,40.651261000108747],[-96.803043999830606,40.651183000339365],[-96.802949000294362,40.651034999809845],[-96.802908000286479,40.650959000110305],[-96.802857000232862,40.650884999978942],[-96.802841000339328,40.650845999885888],[-96.802827999920552,40.650764000314894],[-96.802831000293594,40.650722999810078],[-96.802843999814073,40.650682999791968],[-96.802867000278596,40.650645999924265],[-96.80289700041584,40.650610999698984],[-96.802931999677611,40.650580000146185],[-96.80297500023363,40.650555000254506],[-96.803067000295158,40.65051100012252],[-96.803104999929971,40.650482000190024],[-96.803123000371642,40.650442999861433],[-96.803119999998586,40.650401999840952],[-96.803089999861371,40.650368000004313],[-96.803047000203648,40.650343000033203],[-96.802947999571131,40.650310000002477],[-96.802895999692595,40.650298999761425],[-96.802848000012034,40.650277999791847],[-96.802811000202112,40.650248999758148],[-96.802784000437939,40.650212000331358],[-96.80277500021711,40.650172000006933],[-96.802776999866921,40.650129999981282],[-96.802786999912655,40.650088999768471],[-96.802806000179245,40.650049999891706],[-96.802842000164262,40.650020999758915],[-96.802894000042784,40.65000799978926],[-96.802947999571131,40.650001000224016],[-96.803110999777758,40.649998000020645],[-96.80316400037951,40.649993000135773],[-96.803208999687058,40.649967000183068],[-96.803212000060114,40.649929000076682],[-96.803186999945737,40.649803999986702],[-96.803115999800625,40.649606000002869],[-96.803106999579811,40.649565000149636],[-96.803105999754891,40.649522999741926],[-96.803114999975719,40.649481999837754],[-96.803142999564798,40.649449000062766],[-96.803188999595562,40.649423999747356],[-96.803237000174462,40.649404000033535],[-96.803289000052999,40.649394000174404],[-96.803344000304577,40.649394000174404],[-96.803397999832939,40.649399999953772],[-96.80344800006165,40.649413999891216],[-96.803493000267494,40.649435999981726],[-96.80357299973511,40.649494000061644],[-96.803639999682261,40.649557999856356],[-96.803714000200429,40.649668999844607],[-96.803742999614428,40.649703999882398],[-96.803787999820287,40.649725000032625],[-96.803842000246945,40.649734999842153],[-96.803895999775307,40.649734999842153],[-96.80394000015626,40.649712999850223],[-96.804007999928302,40.649647999676766],[-96.804036000415707,40.649613000291119],[-96.804084000096296,40.649539000030224],[-96.804146000020566,40.64947100014178],[-96.804186000203543,40.649444000136754],[-96.804280999739774,40.649403000183987],[-96.804331999793419,40.649390000093987],[-96.804380000372305,40.649371000220022],[-96.804426000403055,40.649346999725751],[-96.804459000015001,40.649316000267326],[-96.804469999885669,40.649275000235967],[-96.80447400008363,40.649234000179369],[-96.804472000433805,40.649193000097569],[-96.804453000167229,40.649110999858465],[-96.804436000448788,40.649071000237221],[-96.80441100033444,40.649035999867422],[-96.804291999610442,40.648950000010174],[-96.804165000287142,40.648873999980651],[-96.804125999929084,40.648845000018326],[-96.804093000317124,40.648812999786784],[-96.804043999913318,40.648739000001868],[-96.804028999844704,40.648700000017683],[-96.804022000171997,40.648659000289385],[-96.804022999996917,40.648616999993038],[-96.804038000065546,40.648577999937615],[-96.804064000004786,40.648541000265901],[-96.804095999791841,40.648507000162596],[-96.804139000347874,40.648484999765827],[-96.80430000000635,40.648458000043455],[-96.804407000136479,40.648456000316038],[-96.804674000100178,40.648488000037226],[-96.804729000351742,40.648491000308503],[-96.804782000055198,40.64848399990251],[-96.804832000283909,40.648466000315779],[-96.804865999720789,40.648436000312103],[-96.804885999812285,40.648396000286262],[-96.804898000406155,40.64835600023644],[-96.804905999903767,40.648274000331966],[-96.80488300033754,40.648110000220775],[-96.804858000223177,40.6480299997543],[-96.804803999796519,40.647912999853574],[-96.804756999940835,40.647838999752253],[-96.80472500015378,40.647804999972927],[-96.804684000145912,40.64777999972317],[-96.804633999917201,40.647761999946496],[-96.804476999558375,40.647729000002585],[-96.804423999854905,40.647724999822373],[-96.804152999693258,40.647730999751793],[-96.803828999828156,40.64774300029061],[-96.80378100014758,40.647729999877178],[-96.80375299966019,40.64769400029207],[-96.803742999614428,40.647652999945713],[-96.803755000208326,40.647613000132139],[-96.803782999797406,40.647576999802276],[-96.80382700017833,40.647554999780496],[-96.803930999935417,40.647530000118664],[-96.804144000370741,40.647497000059985],[-96.804192000051316,40.647476999768656],[-96.804229999686143,40.647447999880832],[-96.804243000104947,40.647408999823824],[-96.804238999906985,40.647367000103898],[-96.804213999792637,40.647286000228668],[-96.804192000051316,40.647247999958793],[-96.804161000089181,40.647213999878332],[-96.804120000081312,40.647189000088808],[-96.804070999677492,40.647168999705158],[-96.804019999623861,40.647154999978277],[-96.803966999920434,40.647148999997121],[-96.803803999713793,40.647152000328539],[-96.803699000131815,40.647133999700948],[-96.803602000047448,40.64709699991019],[-96.80351099981084,40.647053000224453],[-96.803468000153131,40.647026999807878],[-96.803432000168129,40.646995999953347],[-96.803402999855791,40.646960999858408],[-96.80338500031246,40.646922000198352],[-96.803381000114499,40.646881000059295],[-96.803411000251728,40.646759999950895],[-96.803448999886569,40.646640000195688],[-96.803453000084531,40.646558000227444],[-96.803444999688608,40.646433999851418],[-96.803428999795074,40.646310999822489],[-96.803427999970182,40.646269999989684],[-96.803433999817955,40.646229000131619],[-96.803446000411824,40.646188000248436],[-96.803490999719358,40.64611400027912],[-96.803578999582911,40.646008999914706],[-96.803595000374742,40.64597100028093],[-96.803607000070315,40.645888000270155],[-96.803610000443371,40.645806000059565],[-96.803595000374742,40.645723999748277],[-96.803577999757991,40.645685000046974],[-96.80352800042759,40.64561200010786],[-96.803462000305359,40.645545000214859],[-96.803421000297462,40.645519999800129],[-96.80336900041894,40.645508000224808],[-96.803259999740675,40.645501000187515],[-96.803208999687058,40.645511999856303],[-96.80316400037951,40.645535999684967],[-96.803089000036451,40.645596000241241],[-96.803041000355876,40.645618000227245],[-96.802990000302245,40.645627000064508],[-96.802938000423708,40.6456190001335],[-96.802781999889774,40.645575000154906],[-96.802731999661077,40.64557899978238],[-96.802685999630327,40.645604000175048],[-96.802652000193433,40.645635999900563],[-96.802625000429259,40.645671999914249],[-96.802579000398509,40.645791000143142],[-96.802559000307042,40.645828999879463],[-96.802531999644543,40.645864999789033],[-96.802488999986821,40.645889000172367],[-96.802437999933204,40.645904000066771],[-96.802384000404842,40.645911999963609],[-96.802329999978184,40.645911000061737],[-96.802273999901686,40.645903000164779],[-96.802222000023136,40.645888000270155],[-96.802184000388309,40.645861000178691],[-96.802098999999487,40.645757999906181],[-96.802025000379643,40.645644999735403],[-96.801961999732143,40.645530000239773],[-96.801945999838608,40.645490999743537],[-96.80193699961778,40.645407999817387],[-96.801941999640661,40.645325999698656],[-96.801965000105184,40.645245000072656],[-96.801986999846491,40.645207999916295],[-96.802078999908019,40.645105999913127],[-96.802129999961622,40.645031000192297],[-96.802138000357544,40.644991000170378],[-96.802123000288944,40.644952000040746],[-96.802095999626431,40.644913999805155],[-96.802058999816509,40.644884000249597],[-96.802013999610665,40.644863999856746],[-96.801909999853606,40.644832999679139],[-96.801862000173031,40.644813999870948],[-96.801826000188015,40.644785000189152],[-96.801801000073652,40.644746999858469],[-96.801769000286598,40.644713999786916],[-96.801729999928554,40.644685999981903],[-96.801683000072885,40.644662999768173],[-96.801632000019254,40.64465600032387],[-96.801580000140717,40.644670999813762],[-96.801536999584698,40.644695999864943],[-96.801499999774776,40.644728000025793],[-96.801476000383644,40.644763999847633],[-96.801458999766893,40.644845999975232],[-96.801396999842623,40.645003999754138],[-96.80136699970538,40.645036999682297],[-96.801284999689628,40.645091999753539],[-96.801236000184119,40.645109000336447],[-96.801129000054019,40.645123999724532],[-96.801074999627332,40.645127000147042],[-96.801021000098984,40.645117000328632],[-96.800984000289048,40.645089999925268],[-96.800944000106071,40.644911999971534],[-96.800898000075321,40.644934000182964],[-96.800845000371879,40.64493799984885],[-96.800796999793008,40.644919000070558],[-96.800770000028805,40.644883000332328],[-96.80075599978511,40.644844000139585],[-96.800738000241779,40.644719000067305],[-96.800745999739362,40.6446359998627],[-96.800763000356127,40.644597000207249],[-96.800790000120301,40.64456100029534],[-96.800827999755128,40.644532999744527],[-96.801057000083986,40.644422000074535],[-96.801098999916789,40.644395999996156],[-96.801128000229099,40.644361999825975],[-96.801134999901791,40.644320000233392],[-96.801096000442044,40.644243999702468],[-96.801056000259067,40.644124000194694],[-96.801052999886039,40.644041999861678],[-96.801076000350577,40.643878000256628],[-96.801064999581598,40.64383800022533],[-96.801016999901023,40.643734000304427],[-96.8009590001747,40.643450999843402],[-96.800918000166831,40.643331000273115],[-96.80089600042551,40.643293999737274],[-96.800835000326131,40.643226000301766],[-96.800596999776459,40.643127999770506],[-96.800545999722829,40.643111999990047],[-96.800493999844292,40.643106000326952],[-96.8004389995927,40.643112999933805],[-96.800390000087219,40.643128999714023],[-96.800270000436626,40.643208999920809],[-96.800226999880593,40.643238000287361],[-96.800142000390096,40.643289999972858],[-96.80009399981121,40.643307000333181],[-96.79998500003127,40.643313999918952],[-96.799877000076222,40.643311000096581],[-96.799826000022605,40.643298000183073],[-96.799780999816775,40.643275000172608],[-96.799740999633798,40.643246999763925],[-96.799673999686647,40.643183000051593],[-96.79962099998319,40.643111000046233],[-96.799554999860945,40.643046000258707],[-96.799491000286849,40.642951999929657],[-96.799425999989523,40.642897000139854],[-96.799381999608599,40.642873000043821],[-96.799262999782911,40.642789000321521],[-96.799153000178052,40.642699000112245],[-96.799088999705646,40.642632000021528],[-96.799034000352364,40.642561000055501],[-96.799015999910694,40.642522999821836],[-96.798962000382346,40.642236999808617],[-96.798903999757698,40.642078000336603],[-96.798865000297951,40.642001999979335],[-96.798747000297197,40.641817000227817],[-96.798716000335034,40.641736999715945],[-96.79869000039578,40.641702000271238],[-96.798572000394998,40.641616999790728],[-96.798538999884727,40.641583000249888],[-96.79851799996834,40.641546000108313],[-96.798513999770378,40.641505000074908],[-96.798522999991192,40.641464000016327],[-96.798572000394998,40.641390000262454],[-96.798681999999857,40.641249000310921],[-96.798731000403649,40.641175000318711],[-96.798750999596834,40.64113699997764],[-96.798773000236451,40.641056000039441],[-96.798775999711197,40.640974000027164],[-96.798765999665449,40.640933000324033],[-96.798748000122089,40.640894999845194],[-96.798646000014841,40.640749000315566],[-96.798629000296415,40.640709999752239],[-96.798625000098454,40.640668999886955],[-96.798631999771132,40.640627999996539],[-96.798681999999857,40.640511000070973],[-96.798722000182835,40.640433999990599],[-96.798759999817662,40.640312999782196],[-96.798748000122089,40.640275000313693],[-96.79870700011422,40.640247999996582],[-96.7985160003185,40.640170000306632],[-96.798267999723066,40.640088999876689],[-96.798170999638685,40.64005200027033],[-96.798070000254654,40.640021999892781],[-96.797927000139524,40.639963999760873],[-96.797837999552755,40.639918000161039],[-96.797757000260219,40.639862999916247],[-96.797645999932129,40.639771999857821],[-96.797605999749166,40.63974400002467],[-96.797563000091458,40.639720000158299],[-96.797512000037827,40.639707000227091],[-96.797404999907712,40.639694000293353],[-96.797363000074924,40.639668999731995],[-96.79728699990693,40.639608999982507],[-96.797033000362049,40.639454999696994],[-96.796886999873863,40.639333999758996],[-96.796789999789468,40.639235000328277],[-96.796763000025294,40.639199000251018],[-96.796746000306854,40.639160000145417],[-96.796742999933812,40.639119000009792],[-96.796747000131774,40.639077999849043],[-96.796758000002427,40.639037999667913],[-96.796898999569407,40.638769999881085],[-96.796993000179071,40.638576999940533],[-96.797035999836766,40.638457999801496],[-96.797049000255569,40.63839400026913],[-96.7970519997303,40.638377000020888],[-96.797046999707419,40.638294000110108],[-96.797019999943245,40.638173000112772],[-96.797005999699536,40.638133000071051],[-96.796961000392017,40.638058000013416],[-96.796872999630168,40.637953999948621],[-96.796679000359703,40.637756000255671],[-96.796609999864415,40.637693000075309],[-96.796445000007992,40.637587000070461],[-96.79610699989918,40.637319999942584],[-96.795961000309319,40.637199000224904],[-96.795840999760401,40.63711600021287],[-96.795764999592421,40.637057000248355],[-96.795700000193406,40.636990999983645],[-96.795577000169772,40.636910999823165],[-96.795531999963913,40.636889999731061],[-96.795478000435565,40.636886000264617],[-96.795393999871663,40.636861000015003],[-96.795341999993113,40.636744000303999],[-96.795331999947365,40.636704000087768],[-96.795321000076726,40.636512999713197],[-96.79523900006096,40.636566999949487],[-96.795193999855101,40.636589000184671],[-96.795140000326754,40.636594999751821],[-96.795088000448217,40.636583999976942],[-96.795044999892184,40.636558000253963],[-96.795013000105129,40.6365260002664],[-96.795003000059396,40.63648499987648],[-96.795010999556993,40.636402999702796],[-96.795013000105129,40.636321000110058],[-96.795008000082277,40.636280000275946],[-96.7949889998157,40.636240999828409],[-96.79495399965559,40.636209999736117],[-96.79484599970057,40.636206000228924],[-96.794765000408034,40.636174000072643],[-96.794459000086263,40.636093000247655],[-96.794352999781069,40.636076000095123],[-96.794139000419136,40.636054999740416],[-96.794085999817369,40.636044999926206],[-96.794034999763738,40.636029999861336],[-96.793988999732989,40.636009000173814],[-96.793951999923067,40.635980000075072],[-96.79374100003588,40.635738999707591],[-96.793664999867886,40.635680999944654],[-96.793578999654173,40.635631999952906],[-96.793433999889217,40.635576000210456],[-96.79328400010138,40.635528000199017],[-96.793191000214975,40.635486999877912],[-96.793105000001248,40.635436999685005],[-96.792801000227627,40.635201999776569],[-96.792588999617209,40.635074999925536],[-96.792301999562014,40.63488599979663],[-96.79221200004865,40.634843000309381],[-96.792008999659075,40.634783000312716],[-96.79195799960543,40.634771000170552],[-96.791904000077082,40.634763999689014],[-96.79184899982549,40.634762000232982],[-96.791796000122048,40.634765999826669],[-96.791745000068417,40.634779000038328],[-96.791698000212747,40.634799000044438],[-96.791611999999034,40.634850000100968],[-96.791519000112615,40.634892000198533],[-96.791475999556596,40.634916999822025],[-96.791427999876021,40.634934000269631],[-96.791269999692261,40.634965000272686],[-96.791216000163914,40.634966000338537],[-96.791161999737241,40.634957999811441],[-96.791115999706491,40.634936999786746],[-96.79107700024673,40.634906999837412],[-96.791054999607113,40.634871000153026],[-96.791052999957287,40.634829000042295],[-96.79106100035321,40.634787999973661],[-96.791104000010918,40.634712000178837],[-96.791186000026684,40.634605000141683],[-96.791244999577913,40.634490000031604],[-96.791261000369758,40.634405999986058],[-96.791257999996702,40.63436400026454],[-96.79123500043049,40.634328999681088],[-96.791130999775092,40.634237000182949],[-96.790928000283827,40.634097000199581],[-96.790463999778311,40.633885000191782],[-96.790238999647428,40.633771000288739],[-96.790160000004704,40.633714999667099],[-96.790028999585147,40.633584000050227],[-96.789929999850941,40.633450999999326],[-96.789836999964521,40.633348999755171],[-96.789811999850158,40.633312999912512],[-96.789780000063118,40.633234000208653],[-96.789754999948755,40.63311199980928],[-96.789754999948755,40.632988999773332],[-96.789775999865142,40.632866000192493],[-96.789810000200333,40.632744999901576],[-96.789836999964521,40.632581999912304],[-96.789838999614332,40.632499999717091],[-96.789795000131718,40.632296999681905],[-96.789728000184581,40.63205500022719],[-96.789708000093086,40.631932000289318],[-96.789692000199565,40.631685999733811],[-96.789751999575714,40.63144299999135],[-96.789756999598566,40.631401999888716],[-96.789748000276063,40.631279000111441],[-96.789717000313928,40.631074000206461],[-96.789682999978737,40.630996000024091],[-96.789636000123068,40.630921000129945],[-96.789605999985824,40.630888000040713],[-96.78956300032813,40.630862000144894],[-96.789514999749244,40.630842999768852],[-96.789463999695627,40.630829000026509],[-96.789358000288729,40.630815000281274],[-96.789248999610479,40.630815000281274],[-96.789196999731914,40.630825000196985],[-96.789148000226447,40.630842000323014],[-96.789102000195683,40.630864999844945],[-96.789026999852609,40.630923999827345],[-96.788891000308482,40.631052000199183],[-96.788713000033255,40.631207000219845],[-96.788672000025386,40.631232999981336],[-96.78857300029118,40.631268000142498],[-96.788522000237535,40.631280999671787],[-96.788468999635768,40.631288999957661],[-96.78841500010742,40.631290000078572],[-96.788368000251765,40.631269000263728],[-96.788332000266749,40.631237999908095],[-96.788313999825078,40.631198999924088],[-96.788317000198134,40.631157999671629],[-96.788349999810094,40.631079000145078],[-96.788395000015939,40.631004999787578],[-96.788473999658649,40.630896999818766],[-96.788512000191801,40.630819000111401],[-96.788526000435496,40.63077899975417],[-96.788529999735147,40.630739000054703],[-96.788518000039588,40.63065700032319],[-96.78849200010032,40.630577000072414],[-96.788466000161051,40.63045500027237],[-96.788434000373996,40.630333999702955],[-96.788369000076671,40.630221000009882],[-96.788339999764361,40.630185999981698],[-96.788302000129519,40.630118000147178],[-96.788412999559284,40.629885999669312],[-96.788425999978088,40.6298460001167],[-96.788482999879491,40.629776000330651],[-96.788554999849509,40.629714999726822],[-96.788969000126301,40.629430000213063],[-96.788713000033255,40.62929599991844],[-96.788538000131069,40.629138999928159],[-96.788450000267517,40.629035000287217],[-96.788385999795111,40.62896900027377],[-96.788262999771462,40.628878999840389],[-96.788073999625567,40.628731000303226],[-96.78800599985351,40.628667999788071],[-96.787979999914242,40.628630999988061],[-96.78797200041663,40.628617999942954],[-96.790864999636312,40.62539399992459],[-96.790898999971503,40.624718000318154],[-96.786149999628151,40.624767999674134],[-96.785566000370366,40.624774000303404],[-96.781379000441788,40.624817999674455],[-96.781488000221742,40.619782999798986],[-96.781536999727209,40.617522000223815],[-96.777716000394875,40.617532000084296],[-96.777179000094421,40.617536999673028],[-96.777137000261646,40.617555000098704],[-96.77472199999454,40.617543999914922],[-96.772850999700537,40.617537999999882],[-96.77204200031187,40.617551999800767],[-96.77210500006106,40.613927000097249],[-96.771484999919949,40.61392400031837],[-96.771474000049295,40.613843000099713],[-96.771449999759852,40.613761000081411],[-96.771401000254357,40.613644000130591],[-96.77131599986555,40.61349200006331],[-96.771223999804036,40.613291000313787],[-96.771213999758302,40.613249999978486],[-96.771212000108463,40.613212000110956],[-96.771223999804036,40.613176000324195],[-96.771254999766171,40.613141000228801],[-96.77129900014711,40.613108999930709],[-96.771347999652605,40.613085999749593],[-96.771396000231491,40.613075000193881],[-96.771447000285121,40.613077000299185],[-96.771556999889967,40.613096999985451],[-96.771665999669921,40.613111000035055],[-96.771828999876519,40.613122999977797],[-96.771881999579989,40.613120000162773],[-96.771985000410453,40.613101000194732],[-96.772238000130443,40.613023000161768],[-96.772385000443535,40.612964999763456],[-96.772485000002661,40.612935000172584],[-96.772535000231372,40.612928000129713],[-96.772587000109908,40.612930000239473],[-96.772799999646935,40.612973999910842],[-96.7733329997494,40.613049000182855],[-96.773439999879514,40.613044999970455],[-96.773548999659468,40.613028000087922],[-96.773648000291971,40.612997000130505],[-96.773690000124759,40.612973999910842],[-96.773726999934695,40.612944000324013],[-96.773758999721736,40.612909000107088],[-96.773834999889715,40.612797999687515],[-96.773871999699651,40.612719999982723],[-96.773906000034827,40.612599000015742],[-96.773942000019844,40.612394000056199],[-96.773953999715431,40.612229999772161],[-96.773946000217805,40.612107000147368],[-96.773921999928376,40.611984000296211],[-96.773880999920479,40.611864999819922],[-96.773787000209154,40.611671000124957],[-96.773660999812449,40.611481999908598],[-96.773625999652367,40.611406000186903],[-96.773618000154755,40.611367999952634],[-96.773617000329835,40.611328999958928],[-96.773624000002528,40.61128900020406],[-96.773651999591607,40.611208000200833],[-96.77374100017839,40.611053000139854],[-96.77377100031562,40.611019000038773],[-96.773808999950461,40.610987999831273],[-96.773894000339268,40.610936999964601],[-96.77394899969255,40.610929999712425],[-96.7740580003708,40.6109289999686],[-96.774166000325849,40.610934999795184],[-96.774215999656235,40.610947999872273],[-96.774306000067924,40.610995000077381],[-96.774353999748499,40.611013000219721],[-96.774408000175171,40.611021000205675],[-96.774461999703533,40.611019000038773],[-96.774569999658567,40.611005999975546],[-96.7746719997658,40.610982000009436],[-96.77476800002529,40.610942000046855],[-96.774810999682984,40.610915999887816],[-96.77492200001106,40.610825999678909],[-96.774988999958211,40.610760000085129],[-96.775046999684548,40.610690999820171],[-96.775091000065487,40.610614999880745],[-96.775116000179821,40.610532999992735],[-96.775117999829661,40.610492999761341],[-96.77511299980678,40.610453000188009],[-96.77509899956307,40.610412000157162],[-96.775077999646683,40.610373000287453],[-96.775053000430631,40.610335000147714],[-96.775023000293416,40.61030099968135],[-96.775009999874612,40.610288999913777],[-96.778355999729129,40.610274000201258],[-96.781631000336873,40.610260000239215],[-96.781391999962253,40.606644999910699],[-96.781145999914969,40.60293999986137],[-96.781140000067197,40.602848999958667],[-96.78066100039139,40.595614000082001],[-96.780494999811722,40.588246999735766],[-96.780334999978152,40.581118000189221],[-96.780206999931636,40.57416099979757],[-96.780201999908769,40.573879000302107],[-96.780160000075966,40.57159599967401],[-96.780079999710026,40.567275999926096],[-96.780073999862253,40.566940000244678],[-96.780068000014452,40.566604999965428],[-96.771145999986231,40.566590999729833],[-96.770689999876652,40.566590000005363],[-96.766846000079752,40.566584000293389],[-96.766432999627881,40.566582999886393],[-96.766189000128733,40.566582999886393],[-96.765982000439493,40.566582000161802],[-96.765965999647662,40.564305000266202],[-96.76595700032513,40.562961000001962],[-96.766388000320362,40.562963000241758],[-96.767065000362877,40.562942999888371],[-96.76855599981694,40.562936000070422],[-96.775361000402214,40.562973999853483],[-96.775338999762582,40.558436000200082],[-96.775315000371464,40.552100000090341],[-96.775117000004727,40.552100000090341],[-96.772726999851983,40.552099000149433],[-96.770549000309657,40.552097000267544],[-96.770615000431889,40.55724400015599],[-96.770629999602193,40.5593449996651],[-96.766504999597913,40.55934600018027],[-96.761216000377686,40.5593449996651],[-96.761213999829565,40.559124999937914],[-96.763491000004393,40.559177000261315],[-96.763456999669216,40.552092999821113],[-96.761130999988865,40.552091999880105],[-96.751638000223352,40.552101000031222],[-96.742225999750346,40.552110000181131],[-96.742214999879693,40.550474999965324],[-96.742178000069785,40.545016999765437],[-96.742177000244851,40.544858999715139],[-96.742075000137618,40.537618000176344],[-96.742009999840278,40.530358999713783],[-96.74195600031193,40.52310400030683],[-96.741940000418396,40.52310400030683],[-96.732441999731677,40.523107999753236],[-96.732339999624429,40.523107999753236],[-96.731983000147366,40.523107999753236],[-96.729573999728032,40.523105999688667],[-96.7255359997624,40.52310400030683],[-96.725437999853085,40.52310400030683],[-96.723680000435323,40.523102999933052],[-96.722984000126232,40.523102999933052],[-96.722967000407806,40.523102999933052],[-96.720843000393842,40.523102999933052],[-96.713508000079145,40.52310000017733],[-96.712075000351405,40.523094999673681],[-96.710753999878321,40.523089999852488],[-96.709148999723126,40.523084000339729],[-96.709132000004686,40.523084000339729],[-96.708752999888006,40.523082999965659],[-96.707397999978056,40.523078000143606],[-96.708311000022121,40.535735000076137],[-96.70846699965773,40.537571999759649],[-96.708039000035555,40.537571000284494],[-96.704351999699185,40.537567000335791],[-96.704494999814301,40.544971000333625],[-96.704622000035926,40.55203699968866],[-96.695110000003822,40.552163999690073],[-96.685584999552916,40.552337999935105],[-96.672940000101619,40.552380999957386],[-96.667142000170074,40.552400000117132],[-96.667444000293855,40.566889000212598],[-96.667444000293855,40.566909000069231],[-96.667482999753602,40.566909000069231],[-96.667445000118761,40.581398000185409],[-96.675121999841906,40.581357000071613],[-96.681484999662985,40.581329000312238],[-96.681944000145606,40.581326999939101],[-96.6862590001207,40.581307999802739],[-96.686588000008655,40.595802000183895],[-96.70022400022016,40.595579000338482],[-96.701178000272108,40.595563000079302],[-96.701288999701873,40.596348000051464],[-96.701332000257892,40.596694000312816],[-96.701446999885619,40.59752700003758],[-96.701547000343069,40.598440000253376],[-96.701970999767255,40.601713999974628],[-96.702368000325606,40.604253999710792],[-96.702404000310622,40.604646999869921],[-96.702391999716752,40.605147000109326],[-96.7023039998532,40.605677999975406],[-96.702204000294074,40.60607000012898],[-96.702096000339054,40.606321999793039],[-96.701837999697872,40.606841000166966],[-96.701606999719203,40.607112999765143],[-96.701056999898285,40.607825999961491],[-96.7007129999417,40.608182000042547],[-96.700523999795806,40.608414999990281],[-96.699876000065615,40.609053000035928],[-96.69845500003342,40.610429999774581],[-96.698259000214847,40.610647999757397],[-96.697895999991701,40.610971000107362],[-96.697632000401057,40.611198999815514],[-96.697377000132917,40.611385000257499],[-96.696683000371962,40.61180899992366],[-96.696125000155149,40.612132000117164],[-96.694637000175803,40.612914999755894],[-96.693068999830516,40.613745999784442],[-96.690647999715623,40.615036999742387],[-96.690266999949131,40.615237000015405],[-96.689357000278108,40.615735000098631],[-96.688783000167746,40.616075999867164],[-96.688384999784489,40.616334999672155],[-96.687793000130782,40.616733000035239],[-96.687491999831892,40.616958000214254],[-96.68685900017033,40.617441000275882],[-96.686804999743643,40.62477900003195],[-96.696262000422493,40.624950999874983],[-96.697925000304011,40.624959000237496],[-96.698168999803173,40.624959999771342],[-96.702658999680423,40.624982999955499],[-96.703309999783684,40.624987000134944],[-96.703994000397202,40.62499000009889],[-96.705551999798431,40.624997999774905],[-96.705728000423846,40.624998999989984],[-96.705901999602801,40.612748000236984],[-96.707789999615215,40.612746999838407],[-96.707796000361313,40.612327000242423],[-96.707567999857375,40.612327000242423],[-96.707573999705147,40.610511000038962],[-96.715237999907814,40.610489999828282],[-96.715386000045825,40.610489999828282],[-96.722904999585211,40.610469000292987],[-96.724831000130777,40.610464999926137],[-96.725760000068377,40.610461999991777],[-96.729279000175254,40.610453999938954],[-96.729546000138953,40.610453999938954],[-96.732624000204865,40.610447000318139],[-96.734008000427124,40.610443999700998],[-96.734276000215729,40.61044299994991],[-96.734596999707776,40.61044000001462],[-96.734594000233059,40.610481000028244],[-96.7342460000785,40.617864999697886],[-96.732763000122034,40.622878000303444],[-96.73297099963618,40.623676000258008],[-96.733191999569129,40.623810999789356],[-96.73421799959111,40.624928999896028],[-96.734369999927068,40.624927999679862],[-96.734329999744091,40.625593999872258],[-96.734278999690474,40.62612299980924],[-96.734231000009899,40.62668799967178],[-96.733878999657378,40.632179000046072],[-96.73380800041059,40.637130000000383],[-96.73374599958801,40.640069000092019],[-96.733717000174011,40.643098000093779],[-96.733907000144796,40.6431019998697],[-96.743184999825175,40.64302999977695],[-96.74318300017535,40.643195999987498],[-96.743178999977388,40.643546000088598],[-96.743172000304696,40.644011999914184],[-96.743137999969505,40.646420999864645],[-96.743133999771544,40.646678000130152],[-96.743132000121719,40.646845000016164],[-96.743031999664296,40.653928999952342],[-96.742886999899341,40.660284000301864],[-96.742700000301596,40.668440999855058],[-96.747964000305757,40.668470000157662],[-96.74802200003208,40.668601999683972],[-96.748088999979217,40.6688020003267],[-96.748140000032862,40.668918999709184],[-96.748186999888517,40.669004000162566],[-96.748278999950031,40.669241000077022],[-96.748357999592741,40.669394000212634],[-96.748402999798586,40.669554999784779],[-96.74843200011091,40.669719000328982],[-96.748434999585641,40.669800999768462],[-96.748422999890067,40.669882000245835],[-96.748382999707104,40.670002999984966],[-96.748212999827786,40.670349999866119],[-96.748087000329392,40.67057799988892],[-96.748053999819135,40.670656000148064],[-96.748038999750506,40.670737999798042],[-96.747992999719756,40.670856000081166],[-96.747934999993447,40.670971000213939],[-96.747883000114925,40.671106000175996],[-96.747859999650373,40.671269000109149],[-96.747871000419337,40.671310000251147],[-96.747890999612508,40.671347999762034],[-96.747918000275007,40.671384000210992],[-96.747955999909848,40.671412999915027],[-96.748001999940598,40.671435999765343],[-96.748023999681891,40.671472999685619],[-96.748078000108578,40.671633000172484],[-96.748097000375154,40.671713999787166],[-96.748105999697657,40.672001999891279],[-96.748138000383022,40.67216499967811],[-96.748141999682673,40.672205999950521],[-96.748118000291555,40.672370000106639],[-96.748119999941366,40.672451999692797],[-96.74813099981202,40.67249200028521],[-96.748174000368039,40.67256799998205],[-96.748232999919267,40.672637999859241],[-96.748268999904283,40.672667999881455],[-96.748357999592741,40.672715000252481],[-96.748392999752852,40.672746999920783],[-96.748410000369603,40.672786000155817],[-96.74841500039247,40.672827000046318],[-96.748408999646372,40.672867999911659],[-96.748391000103041,40.672908000254495],[-96.748356999767836,40.67293800015522],[-96.748308000262341,40.672958000308675],[-96.748206999980013,40.672987000009471],[-96.748157999576208,40.673007000148225],[-96.748119000116461,40.673034000155639],[-96.748088000154311,40.673069000199447],[-96.748063000039977,40.673105999894894],[-96.748052000169309,40.673144999919948],[-96.748083000131444,40.673225000249275],[-96.748253000010763,40.673571999714987],[-96.748330000003662,40.673681000293577],[-96.748362999615622,40.673713999664812],[-96.748405000346736,40.673738999735015],[-96.748503000256022,40.673778000071081],[-96.748540000065944,40.673804999766332],[-96.748560999982317,40.673842999899243],[-96.748587999746519,40.673924000235736],[-96.748606000188175,40.674005999954673],[-96.74862100025679,40.674045000134605],[-96.748643999823017,40.674083000130686],[-96.748735999884516,40.674185000120779],[-96.748812000052496,40.674242999805053],[-96.748941999748851,40.674316999916364],[-96.749042000206273,40.674350000335401],[-96.749145999963346,40.674372999853901],[-96.749198999666788,40.674379000112083],[-96.749308000345053,40.674377999955567],[-96.749572999760602,40.674338999970466],[-96.749667000370252,40.674298000328356],[-96.749719000248788,40.674290999905011],[-96.74988099973217,40.674307999861163],[-96.750298000382017,40.674368999908602],[-96.750373999651686,40.674368999908602],[-96.750427000253453,40.674363000330843],[-96.750480999781786,40.674364999963053],[-96.750585000437198,40.674388000157691],[-96.750630999569637,40.674410000188367],[-96.750673000300736,40.674437000308963],[-96.750704000262871,40.674468999832087],[-96.750782999905596,40.674578000306866],[-96.750802999997077,40.674615999999205],[-96.750809999669784,40.674657000127034],[-96.750829999761265,40.67469400030388],[-96.750896999708417,40.67476000007111],[-96.750934000416649,40.674789999819858],[-96.750976000249437,40.674816000317882],[-96.75116200002229,40.674899999918551],[-96.751481999689418,40.675123000007702],[-96.751511000001742,40.675157000172639],[-96.75161599958372,40.675347000174256],[-96.751629999827429,40.675386999711172],[-96.751638000223352,40.675428000046168],[-96.751633000200471,40.675468999674649],[-96.751619999781681,40.675508999819669],[-96.751599999690185,40.675547999801687],[-96.751572000101092,40.675582999888398],[-96.751535000291184,40.675614000086121],[-96.751490999910246,40.675636999849893],[-96.751439999856629,40.675650999731822],[-96.751386000328267,40.675659000149679],[-96.751331999901595,40.675659000149679],[-96.751172000068024,40.675632999980415],[-96.751119000364582,40.675627999972882],[-96.751064999937896,40.675631999842658],[-96.750958999632701,40.675653000006704],[-96.750914000325167,40.675674000164136],[-96.750878000340151,40.675705000319546],[-96.750848000202907,40.675740000323842],[-96.750838999982093,40.675761999908339],[-96.750833000134321,40.675779000170714],[-96.750834999784132,40.675820999718283],[-96.750843000180055,40.675861999786385],[-96.750864000096456,40.675898999975765],[-96.750898000431633,40.675931000159785],[-96.750941000089341,40.67595700021289],[-96.750992000142972,40.67596899976229],[-96.751207000228121,40.675988999687775],[-96.751311999810099,40.676009000288623],[-96.751361000213905,40.676025999806669],[-96.751407000244669,40.676047999978138],[-96.751444999879496,40.676076999697543],[-96.751609999735933,40.67633699988383],[-96.751644000071124,40.676368999857672],[-96.751683000429196,40.676398000118695],[-96.751772000117654,40.676444999904199],[-96.751967999936227,40.676513999674256],[-96.752159999556852,40.676590000236828],[-96.752224000029273,40.676609999976023],[-96.751999999723267,40.677138000186652],[-96.751817000323499,40.682921000331156],[-96.749280999682554,40.682934000017667],[-96.747083000048747,40.682945000326853],[-96.742378000086305,40.682969000313953],[-96.742339999553167,40.685730999741445],[-96.742280000177018,40.690211999891538],[-96.742239999994041,40.69474799977219],[-96.742198000161252,40.695196000267686],[-96.742140000434929,40.695588999856213],[-96.741940000418396,40.696102999893711],[-96.741681999777214,40.696617000052044],[-96.741424000034357,40.6969889998661],[-96.740940000335684,40.697492999859655],[-96.74299599967928,40.69749900007988],[-96.749156999833986,40.697514999756301],[-96.752654000199584,40.697524999892671],[-96.753864000344564,40.697528000001384],[-96.753844000253096,40.701152999744757],[-96.756224000360078,40.701157000125896],[-96.756246000101399,40.697535000027536],[-96.758745000034097,40.697542000052948],[-96.761110000072478,40.697548000268718],[-96.763429000080123,40.697553999802913],[-96.763504000423183,40.697553999802913],[-96.769550000051865,40.69756900033866],[-96.777805999908239,40.697589999720897],[-96.780289999772322,40.697596999740533],[-96.782295999785504,40.697602999951343],[-96.790035000331244,40.697624000003898],[-96.793683000309542,40.697634000123898],[-96.793792999914416,40.697634000123898],[-96.793790000439671,40.699170999973141],[-96.795671999706002,40.699165999688155],[-96.795673000429233,40.697640000331425],[-96.796855000086808,40.697642999753889],[-96.796834999995312,40.703523000257704],[-96.796829999972445,40.704953000163798],[-96.796805999683016,40.712143000072189],[-96.803062000272277,40.712158000046095],[-96.8062730004076,40.712166000166995],[-96.811206999800561,40.712178000006062],[-96.815673000286694,40.712189000253808],[-96.825217000105866,40.712103000125275],[-96.825289000075884,40.712103999715666],[-96.834738000358797,40.712226000021609],[-96.835986999963524,40.712229999737602],[-96.836027000146501,40.707099999668152],[-96.836043999864941,40.704991000244448],[-96.834842999940776,40.704987000093631],[-96.834949000245999,40.697747999887547],[-96.837948999595795,40.697757000183159],[-96.838140000289826,40.697757999988944],[-96.838122999673061,40.683132999880833],[-96.838125000221211,40.682988000155667],[-96.819235999876199,40.682840000026339],[-96.819372000318637,40.676417999915543],[-96.819537000175089,40.668699000036526],[-96.819546000395903,40.668257000061303],[-96.838326000062665,40.668409000164388],[-96.838410999553162,40.663812000302897],[-96.838497999591794,40.653888000029234]],[[-96.748318000308089,40.624856999976025],[-96.748308000262341,40.625109999910748],[-96.74819500028444,40.62543299988981],[-96.74817900039092,40.625928999925819],[-96.748180000215825,40.626935999921642],[-96.748144000230809,40.628331999672888],[-96.748144000230809,40.628489999677917],[-96.745776999644278,40.628494999810023],[-96.745415000144362,40.62849599997277],[-96.745227999648293,40.62849599997277],[-96.745041000050534,40.62849599997277],[-96.744846000056867,40.628497000135511],[-96.744608000405492,40.628497000135511],[-96.74406799973201,40.62849800029818],[-96.743642999584566,40.628498999779104],[-96.743527999956839,40.628499999941795],[-96.74340599975811,40.628501000104471],[-96.743224000183218,40.628501000104471],[-96.741005999559619,40.628515000334836],[-96.741044999917676,40.628398000315904],[-96.741114000412963,40.628192999747718],[-96.741209999774114,40.627910999707169],[-96.741321000102189,40.627624999818202],[-96.741204999751261,40.627625999993988],[-96.740147999767132,40.627631000190824],[-96.740158999637785,40.627604999708645],[-96.740172000056575,40.627586999945827],[-96.74020300001871,40.627553000077526],[-96.740224999760031,40.627515000164138],[-96.740229999782898,40.627505999930278],[-96.740230999607803,40.627492999666174],[-96.740240999653565,40.627473999695077],[-96.740259000095207,40.627458999750012],[-96.7402659997679,40.627442000126337],[-96.74026800031605,40.627431000207089],[-96.740269999965861,40.62742199996196],[-96.740300000103105,40.627374999722527],[-96.740307999600702,40.627366000151603],[-96.740319000369666,40.627340999746295],[-96.74033100006524,40.627314999833047],[-96.740356000179588,40.627268999699432],[-96.740381000293951,40.627245000121093],[-96.740388999791548,40.627234000169395],[-96.740403000035272,40.627209999896685],[-96.740419999753698,40.627182999750026],[-96.740433000172487,40.627167999739555],[-96.740439000020274,40.627157999958001],[-96.740455999738714,40.627141000257716],[-96.7404619995865,40.627131999973464],[-96.74047300035545,40.627127999922507],[-96.740489000248985,40.627118000134921],[-96.740493000446946,40.627107999664098],[-96.740496999746597,40.627096000187976],[-96.7405040003176,40.627077000103938],[-96.740509000340467,40.62706700030872],[-96.740522999685865,40.627053999959152],[-96.740545000325483,40.627030000303499],[-96.740556000196136,40.627019000316437],[-96.740577000112538,40.62700300008408],[-96.740593000006058,40.626999000025386],[-96.740604999701617,40.62698299978824],[-96.740614999747379,40.626975999853741],[-96.740620999595151,40.626967999732891],[-96.74067500002181,40.626919999669404],[-96.740692999565184,40.626912999728304],[-96.740706999808879,40.626912000223641],[-96.740720000227668,40.62690699997296],[-96.74072699990036,40.62689599996564],[-96.74072799972528,40.626883999769632],[-96.740742999793881,40.626857999678414],[-96.740752999839629,40.62685099973082],[-96.740798000045487,40.626799999700722],[-96.740815999588818,40.626780000025889],[-96.740833000205569,40.626770000186205],[-96.740850999748915,40.626763000229381],[-96.740869000190585,40.626742999861612],[-96.740873000388532,40.626726000055683],[-96.740892999581718,40.626680000198178],[-96.740941999985523,40.626588999897628],[-96.740957999879029,40.62653099968631],[-96.740969999574617,40.626501000050965],[-96.740999999711832,40.626448000048647],[-96.741013999955555,40.626420000081858],[-96.741022000351464,40.626399000099084],[-96.741022000351464,40.626383999912569],[-96.741040999719729,40.626341999917784],[-96.741054999963424,40.626299999896581],[-96.741055999788344,40.626288999789281],[-96.741060999811197,40.626260000241416],[-96.741070000032039,40.626233999907313],[-96.741070000032039,40.62620899976006],[-96.741060999811197,40.626167000336977],[-96.741065000009158,40.626147999988689],[-96.741089000298601,40.626129000316766],[-96.741095999971293,40.626105999845493],[-96.741102999643985,40.626092999990618],[-96.741111000039908,40.626084000246941],[-96.741116999887694,40.626064999875041],[-96.741120000260736,40.626043000262982],[-96.741126000108537,40.625979999939226],[-96.741127999758348,40.625934000249657],[-96.741135000329365,40.625920000160036],[-96.741135000329365,40.62587200002514],[-96.741121999910575,40.625825000058498],[-96.74110400036723,40.625790999974974],[-96.741101999819094,40.625773999926722],[-96.741114000412963,40.62575200021881],[-96.741125000283617,40.625718000098125],[-96.74113699997919,40.625632999720686],[-96.741132999781229,40.625596999808991],[-96.741127999758348,40.625559999671125],[-96.74110400036723,40.625494999840043],[-96.741097999621132,40.62544499966473],[-96.741095000146402,40.625425000265935],[-96.741084000275734,40.625401000024894],[-96.741064000184252,40.625350999779208],[-96.741054000138519,40.625299999967289],[-96.741049999940543,40.625244999952642],[-96.741049999940543,40.625173999904028],[-96.741053000313599,40.625134999787569],[-96.741056999613235,40.625101000034604],[-96.741064000184252,40.625070999756907],[-96.741070000032039,40.625010999842928],[-96.741121999910575,40.624881999947554],[-96.741122999735495,40.624793999897172],[-96.74302800036466,40.62477900003195],[-96.743158000061001,40.624776000058517],[-96.743348999856707,40.624776000058517],[-96.74346799968238,40.624776000058517],[-96.74357999983539,40.624776000058517],[-96.743614999995486,40.624776000058517],[-96.743717999927654,40.624777000276922],[-96.744059000409493,40.624774000303404],[-96.744319999627095,40.624771999866439],[-96.744419000259612,40.624774000303404],[-96.7452150001278,40.624771999866439],[-96.745610999962935,40.624652999667617],[-96.745883999774406,40.624584000114147],[-96.745968000338308,40.624564999997283],[-96.746210000187645,40.624508000296167],[-96.746392999587442,40.624465999803462],[-96.746576999710442,40.624422999742436],[-96.746760000008564,40.624380000335499],[-96.746944000131563,40.624337999762297],[-96.747127000429685,40.624295000300656],[-96.747309999829469,40.624252999673992],[-96.747428999655142,40.62422399992397],[-96.74754900020406,40.624196999933744],[-96.748217000025747,40.624042000006028],[-96.74821200000288,40.624367000144666],[-96.748202999782052,40.624856999976025],[-96.748318000308089,40.624856999976025]]]},"properties":{"AREALAND":130168992,"AREAWATER":535358,"BASENAME":"68404","CENTLAT":"+40.6189839","CENTLON":"-096.7556428","FUNCSTAT":"S","GEOID":"68404","HU100":412,"INTPTLAT":"+40.6219069","INTPTLON":"-096.7552680","LSADC":"Z5","MTFCC":"G6350","NAME":"ZCTA5 68404","OBJECTID":30673,"OID":"221704258327904","POP100":1043,"ZCTA5":"68404","ZCTA5CC":"B5"}},{"type":"Feature","id":30674,"geometry":{"type":"Polygon","coordinates":[[[-97.084252999952,40.611383000101497],[-97.084262000172842,40.61087700031225],[-97.082667999888301,40.610869000309059],[-97.080872999762292,40.610865999710931],[-97.079857999610979,40.610851999872921],[-97.078564999625314,40.610840999949446],[-97.075664999834629,40.610832000196666],[-97.074991000165156,40.610840999949446],[-97.074627000117076,40.610835000114413],[-97.074110999733051,40.610827000106198],[-97.072286000368138,40.610822999760771],[-97.070954000024415,40.610811000086933],[-97.069481000113683,40.610790999716443],[-97.068332000068068,40.61078799979677],[-97.067348999703796,40.610776999862722],[-97.066956000241731,40.610779999782935],[-97.065766000188233,40.610771000021941],[-97.065208999796312,40.610773000196261],[-97.06520499959835,40.610619999987087],[-97.065238000108636,40.608254999987686],[-97.065262000398079,40.607417999728007],[-97.065284000139386,40.605631999945828],[-97.065309000253734,40.604530000329639],[-97.065311999728465,40.604226999833671],[-97.065315999926426,40.603626999977806],[-97.074795000346569,40.603612000134071],[-97.079592000370511,40.603606000332036],[-97.079731000287694,40.599985999987837],[-97.079002000366629,40.600044999962542],[-97.079046999674162,40.598637999871201],[-97.079081999834258,40.597285000116941],[-97.078491999830362,40.596836000162043],[-97.077771000305248,40.596277999950331],[-97.077894000328897,40.592224999822584],[-97.075233000014492,40.592189999669266],[-97.074774000430182,40.59218100013365],[-97.074769000407301,40.595607000271215],[-97.074769000407301,40.595769999768507],[-97.074535000055562,40.596379000228723],[-97.074495999697518,40.596366000046103],[-97.074396999963326,40.596341000317452],[-97.074294999856079,40.596325000240697],[-97.073401999903467,40.59633999967334],[-97.072932000448517,40.596354999784673],[-97.072320999629937,40.596349999975324],[-97.071487000126879,40.596353999822824],[-97.070518000006331,40.596366000046103],[-97.069832999567879,40.596353999822824],[-97.067322999764542,40.596346000127532],[-97.066045999672383,40.596348000051464],[-97.065433000102303,40.596341000317452],[-97.065458000216651,40.594348999859115],[-97.065475999759997,40.590446000327312],[-97.065491999653517,40.589327000263737],[-97.065495000026573,40.589118000270702],[-97.065216000367315,40.583301000030161],[-97.065252000352331,40.57994600024351],[-97.065255999651967,40.579877000237168],[-97.065254999827062,40.579840000026437],[-97.065259000025037,40.579512000324613],[-97.065240999583366,40.577092999765767],[-97.065240999583366,40.576886999828005],[-97.065260999674848,40.576397999886836],[-97.065293000360214,40.575361999923516],[-97.065621000423278,40.572863999982324],[-97.065664999905877,40.572862999669212],[-97.065630999570701,40.572756999829316],[-97.06561399985226,40.571744999855618],[-97.065616000400397,40.571598999987771],[-97.065629999745795,40.570593999942254],[-97.065629999745795,40.570565000107251],[-97.06567400012672,40.567371000007441],[-97.065675999776545,40.567213999872173],[-97.065674999951625,40.566436999674814],[-97.06567400012672,40.566107000313366],[-97.065670999753664,40.564951999971214],[-97.065691999670065,40.563500000022259],[-97.065711999761561,40.562090000103957],[-97.065711999761561,40.561196999989576],[-97.065710999936627,40.560012999915813],[-97.065710999936627,40.559739999982298],[-97.065664999905877,40.557016999912463],[-97.06558200006522,40.552824999731342],[-97.065575000392514,40.552463000177234],[-97.065571000194552,40.55136100009954],[-97.06556500034678,40.549451999801718],[-97.06556500034678,40.549003000252483],[-97.065566000171671,40.548454000280906],[-97.065532999661414,40.545927999900911],[-97.065517999592785,40.542573000183857],[-97.06550599989724,40.538329000255445],[-97.063658999892695,40.538305000148249],[-97.06271099968852,40.538300000096392],[-97.061688999864515,40.538300000096392],[-97.06014300015886,40.53828499993859],[-97.058999999961031,40.538281000032512],[-97.057917999862539,40.538283000326935],[-97.056977000229395,40.538269999777413],[-97.055947999834359,40.538263000110703],[-97.053931999775415,40.53823899997986],[-97.053078000180903,40.538245000184041],[-97.052318000297717,40.538237999832006],[-97.051329999910564,40.538241999740684],[-97.050496000407534,40.538232999775147],[-97.049696000341356,40.538240000127701],[-97.048727000220808,40.538223999808395],[-97.047934999652256,40.538214999840427],[-97.047783000214594,40.538218999750491],[-97.047572000327406,40.538223999808395],[-97.047007000437873,40.538224999956462],[-97.046419999908736,40.538237999832006],[-97.045258000342642,40.538241999740684],[-97.043120999909874,40.538231000161893],[-97.04139299973103,40.538217000136875],[-97.040370999907012,40.538214999840427],[-97.039591999757249,40.538201999960471],[-97.038005000043697,40.538200999812062],[-97.034658000364274,40.538139000138699],[-97.031405000396163,40.538117000262815],[-97.030557999576018,40.538107000130665],[-97.029435000367982,40.538108999747621],[-97.027547000355568,40.538079000025817],[-97.027543999982512,40.538685999725246],[-97.027533999936765,40.539241000005319],[-97.027527000264087,40.54012300013872],[-97.027528999913912,40.541360999709099],[-97.02751999969307,40.541768000086442],[-97.027511000370552,40.542169000186668],[-97.02748999955584,40.543148999866169],[-97.027511000370552,40.543934999924808],[-97.02750200014971,40.54446100018324],[-97.027483999708053,40.548145000324212],[-97.027472000012509,40.548987999761025],[-97.027468999639439,40.549728999954347],[-97.027446999898146,40.551995000070562],[-97.027450000271187,40.552346000115939],[-97.027441999875265,40.55261499975321],[-97.027099999568506,40.552621999967869],[-97.026021999667989,40.552625999700183],[-97.024973000079811,40.552623999834033],[-97.023916999920601,40.552628000248788],[-97.02279499963916,40.552625999700183],[-97.022192000114785,40.55263399984662],[-97.02096400042646,40.552643999857658],[-97.018612999733449,40.55264199999209],[-97.017549000076642,40.552656999665047],[-97.017194000249404,40.552655999732465],[-97.016399000206107,40.552653999867204],[-97.015440000131278,40.552659000212721],[-97.01439499984275,40.552663999875314],[-97.013258000390991,40.552676999678759],[-97.012448000279107,40.552673999881868],[-97.010560000266679,40.552680000158134],[-97.009915999836124,40.552685999751247],[-97.009088000180867,40.552676999678759],[-97.007370999872663,40.552695999754569],[-97.007114999779631,40.552698000301085],[-97.006081000260068,40.552691000094377],[-97.005018000428166,40.552690000162308],[-97.002948999767469,40.552681000090352],[-97.002023000202911,40.552682000022557],[-97.001096999740071,40.552676999678759],[-97.000047000326944,40.552681000090352],[-96.999265999629046,40.552678000293589],[-96.997638999732544,40.552661000077777],[-96.996734999909307,40.552656999665047],[-96.995971999653065,40.552645999723168],[-96.99437999991666,40.552645999723168],[-96.992643000415299,40.552660000145252],[-96.990545000340589,40.552662000010294],[-96.989712999589059,40.552659000212721],[-96.988808999765823,40.552649000203921],[-96.988336999762709,40.552652000001942],[-96.988334000287978,40.552406999671703],[-96.988355000204379,40.55171899968191],[-96.988361999877057,40.550979000306661],[-96.988352999656243,40.550788999894834],[-96.988354000379474,40.550710000240315],[-96.988372999747725,40.548906000063909],[-96.988370000272994,40.548257000225824],[-96.988392000014301,40.547047000243552],[-96.98839299983922,40.546741000001361],[-96.988407999907835,40.545775000128749],[-96.988398999686993,40.545333000113033],[-96.988423999801356,40.543266000295063],[-96.988427000174411,40.542442000085074],[-96.988443000067932,40.541651999868577],[-96.988439999694862,40.540790000219459],[-96.988475999679878,40.538140999754653],[-96.986647000117017,40.538155999944706],[-96.985348000283565,40.538149000266074],[-96.984163000252934,40.538158999709253],[-96.982599000105608,40.538145999818376],[-96.981505000311586,40.538145999818376],[-96.979997000240758,40.538158000242902],[-96.978751999935668,40.538152000030934],[-96.975401999883189,40.538177999807786],[-96.974729000038636,40.538176999659015],[-96.973692999970908,40.538166000069538],[-96.972559999818813,40.538167999684738],[-96.970644000217305,40.538172000280312],[-96.969674000271837,40.538169999982529],[-96.969449999965832,40.538175000044092],[-96.969413999980844,40.539404000306398],[-96.969408999957963,40.540778000266457],[-96.969418000178791,40.541348999858378],[-96.969413999980844,40.541893999671778],[-96.969374999622787,40.54394800005754],[-96.969374999622787,40.544824000038098],[-96.969356000254521,40.545875000175585],[-96.969358999729252,40.546665999755433],[-96.969340000360987,40.54750600003311],[-96.969326000117306,40.548631999898134],[-96.969316999896463,40.549028999913233],[-96.969295999980062,40.550306000178516],[-96.969259999995046,40.552539999942681],[-96.96927000004078,40.552700000164982],[-96.968998000054228,40.552704999824499],[-96.965069999693426,40.552691000094377],[-96.964114999816573,40.552702000028816],[-96.963472000109249,40.552690000162308],[-96.96295499990029,40.55269699968656],[-96.962593000400361,40.55270100009691],[-96.962570999760729,40.55270100009691],[-96.962385999812795,40.552703999892636],[-96.961547000286899,40.552700000164982],[-96.960700000365065,40.552702000028816],[-96.959782000298119,40.55269499982257],[-96.959783000123039,40.552770000142004],[-96.95978599959777,40.552962000249423],[-96.959593000152253,40.55295799985462],[-96.959209000012692,40.552956999926522],[-96.958957000117607,40.552942000320776],[-96.958342999824282,40.552887000144992],[-96.957680000025462,40.552820000080828],[-96.957196000326803,40.552778000271232],[-96.956906999723486,40.552766999666716],[-96.956074999870253,40.552758000287682],[-96.955687000431055,40.552759000218735],[-96.955525999874268,40.552759000218735],[-96.955090999681076,40.552770000142004],[-96.954996999969751,40.552772000003799],[-96.95336900024833,40.552787000330142],[-96.952384000234247,40.552802999901061],[-96.951472999840007,40.552798000248856],[-96.951236000013537,40.552788000260762],[-96.951056000088471,40.552782999924929],[-96.950953000156332,40.552778000271232],[-96.950882999836111,40.552784999786283],[-96.950655000230498,40.552805999692175],[-96.950415999855878,40.55280700030508],[-96.948318999606101,40.552781000063518],[-96.946423999920995,40.552769000211107],[-96.943499000015933,40.552731000095577],[-96.942283999848073,40.552709000234373],[-96.94208700020458,40.552709000234373],[-96.940785999822992,40.552709000234373],[-96.940784999998087,40.553720000102473],[-96.940774000127433,40.554760000274158],[-96.940752000386141,40.555450000195833],[-96.940742000340379,40.556235000021005],[-96.940742000340379,40.556723000010585],[-96.940732000294645,40.557677999819994],[-96.940727000271778,40.558969000090293],[-96.940708999830107,40.559918000310233],[-96.94068500043899,40.562116000142787],[-96.940687000088801,40.563162000258714],[-96.940667999822224,40.56446900005961],[-96.940655000301746,40.565758000231661],[-96.940651999928704,40.566105000167525],[-96.940656000126666,40.56669699978341],[-96.940661000149532,40.56722799997744],[-96.939793000311312,40.567227000262427],[-96.938711000212834,40.567211999759408],[-96.935946999966276,40.567196000219965],[-96.933267000283607,40.567179999994302],[-96.932462000194576,40.567165000163108],[-96.931143000269643,40.567167000277273],[-96.93113300022388,40.566977000083043],[-96.931150999767254,40.565950999676652],[-96.931154000140282,40.565436000233525],[-96.931170000033816,40.564924999919768],[-96.93118099990447,40.563914999776017],[-96.93118099990447,40.563289000313524],[-96.931175999881603,40.563009000281085],[-96.931195999973085,40.561838000254134],[-96.931201999820871,40.561511999940137],[-96.931204000368993,40.56141699973201],[-96.931231000133195,40.559935999872295],[-96.912224999612306,40.560043999872882],[-96.912226000335551,40.559957000265214],[-96.911308000268605,40.559970999841006],[-96.894012000383228,40.559750000296958],[-96.894009000010186,40.559648000156358],[-96.893805999620582,40.552507999988869],[-96.889149000237055,40.552560999925419],[-96.889297000375066,40.559713999703042],[-96.884570999597926,40.559680999937832],[-96.884778000185463,40.566911999910722],[-96.881085999826226,40.566879000282015],[-96.875352000367087,40.566855000169618],[-96.875573000300037,40.574148000072007],[-96.874723999830053,40.574142999966881],[-96.86628300002576,40.56679200000417],[-96.865236000087378,40.56678799975338],[-96.862274000372423,40.566775999681909],[-96.856385000204284,40.566752000214997],[-96.85644799995346,40.568996999850569],[-96.856590000243685,40.57402499997152],[-96.856792999734949,40.581226000121902],[-96.85681200000154,40.584871000319922],[-96.856841000313864,40.590139999951646],[-96.856842999963675,40.590452999996245],[-96.856844999613514,40.590914999721335],[-96.856870999552754,40.595765999886012],[-96.851742000166126,40.595744999817001],[-96.850450000005367,40.595739999961978],[-96.837797999983053,40.595688000083619],[-96.837926999854488,40.599677999794721],[-96.838273000359223,40.610393000101077],[-96.81919400004341,40.610263999936429],[-96.809789999966327,40.610219999844446],[-96.809748999958458,40.610219999844446],[-96.800463999707063,40.610175999723445],[-96.800294999652664,40.610174999968393],[-96.80029600037588,40.610307999999428],[-96.800308999896359,40.613793000067275],[-96.800323000140054,40.61731499970702],[-96.800351999554067,40.624618999669288],[-96.797419000151422,40.624649999688529],[-96.796838000368382,40.624656000328393],[-96.795141000151659,40.624674000199391],[-96.790898999971503,40.624718000318154],[-96.790864999636312,40.62539399992459],[-96.78797200041663,40.628617999942954],[-96.787979999914242,40.628630999988061],[-96.78800599985351,40.628667999788071],[-96.788073999625567,40.628731000303226],[-96.788262999771462,40.628878999840389],[-96.788385999795111,40.62896900027377],[-96.788450000267517,40.629035000287217],[-96.788538000131069,40.629138999928159],[-96.788713000033255,40.62929599991844],[-96.788969000126301,40.629430000213063],[-96.788554999849509,40.629714999726822],[-96.788482999879491,40.629776000330651],[-96.788425999978088,40.6298460001167],[-96.788412999559284,40.629885999669312],[-96.788302000129519,40.630118000147178],[-96.788339999764361,40.630185999981698],[-96.788369000076671,40.630221000009882],[-96.788434000373996,40.630333999702955],[-96.788466000161051,40.63045500027237],[-96.78849200010032,40.630577000072414],[-96.788518000039588,40.63065700032319],[-96.788529999735147,40.630739000054703],[-96.788526000435496,40.63077899975417],[-96.788512000191801,40.630819000111401],[-96.788473999658649,40.630896999818766],[-96.788395000015939,40.631004999787578],[-96.788349999810094,40.631079000145078],[-96.788317000198134,40.631157999671629],[-96.788313999825078,40.631198999924088],[-96.788332000266749,40.631237999908095],[-96.788368000251765,40.631269000263728],[-96.78841500010742,40.631290000078572],[-96.788468999635768,40.631288999957661],[-96.788522000237535,40.631280999671787],[-96.78857300029118,40.631268000142498],[-96.788672000025386,40.631232999981336],[-96.788713000033255,40.631207000219845],[-96.788891000308482,40.631052000199183],[-96.789026999852609,40.630923999827345],[-96.789102000195683,40.630864999844945],[-96.789148000226447,40.630842000323014],[-96.789196999731914,40.630825000196985],[-96.789248999610479,40.630815000281274],[-96.789358000288729,40.630815000281274],[-96.789463999695627,40.630829000026509],[-96.789514999749244,40.630842999768852],[-96.78956300032813,40.630862000144894],[-96.789605999985824,40.630888000040713],[-96.789636000123068,40.630921000129945],[-96.789682999978737,40.630996000024091],[-96.789717000313928,40.631074000206461],[-96.789748000276063,40.631279000111441],[-96.789756999598566,40.631401999888716],[-96.789751999575714,40.63144299999135],[-96.789692000199565,40.631685999733811],[-96.789708000093086,40.631932000289318],[-96.789728000184581,40.63205500022719],[-96.789795000131718,40.632296999681905],[-96.789838999614332,40.632499999717091],[-96.789836999964521,40.632581999912304],[-96.789810000200333,40.632744999901576],[-96.789775999865142,40.632866000192493],[-96.789754999948755,40.632988999773332],[-96.789754999948755,40.63311199980928],[-96.789780000063118,40.633234000208653],[-96.789811999850158,40.633312999912512],[-96.789836999964521,40.633348999755171],[-96.789929999850941,40.633450999999326],[-96.790028999585147,40.633584000050227],[-96.790160000004704,40.633714999667099],[-96.790238999647428,40.633771000288739],[-96.790463999778311,40.633885000191782],[-96.790928000283827,40.634097000199581],[-96.791130999775092,40.634237000182949],[-96.79123500043049,40.634328999681088],[-96.791257999996702,40.63436400026454],[-96.791261000369758,40.634405999986058],[-96.791244999577913,40.634490000031604],[-96.791186000026684,40.634605000141683],[-96.791104000010918,40.634712000178837],[-96.79106100035321,40.634787999973661],[-96.791052999957287,40.634829000042295],[-96.791054999607113,40.634871000153026],[-96.79107700024673,40.634906999837412],[-96.791115999706491,40.634936999786746],[-96.791161999737241,40.634957999811441],[-96.791216000163914,40.634966000338537],[-96.791269999692261,40.634965000272686],[-96.791427999876021,40.634934000269631],[-96.791475999556596,40.634916999822025],[-96.791519000112615,40.634892000198533],[-96.791611999999034,40.634850000100968],[-96.791698000212747,40.634799000044438],[-96.791745000068417,40.634779000038328],[-96.791796000122048,40.634765999826669],[-96.79184899982549,40.634762000232982],[-96.791904000077082,40.634763999689014],[-96.79195799960543,40.634771000170552],[-96.792008999659075,40.634783000312716],[-96.79221200004865,40.634843000309381],[-96.792301999562014,40.63488599979663],[-96.792588999617209,40.635074999925536],[-96.792801000227627,40.635201999776569],[-96.793105000001248,40.635436999685005],[-96.793191000214975,40.635486999877912],[-96.79328400010138,40.635528000199017],[-96.793433999889217,40.635576000210456],[-96.793578999654173,40.635631999952906],[-96.793664999867886,40.635680999944654],[-96.79374100003588,40.635738999707591],[-96.793951999923067,40.635980000075072],[-96.793988999732989,40.636009000173814],[-96.794034999763738,40.636029999861336],[-96.794085999817369,40.636044999926206],[-96.794139000419136,40.636054999740416],[-96.794352999781069,40.636076000095123],[-96.794459000086263,40.636093000247655],[-96.794765000408034,40.636174000072643],[-96.79484599970057,40.636206000228924],[-96.79495399965559,40.636209999736117],[-96.7949889998157,40.636240999828409],[-96.795008000082277,40.636280000275946],[-96.795013000105129,40.636321000110058],[-96.795010999556993,40.636402999702796],[-96.795003000059396,40.63648499987648],[-96.795013000105129,40.6365260002664],[-96.795044999892184,40.636558000253963],[-96.795088000448217,40.636583999976942],[-96.795140000326754,40.636594999751821],[-96.795193999855101,40.636589000184671],[-96.79523900006096,40.636566999949487],[-96.795321000076726,40.636512999713197],[-96.795331999947365,40.636704000087768],[-96.795341999993113,40.636744000303999],[-96.795393999871663,40.636861000015003],[-96.795478000435565,40.636886000264617],[-96.795531999963913,40.636889999731061],[-96.795577000169772,40.636910999823165],[-96.795700000193406,40.636990999983645],[-96.795764999592421,40.637057000248355],[-96.795840999760401,40.63711600021287],[-96.795961000309319,40.637199000224904],[-96.79610699989918,40.637319999942584],[-96.796445000007992,40.637587000070461],[-96.796609999864415,40.637693000075309],[-96.796679000359703,40.637756000255671],[-96.796872999630168,40.637953999948621],[-96.796961000392017,40.638058000013416],[-96.797005999699536,40.638133000071051],[-96.797019999943245,40.638173000112772],[-96.797046999707419,40.638294000110108],[-96.7970519997303,40.638377000020888],[-96.797049000255569,40.63839400026913],[-96.797035999836766,40.638457999801496],[-96.796993000179071,40.638576999940533],[-96.796898999569407,40.638769999881085],[-96.796758000002427,40.639037999667913],[-96.796747000131774,40.639077999849043],[-96.796742999933812,40.639119000009792],[-96.796746000306854,40.639160000145417],[-96.796763000025294,40.639199000251018],[-96.796789999789468,40.639235000328277],[-96.796886999873863,40.639333999758996],[-96.797033000362049,40.639454999696994],[-96.79728699990693,40.639608999982507],[-96.797363000074924,40.639668999731995],[-96.797404999907712,40.639694000293353],[-96.797512000037827,40.639707000227091],[-96.797563000091458,40.639720000158299],[-96.797605999749166,40.63974400002467],[-96.797645999932129,40.639771999857821],[-96.797757000260219,40.639862999916247],[-96.797837999552755,40.639918000161039],[-96.797927000139524,40.639963999760873],[-96.798070000254654,40.640021999892781],[-96.798170999638685,40.64005200027033],[-96.798267999723066,40.640088999876689],[-96.7985160003185,40.640170000306632],[-96.79870700011422,40.640247999996582],[-96.798748000122089,40.640275000313693],[-96.798759999817662,40.640312999782196],[-96.798722000182835,40.640433999990599],[-96.798681999999857,40.640511000070973],[-96.798631999771132,40.640627999996539],[-96.798625000098454,40.640668999886955],[-96.798629000296415,40.640709999752239],[-96.798646000014841,40.640749000315566],[-96.798748000122089,40.640894999845194],[-96.798765999665449,40.640933000324033],[-96.798775999711197,40.640974000027164],[-96.798773000236451,40.641056000039441],[-96.798750999596834,40.64113699997764],[-96.798731000403649,40.641175000318711],[-96.798681999999857,40.641249000310921],[-96.798572000394998,40.641390000262454],[-96.798522999991192,40.641464000016327],[-96.798513999770378,40.641505000074908],[-96.79851799996834,40.641546000108313],[-96.798538999884727,40.641583000249888],[-96.798572000394998,40.641616999790728],[-96.79869000039578,40.641702000271238],[-96.798716000335034,40.641736999715945],[-96.798747000297197,40.641817000227817],[-96.798865000297951,40.642001999979335],[-96.798903999757698,40.642078000336603],[-96.798962000382346,40.642236999808617],[-96.799015999910694,40.642522999821836],[-96.799034000352364,40.642561000055501],[-96.799088999705646,40.642632000021528],[-96.799153000178052,40.642699000112245],[-96.799262999782911,40.642789000321521],[-96.799381999608599,40.642873000043821],[-96.799425999989523,40.642897000139854],[-96.799491000286849,40.642951999929657],[-96.799554999860945,40.643046000258707],[-96.79962099998319,40.643111000046233],[-96.799673999686647,40.643183000051593],[-96.799740999633798,40.643246999763925],[-96.799780999816775,40.643275000172608],[-96.799826000022605,40.643298000183073],[-96.799877000076222,40.643311000096581],[-96.79998500003127,40.643313999918952],[-96.80009399981121,40.643307000333181],[-96.800142000390096,40.643289999972858],[-96.800226999880593,40.643238000287361],[-96.800270000436626,40.643208999920809],[-96.800390000087219,40.643128999714023],[-96.8004389995927,40.643112999933805],[-96.800493999844292,40.643106000326952],[-96.800545999722829,40.643111999990047],[-96.800596999776459,40.643127999770506],[-96.800835000326131,40.643226000301766],[-96.80089600042551,40.643293999737274],[-96.800918000166831,40.643331000273115],[-96.8009590001747,40.643450999843402],[-96.801016999901023,40.643734000304427],[-96.801064999581598,40.64383800022533],[-96.801076000350577,40.643878000256628],[-96.801052999886039,40.644041999861678],[-96.801056000259067,40.644124000194694],[-96.801096000442044,40.644243999702468],[-96.801134999901791,40.644320000233392],[-96.801128000229099,40.644361999825975],[-96.801098999916789,40.644395999996156],[-96.801057000083986,40.644422000074535],[-96.800827999755128,40.644532999744527],[-96.800790000120301,40.64456100029534],[-96.800763000356127,40.644597000207249],[-96.800745999739362,40.6446359998627],[-96.800738000241779,40.644719000067305],[-96.80075599978511,40.644844000139585],[-96.800770000028805,40.644883000332328],[-96.800796999793008,40.644919000070558],[-96.800845000371879,40.64493799984885],[-96.800898000075321,40.644934000182964],[-96.800944000106071,40.644911999971534],[-96.800984000289048,40.645089999925268],[-96.801021000098984,40.645117000328632],[-96.801074999627332,40.645127000147042],[-96.801129000054019,40.645123999724532],[-96.801236000184119,40.645109000336447],[-96.801284999689628,40.645091999753539],[-96.80136699970538,40.645036999682297],[-96.801396999842623,40.645003999754138],[-96.801458999766893,40.644845999975232],[-96.801476000383644,40.644763999847633],[-96.801499999774776,40.644728000025793],[-96.801536999584698,40.644695999864943],[-96.801580000140717,40.644670999813762],[-96.801632000019254,40.64465600032387],[-96.801683000072885,40.644662999768173],[-96.801729999928554,40.644685999981903],[-96.801769000286598,40.644713999786916],[-96.801801000073652,40.644746999858469],[-96.801826000188015,40.644785000189152],[-96.801862000173031,40.644813999870948],[-96.801909999853606,40.644832999679139],[-96.802013999610665,40.644863999856746],[-96.802058999816509,40.644884000249597],[-96.802095999626431,40.644913999805155],[-96.802123000288944,40.644952000040746],[-96.802138000357544,40.644991000170378],[-96.802129999961622,40.645031000192297],[-96.802078999908019,40.645105999913127],[-96.801986999846491,40.645207999916295],[-96.801965000105184,40.645245000072656],[-96.801941999640661,40.645325999698656],[-96.80193699961778,40.645407999817387],[-96.801945999838608,40.645490999743537],[-96.801961999732143,40.645530000239773],[-96.802025000379643,40.645644999735403],[-96.802098999999487,40.645757999906181],[-96.802184000388309,40.645861000178691],[-96.802222000023136,40.645888000270155],[-96.802273999901686,40.645903000164779],[-96.802329999978184,40.645911000061737],[-96.802384000404842,40.645911999963609],[-96.802437999933204,40.645904000066771],[-96.802488999986821,40.645889000172367],[-96.802531999644543,40.645864999789033],[-96.802559000307042,40.645828999879463],[-96.802579000398509,40.645791000143142],[-96.802625000429259,40.645671999914249],[-96.802652000193433,40.645635999900563],[-96.802685999630327,40.645604000175048],[-96.802731999661077,40.64557899978238],[-96.802781999889774,40.645575000154906],[-96.802938000423708,40.6456190001335],[-96.802990000302245,40.645627000064508],[-96.803041000355876,40.645618000227245],[-96.803089000036451,40.645596000241241],[-96.80316400037951,40.645535999684967],[-96.803208999687058,40.645511999856303],[-96.803259999740675,40.645501000187515],[-96.80336900041894,40.645508000224808],[-96.803421000297462,40.645519999800129],[-96.803462000305359,40.645545000214859],[-96.80352800042759,40.64561200010786],[-96.803577999757991,40.645685000046974],[-96.803595000374742,40.645723999748277],[-96.803610000443371,40.645806000059565],[-96.803607000070315,40.645888000270155],[-96.803595000374742,40.64597100028093],[-96.803578999582911,40.646008999914706],[-96.803490999719358,40.64611400027912],[-96.803446000411824,40.646188000248436],[-96.803433999817955,40.646229000131619],[-96.803427999970182,40.646269999989684],[-96.803428999795074,40.646310999822489],[-96.803444999688608,40.646433999851418],[-96.803453000084531,40.646558000227444],[-96.803448999886569,40.646640000195688],[-96.803411000251728,40.646759999950895],[-96.803381000114499,40.646881000059295],[-96.80338500031246,40.646922000198352],[-96.803402999855791,40.646960999858408],[-96.803432000168129,40.646995999953347],[-96.803468000153131,40.647026999807878],[-96.80351099981084,40.647053000224453],[-96.803602000047448,40.64709699991019],[-96.803699000131815,40.647133999700948],[-96.803803999713793,40.647152000328539],[-96.803966999920434,40.647148999997121],[-96.804019999623861,40.647154999978277],[-96.804070999677492,40.647168999705158],[-96.804120000081312,40.647189000088808],[-96.804161000089181,40.647213999878332],[-96.804192000051316,40.647247999958793],[-96.804213999792637,40.647286000228668],[-96.804238999906985,40.647367000103898],[-96.804243000104947,40.647408999823824],[-96.804229999686143,40.647447999880832],[-96.804192000051316,40.647476999768656],[-96.804144000370741,40.647497000059985],[-96.803930999935417,40.647530000118664],[-96.80382700017833,40.647554999780496],[-96.803782999797406,40.647576999802276],[-96.803755000208326,40.647613000132139],[-96.803742999614428,40.647652999945713],[-96.80375299966019,40.64769400029207],[-96.80378100014758,40.647729999877178],[-96.803828999828156,40.64774300029061],[-96.804152999693258,40.647730999751793],[-96.804423999854905,40.647724999822373],[-96.804476999558375,40.647729000002585],[-96.804633999917201,40.647761999946496],[-96.804684000145912,40.64777999972317],[-96.80472500015378,40.647804999972927],[-96.804756999940835,40.647838999752253],[-96.804803999796519,40.647912999853574],[-96.804858000223177,40.6480299997543],[-96.80488300033754,40.648110000220775],[-96.804905999903767,40.648274000331966],[-96.804898000406155,40.64835600023644],[-96.804885999812285,40.648396000286262],[-96.804865999720789,40.648436000312103],[-96.804832000283909,40.648466000315779],[-96.804782000055198,40.64848399990251],[-96.804729000351742,40.648491000308503],[-96.804674000100178,40.648488000037226],[-96.804407000136479,40.648456000316038],[-96.80430000000635,40.648458000043455],[-96.804139000347874,40.648484999765827],[-96.804095999791841,40.648507000162596],[-96.804064000004786,40.648541000265901],[-96.804038000065546,40.648577999937615],[-96.804022999996917,40.648616999993038],[-96.804022000171997,40.648659000289385],[-96.804028999844704,40.648700000017683],[-96.804043999913318,40.648739000001868],[-96.804093000317124,40.648812999786784],[-96.804125999929084,40.648845000018326],[-96.804165000287142,40.648873999980651],[-96.804291999610442,40.648950000010174],[-96.80441100033444,40.649035999867422],[-96.804436000448788,40.649071000237221],[-96.804453000167229,40.649110999858465],[-96.804472000433805,40.649193000097569],[-96.80447400008363,40.649234000179369],[-96.804469999885669,40.649275000235967],[-96.804459000015001,40.649316000267326],[-96.804426000403055,40.649346999725751],[-96.804380000372305,40.649371000220022],[-96.804331999793419,40.649390000093987],[-96.804280999739774,40.649403000183987],[-96.804186000203543,40.649444000136754],[-96.804146000020566,40.64947100014178],[-96.804084000096296,40.649539000030224],[-96.804036000415707,40.649613000291119],[-96.804007999928302,40.649647999676766],[-96.80394000015626,40.649712999850223],[-96.803895999775307,40.649734999842153],[-96.803842000246945,40.649734999842153],[-96.803787999820287,40.649725000032625],[-96.803742999614428,40.649703999882398],[-96.803714000200429,40.649668999844607],[-96.803639999682261,40.649557999856356],[-96.80357299973511,40.649494000061644],[-96.803493000267494,40.649435999981726],[-96.80344800006165,40.649413999891216],[-96.803397999832939,40.649399999953772],[-96.803344000304577,40.649394000174404],[-96.803289000052999,40.649394000174404],[-96.803237000174462,40.649404000033535],[-96.803188999595562,40.649423999747356],[-96.803142999564798,40.649449000062766],[-96.803114999975719,40.649481999837754],[-96.803105999754891,40.649522999741926],[-96.803106999579811,40.649565000149636],[-96.803115999800625,40.649606000002869],[-96.803186999945737,40.649803999986702],[-96.803212000060114,40.649929000076682],[-96.803208999687058,40.649967000183068],[-96.80316400037951,40.649993000135773],[-96.803110999777758,40.649998000020645],[-96.802947999571131,40.650001000224016],[-96.802894000042784,40.65000799978926],[-96.802842000164262,40.650020999758915],[-96.802806000179245,40.650049999891706],[-96.802786999912655,40.650088999768471],[-96.802776999866921,40.650129999981282],[-96.80277500021711,40.650172000006933],[-96.802784000437939,40.650212000331358],[-96.802811000202112,40.650248999758148],[-96.802848000012034,40.650277999791847],[-96.802895999692595,40.650298999761425],[-96.802947999571131,40.650310000002477],[-96.803047000203648,40.650343000033203],[-96.803089999861371,40.650368000004313],[-96.803119999998586,40.650401999840952],[-96.803123000371642,40.650442999861433],[-96.803104999929971,40.650482000190024],[-96.803067000295158,40.65051100012252],[-96.80297500023363,40.650555000254506],[-96.802931999677611,40.650580000146185],[-96.80289700041584,40.650610999698984],[-96.802867000278596,40.650645999924265],[-96.802843999814073,40.650682999791968],[-96.802831000293594,40.650722999810078],[-96.802827999920552,40.650764000314894],[-96.802841000339328,40.650845999885888],[-96.802857000232862,40.650884999978942],[-96.802908000286479,40.650959000110305],[-96.802949000294362,40.651034999809845],[-96.803043999830606,40.651183000339365],[-96.803077000340892,40.651261000108747],[-96.803085999663423,40.651302000282989],[-96.803084999838489,40.651383999874355],[-96.803092000409507,40.651424999973031],[-96.80316400037951,40.65157999971948],[-96.803234999626312,40.651637999980522],[-96.803282000380307,40.651653999761642],[-96.803382999764324,40.651630000088531],[-96.803429999619993,40.651608999856329],[-96.803462000305359,40.651575999770145],[-96.803484999871571,40.651538999716045],[-96.803540000123164,40.651423000334518],[-96.803588999628658,40.651349000036177],[-96.803658000123932,40.65128499991458],[-96.80369999995672,40.651258999783771],[-96.80374699981239,40.651238000116315],[-96.803797999866021,40.651227000028236],[-96.803852000292679,40.651234000146488],[-96.803957999699591,40.65125799996202],[-96.804002999905421,40.651276999980254],[-96.804032000217745,40.651311999856205],[-96.804079000073415,40.651387999835244],[-96.804095999791841,40.651427000293076],[-96.804104000187763,40.651467999683767],[-96.804103000362858,40.651510000230367],[-96.804089000119163,40.651548999935287],[-96.804057000332108,40.651582999851733],[-96.804012999951183,40.651607000223287],[-96.803965000270594,40.651626000142151],[-96.803761999881004,40.651682999866331],[-96.803710999827388,40.65170199976356],[-96.803677000390508,40.651730999847338],[-96.803658000123932,40.651770000104683],[-96.803648999903103,40.651811999779646],[-96.803658999948837,40.651850999989648],[-96.803696999583678,40.651882000315034],[-96.803744000337659,40.651902999779821],[-96.803795000391304,40.651916999873642],[-96.803956000049766,40.651937000197378],[-96.804059999806825,40.651959999948879],[-96.804109000210644,40.65197700014528],[-96.804150000218527,40.652002999996348],[-96.804177999807621,40.652038999983112],[-96.804183999655393,40.652079999679316],[-96.804181000180662,40.652121999840688],[-96.804154000416489,40.652156000146661],[-96.804119000256392,40.652188000138167],[-96.804090999768988,40.652223000217809],[-96.804069999852601,40.652262000187598],[-96.804069999852601,40.652302999746773],[-96.804095999791841,40.652337999766097],[-96.804130999951937,40.652369999670384],[-96.80417299978474,40.652396000049819],[-96.804356000082848,40.652483999843469],[-96.804495999824923,40.652545000089226],[-96.804737999674259,40.652637000253868],[-96.804937999690821,40.652700999760242],[-96.80567300035797,40.652959999968218],[-96.805946999994347,40.653092000203202],[-96.806023999987232,40.653151000306387],[-96.806084000261706,40.653218999852363],[-96.806128999569225,40.653293999912648],[-96.806177000148111,40.653411999709611],[-96.806194999691471,40.653493000327366],[-96.806203000087379,40.653574999952255],[-96.806198999889432,40.653673999921985],[-96.811714999788677,40.653728999690273],[-96.819532999977127,40.653806000107487],[-96.819410999778398,40.643423000190133],[-96.819399999907745,40.642421999759307],[-96.819363000097809,40.639283999720575],[-96.828798000137027,40.639327999756361],[-96.830521000293004,40.639412999743342],[-96.830810999822916,40.639396999754069],[-96.831377000435651,40.639363999764058],[-96.833447999847863,40.639349999763361],[-96.836169000436726,40.639387999758426],[-96.836290999737145,40.639394999755162],[-96.836412999935888,40.63938999975754],[-96.836534000309697,40.63937299976299],[-96.836649999762358,40.639343999762175],[-96.836714000234778,40.639320999752606],[-96.836755000242647,40.63930599974212],[-96.836877000441376,40.639232000322586],[-96.837013999810438,40.63913600006908],[-96.837231000443708,40.638951999878948],[-96.837352999744141,40.638819000296373],[-96.83775799980009,40.638498999661401],[-96.838172000076881,40.638293000094116],[-96.838191000343457,40.638285999981825],[-96.838249000069766,40.638283999949628],[-96.838363999697492,40.63832199986981],[-96.838361000222761,40.638670000285295],[-96.838372000093415,40.63887100001611],[-96.838499000315025,40.643562999702027],[-96.838497999591794,40.653888000029234],[-96.838410999553162,40.663812000302897],[-96.838326000062665,40.668409000164388],[-96.819546000395903,40.668257000061303],[-96.819537000175089,40.668699000036526],[-96.819372000318637,40.676417999915543],[-96.819235999876199,40.682840000026339],[-96.838125000221211,40.682988000155667],[-96.851782000349104,40.682967000258586],[-96.857136999691548,40.682967000258586],[-96.85696900036038,40.694192999832069],[-96.856915999758613,40.695734999925577],[-96.856843999788595,40.696040000321005],[-96.856743000404549,40.69629899977258],[-96.856632999901407,40.696528000092506],[-96.856439999557551,40.696838000041907],[-96.856114999867529,40.697216000229702],[-96.855461000289537,40.697810999888276],[-96.855683999872312,40.69780900027834],[-96.863436999763437,40.697831999875312],[-96.867338000360064,40.697844000254108],[-96.86754400022437,40.697834000165628],[-96.872307999738041,40.697610999777545],[-96.874121000305706,40.697535000027536],[-96.874485000353772,40.697599000037854],[-96.875277000024028,40.696292000297646],[-96.876214000357521,40.694820999746732],[-96.876385000061745,40.694562999851769],[-96.876604000344869,40.694212999738433],[-96.876733000216305,40.694010999999897],[-96.876862000087726,40.693806999918884],[-96.87714199957189,40.693387999980537],[-96.877533000282455,40.692789000122204],[-96.877715999682252,40.692552000140033],[-96.877907000376268,40.69232000011413],[-96.878109999867547,40.69209800023139],[-96.878571000000008,40.691584999845169],[-96.878952999591405,40.691204999913772],[-96.879217999905279,40.690922999800712],[-96.8794720003485,40.690673999686922],[-96.879705999801928,40.690425000004979],[-96.880017999971457,40.690045000269734],[-96.880202000094457,40.689808000063636],[-96.880366000126003,40.689547000042609],[-96.880490999799463,40.689357000326467],[-96.880618999845979,40.68915799997481],[-96.88072099995324,40.688991999692327],[-96.880869000091238,40.68871899990426],[-96.88097000037358,40.688500000119156],[-96.881131000032056,40.688126000007159],[-96.881310000132203,40.687663000299288],[-96.881529000415327,40.687131999775524],[-96.881926999900273,40.686156000024809],[-96.882063000342697,40.685833000301841],[-96.882192000214147,40.685536000098821],[-96.882265999833976,40.685397000099584],[-96.882394999705411,40.685175000313066],[-96.882684000308728,40.684711999857932],[-96.882793000088668,40.684549000093092],[-96.882937000028733,40.684346999668321],[-96.883136000220347,40.684086000057647],[-96.883296000053917,40.683895999758235],[-96.883451999689527,40.683703000229713],[-96.883624000116981,40.683524999752635],[-96.883877999661877,40.683278999994741],[-96.884162000242327,40.683029999929971],[-96.884685000299058,40.682620999996125],[-96.884978000202011,40.682400999891385],[-96.887015000177342,40.681009999756633],[-96.893609999802024,40.676455999921707],[-96.894533999716728,40.67581300000117],[-96.894983000153616,40.675498000327217],[-96.895333999782892,40.675239999881406],[-96.895560999563628,40.675059000211199],[-96.895739999663746,40.674913999955244],[-96.895954999748923,40.674715000082074],[-96.896153999940552,40.674525000323321],[-96.896337000238645,40.674341000284656],[-96.897231000016149,40.673403999786871],[-96.897679999554725,40.672920999849765],[-96.89816699962644,40.672386999871307],[-96.898565000009697,40.67196199968626],[-96.900387999724785,40.670040000019029],[-96.900832999963711,40.669563000252751],[-96.901730000114242,40.66863800025277],[-96.902978999718997,40.668638999814007],[-96.913642000344865,40.668731999829312],[-96.914376000288783,40.668725000184352],[-96.915342000036304,40.668726999985637],[-96.917409999973771,40.668739000154865],[-96.918186999575397,40.66873100026941],[-96.918613000446072,40.668725999744282],[-96.91975499992067,40.668725999744282],[-96.920559000184795,40.66873000002812],[-96.922003999608108,40.66875600016386],[-96.922916999652188,40.668751000321983],[-96.923273000202656,40.668748999840041],[-96.92533500029235,40.668739000154865],[-96.927593000200602,40.668717000297157],[-96.92828299976361,40.668714000254091],[-96.928491000176066,40.668713000012545],[-96.929287999869189,40.668722000141585],[-96.930078999714524,40.668720999900216],[-96.930876000305943,40.668725000184352],[-96.931883000061347,40.668717000297157],[-96.932771999815969,40.668717000297157],[-96.932777999663756,40.669283999887867],[-96.932755999922449,40.669773999814588],[-96.93275699974734,40.670405000194002],[-96.932748000424851,40.67088500001487],[-96.932733000356222,40.671365999988915],[-96.932728000333356,40.672386999871307],[-96.932736999655873,40.673015999697704],[-96.932744000226876,40.673587999686099],[-96.932719999937433,40.67477900020878],[-96.932709999891699,40.675513999836085],[-96.932702000394073,40.675788000027346],[-96.932693999998165,40.676055000216948],[-96.932693000173259,40.676934999666308],[-96.932704000043898,40.677630999947425],[-96.932694999823084,40.67811499992753],[-96.932684999777322,40.678677000213511],[-96.932685999602256,40.679493000168804],[-96.932678999929536,40.680137000090646],[-96.932674999731589,40.680479000043754],[-96.932683999952417,40.681269999778401],[-96.932668999883802,40.681960000185569],[-96.932659999662974,40.682900999760413],[-96.932663999860949,40.68320200022184],[-96.932668000058911,40.683477000170242],[-96.932663999860949,40.684032000128013],[-96.932667000233991,40.685623999767138],[-96.932644999594359,40.687409999739785],[-96.932658999838068,40.689428000215635],[-96.932659999662974,40.689678000144397],[-96.93264600031759,40.690142999996567],[-96.932647000142509,40.690742999713152],[-96.932664999685855,40.691014000250242],[-96.932688000150378,40.692180999961174],[-96.932689999800203,40.692965999817602],[-96.932682000302606,40.693652000224382],[-96.932661000386204,40.694331999874287],[-96.932654999640107,40.694963000065179],[-96.932642999944548,40.695567999843284],[-96.93260000028684,40.696328000216511],[-96.932564000301824,40.696628000145893],[-96.932493999981631,40.696987000231495],[-96.932405000293159,40.697311000188314],[-96.932232999865718,40.697768000088836],[-96.932120999712723,40.697991999753576],[-96.932437000080213,40.697996000324487],[-96.932677000279725,40.697994999841264],[-96.932697000371206,40.697994999841264],[-96.932714000089661,40.697994999841264],[-96.932791000082545,40.697994999841264],[-96.932808999625891,40.697994999841264],[-96.932827999892453,40.697994000039039],[-96.932858999854616,40.697994000039039],[-96.932895999664524,40.697994000039039],[-96.933474999797753,40.697991999753576],[-96.935919000377183,40.697990999951308],[-96.937625999741314,40.698015999770242],[-96.93898200037448,40.698005999707576],[-96.940085000389374,40.697997999928809],[-96.941174000160515,40.698011999881608],[-96.942741999607478,40.698005999707576],[-96.944042000164174,40.698014000166459],[-96.945522999572489,40.698000000214144],[-96.946139000413936,40.698004000103502],[-96.946848000243506,40.697994000039039],[-96.947680000096739,40.698000000214144],[-96.948231999567454,40.697993000236849],[-96.948311999933395,40.697993000236849],[-96.94889400043968,40.697990999951308],[-96.948927000051626,40.697991999753576],[-96.948961000386831,40.697993000236849],[-96.948978999930176,40.697993000236849],[-96.94917899994671,40.697997999928809],[-96.949392000382062,40.698004000103502],[-96.94943400021485,40.698004000103502],[-96.950241999778612,40.69800100001622],[-96.95059699960585,40.697972000300574],[-96.950744999743875,40.697946999784051],[-96.950916000346396,40.697893999992928],[-96.95096099965393,40.69786200013715],[-96.950984000118467,40.697845000058528],[-96.951036999821909,40.697783999700647],[-96.951122000210731,40.697667999703413],[-96.951424000334512,40.697180000109661],[-96.951486000258811,40.697063999741729],[-96.951542000335294,40.696924000132562],[-96.951568000274548,40.696807000179973],[-96.951579000145202,40.696694999811662],[-96.951579999970122,40.695676000034069],[-96.951586999642814,40.695222000298223],[-96.951598000411792,40.694864000086149],[-96.951591999665695,40.694102000318665],[-96.951605999909376,40.693396000312873],[-96.951605000084484,40.692482999943728],[-96.951631999848658,40.691111000008696],[-96.951630000198847,40.690449999938458],[-96.951631999848658,40.690207000296382],[-96.951667000008754,40.686777000284152],[-96.951677000054488,40.685789000279613],[-96.951677000054488,40.685078000088261],[-96.951701000343945,40.68430000000442],[-96.951692999948037,40.68358200014849],[-96.951683999727194,40.683307999974637],[-96.952026999858873,40.683305999929452],[-96.952955999796458,40.683316000154811],[-96.954642000142513,40.683313000087395],[-96.955413999721273,40.683321000266901],[-96.95748400020689,40.683328999764285],[-96.958629999879449,40.683332999853228],[-96.960565999572452,40.683330999808788],[-96.960984999872096,40.683329999786565],[-96.961240999965142,40.683336999941922],[-96.961230999919408,40.684002999781903],[-96.961208000353182,40.686451000238826],[-96.961226999721447,40.687614000333248],[-96.961223000421811,40.688728000057331],[-96.96120599980506,40.690427999752252],[-96.961190999736431,40.691923999953481],[-96.961196999584217,40.694034000226949],[-96.961199000132353,40.694449000086806],[-96.961200999782164,40.694977999822129],[-96.961190999736431,40.695725000201612],[-96.961195999759298,40.696458000102027],[-96.961193000284567,40.696600000336808],[-96.961178000215952,40.697298999713503],[-96.96118599971355,40.697683000213488],[-96.961200999782164,40.697764000185252],[-96.961252999660701,40.697852999855677],[-96.961326000353964,40.697917000241567],[-96.96135999979083,40.697956000052834],[-96.961491000210401,40.698011999881608],[-96.961668999587317,40.698031000201958],[-96.961753000151219,40.698025999831401],[-96.962155999659046,40.698025999831401],[-96.962494999592749,40.698025000029702],[-96.962841999922389,40.698024000227925],[-96.96303000024335,40.698022999745113],[-96.963171999635279,40.698022999745113],[-96.963339000039852,40.698022999745113],[-96.963580000064269,40.698021999943364],[-96.963656000232262,40.698021999943364],[-96.963769000210164,40.698021000141544],[-96.963847000027968,40.698021000141544],[-96.964295999566545,40.698017000253209],[-96.964710999668227,40.698012999683506],[-96.974068999714561,40.697949999873813],[-96.974083999783176,40.697959000142127],[-96.9745850000986,40.697949999873813],[-96.989755000320173,40.697942999891268],[-96.990727999740372,40.697939999801243],[-96.990741000159176,40.697939999801243],[-96.990768999748255,40.697942000088261],[-96.990864000182825,40.697942000088261],[-96.990875999878369,40.697942000088261],[-96.990967000114992,40.697942000088261],[-96.995611999802961,40.697939999801243],[-96.995840000306899,40.697939999801243],[-96.997221000156117,40.698106000266698],[-96.997240000422678,40.698106000266698],[-96.99743799989109,40.698103999984554],[-96.998905999778927,40.698110000149697],[-96.999275999674808,40.698117000114685],[-96.999299999964236,40.698117000114685],[-97.000311999742507,40.69811600031435],[-97.001377999947451,40.698114000032504],[-97.001492999575191,40.698114000032504],[-97.001594999682439,40.698114000032504],[-97.002822000444183,40.698114999832868],[-97.003659000320269,40.698117000114685],[-97.004902000077209,40.698113000232063],[-97.006178000344434,40.698120000196745],[-97.007611000072188,40.698120000196745],[-97.008715999736879,40.69812799996091],[-97.009143000432459,40.698131000042473],[-97.010570000312427,40.698135999724073],[-97.010891999629393,40.698135999724073],[-97.011404999640391,40.698134999923973],[-97.01243700040844,40.698148000048114],[-97.012747999854753,40.698148000048114],[-97.012884000297191,40.698148999847973],[-97.013546000271091,40.698148999847973],[-97.014640000065128,40.698151000128775],[-97.015488999636773,40.698144999967269],[-97.015981999556288,40.698148999847973],[-97.016326000411183,40.698151999928584],[-97.016639000405632,40.698155000009066],[-97.016698999781752,40.698155000009066],[-97.016919999714702,40.698152999728428],[-97.017235000257301,40.698151000128775],[-97.017882000162587,40.698147000248184],[-97.018310999609668,40.698151999928584],[-97.019216999981026,40.69816400024974],[-97.020320999820811,40.698162999769032],[-97.021039999696129,40.698169999728457],[-97.02129599978916,40.698172000008576],[-97.02194299969446,40.698178000167644],[-97.022654999897071,40.698171000209065],[-97.022669000140766,40.698171000209065],[-97.022685000034301,40.698171000209065],[-97.02271599999645,40.698169999728457],[-97.022803999859988,40.698168999928861],[-97.022828000149431,40.698168999928861],[-97.02285300026378,40.698168999928861],[-97.022875999830006,40.6981680001293],[-97.022896999746408,40.6981680001293],[-97.022910999990117,40.6981680001293],[-97.023006000424658,40.698167000329683],[-97.024241999610609,40.698168999928861],[-97.025057999570294,40.698178999967055],[-97.025100000301393,40.698178999967055],[-97.025322000059248,40.698175000088199],[-97.025501000159394,40.698172999808122],[-97.025548000015078,40.698172000008576],[-97.025939999652238,40.698175000088199],[-97.02678199955119,40.698181000246954],[-97.027159999842951,40.698178999967055],[-97.027169999888699,40.697212000293028],[-97.027194000178142,40.695144000176185],[-97.02719300035325,40.695070000028451],[-97.02718999998018,40.694110999744666],[-97.027189000155289,40.693565000127997],[-97.027201999675754,40.692687999873627],[-97.027208000421851,40.691749999902378],[-97.027210000071676,40.69145699978769],[-97.027211999721501,40.691000000189128],[-97.027210000071676,40.690685000080904],[-97.028703000073889,40.690698000296436],[-97.039821999911013,40.690795999744054],[-97.046080999975018,40.690850000323302],[-97.046082999624829,40.69060099993677],[-97.04607099992927,40.689934000036743],[-97.046067999556215,40.688761000154052],[-97.046081999799924,40.686687000151018],[-97.046445000023098,40.68668500020722],[-97.051293999925562,40.686726999695367],[-97.051820000355349,40.686732000232752],[-97.052089999793765,40.686734000175143],[-97.054236000447347,40.686763999984819],[-97.055294000256382,40.686771999750142],[-97.055387999967706,40.686763999984819],[-97.055483000402276,40.68673700008862],[-97.055540000303679,40.686709000209923],[-97.05559100035731,40.686658000278975],[-97.05560200022795,40.686624999822044],[-97.055612000273712,40.686595999923078],[-97.055625999619096,40.686524999741252],[-97.055623000144351,40.686010000082383],[-97.055630999641949,40.685300000197877],[-97.055614999748443,40.684337000278866],[-97.055613000098603,40.683759999792116],[-97.05561899994639,40.682707000044012],[-97.055614999748443,40.682181999781207],[-97.055620999596215,40.681860999961863],[-97.055685999893541,40.681782999867785],[-97.055783999802841,40.681750999767829],[-97.055865999818593,40.681743000081063],[-97.056522999769626,40.681759000134875],[-97.057154999606297,40.681760000180674],[-97.058199999894853,40.6817679998654],[-97.058313999697674,40.681750999767829],[-97.058387000390923,40.681714000101486],[-97.058428000398806,40.681686000156191],[-97.058466999858553,40.681638999978361],[-97.058501000193743,40.681563999770781],[-97.058528999782823,40.681459000019679],[-97.058534999630595,40.681363999940167],[-97.058573000163761,40.681117000325948],[-97.058613000346725,40.680808000187326],[-97.058649000331741,40.680655999736786],[-97.058852999647925,40.680306000151319],[-97.059010999831656,40.68006100016553],[-97.059122000159761,40.679905999834574],[-97.059206999650257,40.679768999826607],[-97.059266999924702,40.679641000235989],[-97.059301000259893,40.679551000004096],[-97.059295000412106,40.679312999865161],[-97.059263999551661,40.679116999753845],[-97.059244000358476,40.678940000061878],[-97.059193000304873,40.67831499996867],[-97.059173000213377,40.678182999913446],[-97.059158000144762,40.678085999732076],[-97.059147000274109,40.678012999818606],[-97.059139999703106,40.677965999775978],[-97.059051000014634,40.677583000208323],[-97.059029000273327,40.677068000265017],[-97.059032999572977,40.676666000031467],[-97.059047999641592,40.675876999755175],[-97.056177999988137,40.675869000044777],[-97.055702999611981,40.675867999910551],[-97.054567999810061,40.675859000064733],[-97.052648000010592,40.675851999805346],[-97.051613999592703,40.675855999661678],[-97.051407999728369,40.67585299993975],[-97.050868999778118,40.675844000091949],[-97.047317000059266,40.675835000242884],[-97.046397000342509,40.675824000122908],[-97.04616600036384,40.675827999980925],[-97.04616600036384,40.675416999859046],[-97.046204999823573,40.673883000338428],[-97.046208000196629,40.673117999957419],[-97.046214000044415,40.672485999857216],[-97.046205999648492,40.67226999976031],[-97.046199999800692,40.672100000258126],[-97.046197000325975,40.671242000068311],[-97.046223000265243,40.670370000114481],[-97.046223000265243,40.669512000148728],[-97.046238000333844,40.668782999848553],[-97.046234000135883,40.668557000308404],[-97.045933999661912,40.668563999971006],[-97.045183999824474,40.668562000164826],[-97.044541999942069,40.668565999777122],[-97.043987999923189,40.668562000164826],[-97.043468000239514,40.668568999826903],[-97.042765000257717,40.668567000020872],[-97.042360000201768,40.668576000169566],[-97.041329000156921,40.668576000169566],[-97.040524999892796,40.668588999928062],[-97.039795000146825,40.668585999879184],[-97.038112999998745,40.668605999975249],[-97.03773399988205,40.668610000266277],[-97.037044000319057,40.668616999923323],[-97.035820999755273,40.66861599968037],[-97.034840999764057,40.668630999916566],[-97.032171999952055,40.668630999916566],[-97.030739000224301,40.668643000103067],[-97.029989000386848,40.668640000056669],[-97.027590999838182,40.668641000299253],[-97.027249000429734,40.668646999710553],[-97.027244000406853,40.668269000315163],[-97.027251999904479,40.667567999808483],[-97.027251000079559,40.666928999737607],[-97.027261000125293,40.666158999942148],[-97.027246999881598,40.665563999771983],[-97.027258999577157,40.664720999731642],[-97.027261000125293,40.664366000133008],[-97.027262999775118,40.663922000113764],[-97.027246999881598,40.661630999855333],[-97.027252999729384,40.660587999706287],[-97.027263999600038,40.660029999719164],[-97.027268999622891,40.659818000300604],[-97.027268999622891,40.656776999719959],[-97.02728500041475,40.656020999854562],[-97.02728399969152,40.655780000288139],[-97.027282000041694,40.654136000110171],[-97.027974999977744,40.654124999818329],[-97.030236000259052,40.654121000021561],[-97.031735000109052,40.654108999948214],[-97.031916999683915,40.654109999727247],[-97.032859000040304,40.654112999745742],[-97.03330400027923,40.654109999727247],[-97.035961000395687,40.65409600009351],[-97.037235999939682,40.654098000333441],[-97.041198999562269,40.654090000054858],[-97.042638000036106,40.654083000236284],[-97.044459000101369,40.65407499995591],[-97.046389999771506,40.654066999674576],[-97.046393999969467,40.653309999978198],[-97.046404999840121,40.652760000209177],[-97.046387000296761,40.651429999750654],[-97.046404999840121,40.649552000091198],[-97.046398000167429,40.648699000157585],[-97.046394999794387,40.646659000165599],[-97.046405999665026,40.645742999978964],[-97.046393999969467,40.645095000177484],[-97.046393000144548,40.644275000153705],[-97.046404999840121,40.643302999887915],[-97.046413000236043,40.640161999721499],[-97.046405999665026,40.639604000000915],[-97.046404000015201,40.639393999755654],[-97.046420999733641,40.638459999828527],[-97.046419000083816,40.637892999999082],[-97.046434000152445,40.637168999928598],[-97.046445000023098,40.636043999876577],[-97.046470000137447,40.634313999912351],[-97.046501000099582,40.632811999689736],[-97.046505000297543,40.632598000171456],[-97.046501999924516,40.632234999910786],[-97.046494000426875,40.631203999853405],[-97.046495000251795,40.631092999835012],[-97.046497999726526,40.630635000178579],[-97.046501999924516,40.630114999731802],[-97.04652700003885,40.629486000337941],[-97.04652700003885,40.629043000160465],[-97.046551000328293,40.62758500027487],[-97.046553999803038,40.626817000169616],[-97.046568999871653,40.626111999672787],[-97.046568999871653,40.625240000259026],[-97.046564999673677,40.625144999872063],[-97.047231999670473,40.625150000254607],[-97.048001999599407,40.625149000041802],[-97.049066000154511,40.625160999867738],[-97.049990000069243,40.625176000328942],[-97.050994000349917,40.625185000194975],[-97.051322000412966,40.625182999770331],[-97.051294999750482,40.624241999911384],[-97.051168000427197,40.619639999992259],[-97.051119999848282,40.617945000174792],[-97.052182999680184,40.617951000053274],[-97.065125999955626,40.61803000010773],[-97.065288000337347,40.618047999718677],[-97.065284000139386,40.618940999898228],[-97.065295000010025,40.619560999796093],[-97.065314000276601,40.620645000150837],[-97.065331999819961,40.623275000308873],[-97.065347999713481,40.624350999958786],[-97.065352999736362,40.625269000249745],[-97.066675000034337,40.625272000201029],[-97.069184999837674,40.625285999744712],[-97.072139999879951,40.625314000186883],[-97.073740999837213,40.625321000295628],[-97.07470499993488,40.625320000085324],[-97.075725999933994,40.625327999721769],[-97.078287999615895,40.625340000197369],[-97.07971500039416,40.625354999936597],[-97.080718999776522,40.625346000093479],[-97.08151200016998,40.625359000093759],[-97.083057999875635,40.625366999725529],[-97.083890999553759,40.625380999931124],[-97.084145999821885,40.625372000091495],[-97.084153000392902,40.625000000205098],[-97.084154000217822,40.623589000218523],[-97.08417799960894,40.622547999842723],[-97.084205000271425,40.618496999695203],[-97.084201999898383,40.617896000124155],[-97.084212999769051,40.616012000021236],[-97.084227999837637,40.615507000184394],[-97.084228999662557,40.614776000306399],[-97.08424200008136,40.614080999932135],[-97.084228999662557,40.613517000196858],[-97.084247000104227,40.612406999849441],[-97.084252999952,40.611383000101497]]]},"properties":{"AREALAND":285249982,"AREAWATER":3677336,"BASENAME":"68333","CENTLAT":"+40.6212713","CENTLON":"-096.9490435","FUNCSTAT":"S","GEOID":"68333","HU100":3084,"INTPTLAT":"+40.6206873","INTPTLON":"-096.9501883","LSADC":"Z5","MTFCC":"G6350","NAME":"ZCTA5 68333","OBJECTID":30674,"OID":"221704258327384","POP100":8484,"ZCTA5":"68333","ZCTA5CC":"B5"}},{"type":"Feature","id":30809,"geometry":{"type":"Polygon","coordinates":[[[-96.752224000029273,40.676609999976023],[-96.752159999556852,40.676590000236828],[-96.751967999936227,40.676513999674256],[-96.751772000117654,40.676444999904199],[-96.751683000429196,40.676398000118695],[-96.751644000071124,40.676368999857672],[-96.751609999735933,40.67633699988383],[-96.751444999879496,40.676076999697543],[-96.751407000244669,40.676047999978138],[-96.751361000213905,40.676025999806669],[-96.751311999810099,40.676009000288623],[-96.751207000228121,40.675988999687775],[-96.750992000142972,40.67596899976229],[-96.750941000089341,40.67595700021289],[-96.750898000431633,40.675931000159785],[-96.750864000096456,40.675898999975765],[-96.750843000180055,40.675861999786385],[-96.750834999784132,40.675820999718283],[-96.750833000134321,40.675779000170714],[-96.750838999982093,40.675761999908339],[-96.750848000202907,40.675740000323842],[-96.750878000340151,40.675705000319546],[-96.750914000325167,40.675674000164136],[-96.750958999632701,40.675653000006704],[-96.751064999937896,40.675631999842658],[-96.751119000364582,40.675627999972882],[-96.751172000068024,40.675632999980415],[-96.751331999901595,40.675659000149679],[-96.751386000328267,40.675659000149679],[-96.751439999856629,40.675650999731822],[-96.751490999910246,40.675636999849893],[-96.751535000291184,40.675614000086121],[-96.751572000101092,40.675582999888398],[-96.751599999690185,40.675547999801687],[-96.751619999781681,40.675508999819669],[-96.751633000200471,40.675468999674649],[-96.751638000223352,40.675428000046168],[-96.751629999827429,40.675386999711172],[-96.75161599958372,40.675347000174256],[-96.751511000001742,40.675157000172639],[-96.751481999689418,40.675123000007702],[-96.75116200002229,40.674899999918551],[-96.750976000249437,40.674816000317882],[-96.750934000416649,40.674789999819858],[-96.750896999708417,40.67476000007111],[-96.750829999761265,40.67469400030388],[-96.750809999669784,40.674657000127034],[-96.750802999997077,40.674615999999205],[-96.750782999905596,40.674578000306866],[-96.750704000262871,40.674468999832087],[-96.750673000300736,40.674437000308963],[-96.750630999569637,40.674410000188367],[-96.750585000437198,40.674388000157691],[-96.750480999781786,40.674364999963053],[-96.750427000253453,40.674363000330843],[-96.750373999651686,40.674368999908602],[-96.750298000382017,40.674368999908602],[-96.74988099973217,40.674307999861163],[-96.749719000248788,40.674290999905011],[-96.749667000370252,40.674298000328356],[-96.749572999760602,40.674338999970466],[-96.749308000345053,40.674377999955567],[-96.749198999666788,40.674379000112083],[-96.749145999963346,40.674372999853901],[-96.749042000206273,40.674350000335401],[-96.748941999748851,40.674316999916364],[-96.748812000052496,40.674242999805053],[-96.748735999884516,40.674185000120779],[-96.748643999823017,40.674083000130686],[-96.74862100025679,40.674045000134605],[-96.748606000188175,40.674005999954673],[-96.748587999746519,40.673924000235736],[-96.748560999982317,40.673842999899243],[-96.748540000065944,40.673804999766332],[-96.748503000256022,40.673778000071081],[-96.748405000346736,40.673738999735015],[-96.748362999615622,40.673713999664812],[-96.748330000003662,40.673681000293577],[-96.748253000010763,40.673571999714987],[-96.748083000131444,40.673225000249275],[-96.748052000169309,40.673144999919948],[-96.748063000039977,40.673105999894894],[-96.748088000154311,40.673069000199447],[-96.748119000116461,40.673034000155639],[-96.748157999576208,40.673007000148225],[-96.748206999980013,40.672987000009471],[-96.748308000262341,40.672958000308675],[-96.748356999767836,40.67293800015522],[-96.748391000103041,40.672908000254495],[-96.748408999646372,40.672867999911659],[-96.74841500039247,40.672827000046318],[-96.748410000369603,40.672786000155817],[-96.748392999752852,40.672746999920783],[-96.748357999592741,40.672715000252481],[-96.748268999904283,40.672667999881455],[-96.748232999919267,40.672637999859241],[-96.748174000368039,40.67256799998205],[-96.74813099981202,40.67249200028521],[-96.748119999941366,40.672451999692797],[-96.748118000291555,40.672370000106639],[-96.748141999682673,40.672205999950521],[-96.748138000383022,40.67216499967811],[-96.748105999697657,40.672001999891279],[-96.748097000375154,40.671713999787166],[-96.748078000108578,40.671633000172484],[-96.748023999681891,40.671472999685619],[-96.748001999940598,40.671435999765343],[-96.747955999909848,40.671412999915027],[-96.747918000275007,40.671384000210992],[-96.747890999612508,40.671347999762034],[-96.747871000419337,40.671310000251147],[-96.747859999650373,40.671269000109149],[-96.747883000114925,40.671106000175996],[-96.747934999993447,40.670971000213939],[-96.747992999719756,40.670856000081166],[-96.748038999750506,40.670737999798042],[-96.748053999819135,40.670656000148064],[-96.748087000329392,40.67057799988892],[-96.748212999827786,40.670349999866119],[-96.748382999707104,40.670002999984966],[-96.748422999890067,40.669882000245835],[-96.748434999585641,40.669800999768462],[-96.74843200011091,40.669719000328982],[-96.748402999798586,40.669554999784779],[-96.748357999592741,40.669394000212634],[-96.748278999950031,40.669241000077022],[-96.748186999888517,40.669004000162566],[-96.748140000032862,40.668918999709184],[-96.748088999979217,40.6688020003267],[-96.74802200003208,40.668601999683972],[-96.747964000305757,40.668470000157662],[-96.742700000301596,40.668440999855058],[-96.742886999899341,40.660284000301864],[-96.743031999664296,40.653928999952342],[-96.743132000121719,40.646845000016164],[-96.743133999771544,40.646678000130152],[-96.743137999969505,40.646420999864645],[-96.743172000304696,40.644011999914184],[-96.743178999977388,40.643546000088598],[-96.74318300017535,40.643195999987498],[-96.743184999825175,40.64302999977695],[-96.733907000144796,40.6431019998697],[-96.733717000174011,40.643098000093779],[-96.73374599958801,40.640069000092019],[-96.73380800041059,40.637130000000383],[-96.733878999657378,40.632179000046072],[-96.734231000009899,40.62668799967178],[-96.734278999690474,40.62612299980924],[-96.734329999744091,40.625593999872258],[-96.734369999927068,40.624927999679862],[-96.73421799959111,40.624928999896028],[-96.733191999569129,40.623810999789356],[-96.73297099963618,40.623676000258008],[-96.732763000122034,40.622878000303444],[-96.7342460000785,40.617864999697886],[-96.734594000233059,40.610481000028244],[-96.734596999707776,40.61044000001462],[-96.734276000215729,40.61044299994991],[-96.734008000427124,40.610443999700998],[-96.732624000204865,40.610447000318139],[-96.729546000138953,40.610453999938954],[-96.729279000175254,40.610453999938954],[-96.725760000068377,40.610461999991777],[-96.724831000130777,40.610464999926137],[-96.722904999585211,40.610469000292987],[-96.715386000045825,40.610489999828282],[-96.715237999907814,40.610489999828282],[-96.707573999705147,40.610511000038962],[-96.707567999857375,40.612327000242423],[-96.707796000361313,40.612327000242423],[-96.707789999615215,40.612746999838407],[-96.705901999602801,40.612748000236984],[-96.705728000423846,40.624998999989984],[-96.705551999798431,40.624997999774905],[-96.703994000397202,40.62499000009889],[-96.703309999783684,40.624987000134944],[-96.702658999680423,40.624982999955499],[-96.698168999803173,40.624959999771342],[-96.697925000304011,40.624959000237496],[-96.696262000422493,40.624950999874983],[-96.686804999743643,40.62477900003195],[-96.680398000439965,40.624796999869794],[-96.676855999868536,40.624807000004893],[-96.667290000308057,40.624833000212753],[-96.667247999576944,40.624949000125163],[-96.667384999844316,40.632583000013852],[-96.667507999867951,40.639477999660393],[-96.666925000435086,40.639489000321731],[-96.663284999954371,40.639521000252394],[-96.658544000006927,40.639550000176264],[-96.655547000131861,40.63956900011955],[-96.648575000040324,40.639612999967497],[-96.648622999720899,40.640640999748392],[-96.648612999675166,40.643188999707711],[-96.648609000375515,40.644158999732625],[-96.648569000192552,40.653994000044705],[-96.639134000153334,40.654059000073808],[-96.63826899978983,40.65406599989489],[-96.634163000052112,40.654089000275569],[-96.634105000325803,40.654093000074255],[-96.629606000227696,40.654124999818329],[-96.629447000219031,40.654114000206192],[-96.629433999800241,40.644850000328013],[-96.627611999910073,40.644861000104044],[-96.624567000354432,40.644880999816166],[-96.624569999829163,40.64666099994686],[-96.624569999829163,40.646728000082717],[-96.624570999654068,40.646832000109399],[-96.624569000004243,40.647082000283916],[-96.62455800013359,40.647187000323306],[-96.624538999867013,40.647283999784484],[-96.624512999927745,40.647377000266779],[-96.624481999965624,40.647463000106427],[-96.624444000330783,40.647547000080543],[-96.624403000322886,40.647624000134364],[-96.624367000337884,40.647683000301328],[-96.62432499960677,40.647745000039379],[-96.6242629996825,40.647825000165973],[-96.624196999560255,40.647899000282813],[-96.624117000092639,40.6479779996723],[-96.624050000145473,40.648037000207879],[-96.62369500031825,40.647789999824205],[-96.623611999579254,40.64773499993165],[-96.623532000111609,40.647687999677736],[-96.623450000095843,40.647643999700058],[-96.623373999927878,40.647609999821384],[-96.623357000209438,40.647601000251534],[-96.623260999949977,40.647562000283891],[-96.623138999751248,40.647519000100935],[-96.622999999834065,40.647480000085373],[-96.622862999566706,40.647451000198863],[-96.622747000114089,40.647431999772834],[-96.622594999778116,40.647415999660943],[-96.622463000431949,40.6474099997032],[-96.622299000400403,40.647412000143603],[-96.622143999691403,40.647424999937343],[-96.621994999728486,40.647446000123153],[-96.621855999811302,40.647474000133379],[-96.621701000000613,40.647515999785973],[-96.621599999718271,40.647549999712524],[-96.621480000067663,40.647590000245451],[-96.621367000089776,40.64762199970037],[-96.621228000172607,40.647653999821486],[-96.621083000407651,40.647679999993777],[-96.620958999660772,40.647695000167182],[-96.620809999697869,40.64770700003087],[-96.620625999574827,40.647710000337263],[-96.620455999695523,40.647710000337263],[-96.62027599977047,40.647710000337263],[-96.620023999875386,40.647710000337263],[-96.620026000423522,40.647135000266047],[-96.620018000027613,40.641712999884469],[-96.620022000225575,40.639714000190374],[-96.618107000448973,40.639722000147522],[-96.61666399977716,40.639728000114729],[-96.610404999713154,40.639753999966445],[-96.603129999672916,40.639824000198509],[-96.599293000447034,40.639859999938778],[-96.598388999725472,40.639868999870771],[-96.592540999565216,40.639925000102195],[-96.592503999755294,40.637831999993807],[-96.592501000280564,40.63760199978551],[-96.592495000432777,40.637276999977864],[-96.592487999861774,40.637190999965448],[-96.592471999968225,40.637115000179293],[-96.592449000402013,40.63704399979855],[-96.592419000264812,40.636975000095532],[-96.592386999579432,40.636918000079618],[-96.59233300005107,40.636839999907217],[-96.591521000289347,40.635758000053819],[-96.591485000304331,40.635698000197728],[-96.591433000425795,40.635578000323783],[-96.591405999763296,40.635466000019605],[-96.591397000440779,40.635372999983346],[-96.591307999853996,40.629071999863378],[-96.591265000196316,40.62545100023322],[-96.591220999815377,40.618234999821972],[-96.590972000293334,40.618213999993252],[-96.584847000123645,40.618215000309974],[-96.576195000432151,40.61821700026141],[-96.572530999662007,40.618217999896196],[-96.572476000308725,40.625457000119297],[-96.57244399962336,40.632517000098424],[-96.57241000018648,40.639941999956228],[-96.572356999584727,40.646996999838919],[-96.572355999759807,40.647170000269725],[-96.572415000209361,40.654408999770908],[-96.567877999578101,40.654515000321702],[-96.558439000239233,40.654459999838345],[-96.558485000269997,40.661693000262048],[-96.558506000186384,40.668935000115404],[-96.55848000024713,40.675522000270384],[-96.558470000201396,40.679435000283],[-96.558469000376476,40.679707999951205],[-96.558469000376476,40.67984500008459],[-96.558460000155634,40.68338699966796],[-96.559537000231231,40.683399999944811],[-96.559543000079017,40.683434999996386],[-96.559553999949671,40.683475000130123],[-96.559572000391327,40.683514000220399],[-96.559632999592395,40.68358200014849],[-96.559742000270646,40.683672999723328],[-96.559825000111331,40.683725999927546],[-96.559957000355809,40.683797999700381],[-96.56019800038024,40.683890999689233],[-96.560286000243778,40.683939000335911],[-96.560324999703525,40.683968000028649],[-96.560417999589944,40.684068999870071],[-96.560470000366792,40.684140999953591],[-96.560509999651444,40.684218000004137],[-96.560668999660095,40.684435000225406],[-96.56070100034546,40.684466999717955],[-96.560745999653008,40.684487999823638],[-96.560845000285525,40.684523999989402],[-96.56089200014118,40.684545000077129],[-96.560973000332041,40.684601000278683],[-96.561005999944001,40.684632999691523],[-96.561025000210577,40.684670999783265],[-96.561026000035483,40.684713999860932],[-96.561009000317043,40.684750999905596],[-96.560877000072566,40.684882999897461],[-96.560762000444839,40.684970999746788],[-96.560738000155411,40.68500800032993],[-96.560724999736607,40.685049000197338],[-96.56072100043697,40.685089000043639],[-96.560728000109648,40.685130999856383],[-96.560740999630127,40.68517100033467],[-96.560762000444839,40.68520900011967],[-96.560794000231894,40.685241999915355],[-96.560831999866721,40.68527199971544],[-96.56087600024766,40.685297000219755],[-96.560923999928235,40.68531400009411],[-96.561030000233444,40.685331999956311],[-96.56119300044007,40.685343999861793],[-96.561236999922684,40.68536699967455],[-96.561273999732606,40.685399000082022],[-96.561299999671874,40.68543399976501],[-96.561304999694741,40.685475000051511],[-96.561287000151395,40.685556999867671],[-96.56123799974759,40.685675999795194],[-96.561235000272859,40.685715999946389],[-96.561242999770471,40.685758000045197],[-96.561260000387222,40.685797000161934],[-96.561284999603259,40.685834000286498],[-96.561317000288625,40.68586699977277],[-96.561359999946333,40.68589100007005],[-96.561407999626894,40.68591199972704],[-96.561579000229457,40.686012000046432],[-96.561673999765688,40.686051999995968],[-96.561723999994413,40.68606799969654],[-96.561775999872935,40.686079000169684],[-96.561883999827955,40.686087999998129],[-96.561991999783004,40.686087000017238],[-96.56204399966154,40.686095999844561],[-96.562247999876035,40.686154000065073],[-96.56234499996043,40.686190000012147],[-96.56243700002193,40.686234999748336],[-96.562467000159145,40.686266999739033],[-96.562486000425721,40.686307000216665],[-96.562495999573159,40.686347999966088],[-96.5624989999462,40.686389999666666],[-96.562488000075547,40.686429000094748],[-96.562433999648874,40.686500999672305],[-96.562310999625225,40.686637000175899],[-96.562201999845286,40.686779000225187],[-96.562170999883151,40.686827000154246],[-96.56210599958581,40.686925999813603],[-96.56207399979877,40.687013999690059],[-96.558804000112218,40.687011999756081],[-96.558967000318859,40.690636000293487],[-96.564109000124276,40.690615000081664],[-96.568364999649816,40.690554999829146],[-96.568664000298881,40.69720999998404],[-96.572058999658907,40.697214999734754],[-96.577797000214304,40.697225999729866],[-96.584569000289292,40.69723800021783],[-96.585706999565943,40.697239999844903],[-96.586226000323023,40.697241000339467],[-96.587223999857599,40.697243999779943],[-96.590993000209735,40.697250999835937],[-96.600906000099826,40.697268999879199],[-96.601609000081623,40.697269999692253],[-96.604458999643612,40.697275999932572],[-96.606282000256996,40.697279000052497],[-96.610369999553058,40.697286999917601],[-96.615817999680246,40.697294999781811],[-96.622735000418501,40.6973049999512],[-96.625352000351981,40.697309999694788],[-96.628037999882423,40.697314000306662],[-96.628523000304327,40.69731500011909],[-96.629728000426439,40.697315999931448],[-96.63885200012102,40.69732699990994],[-96.642491999703424,40.697330999839707],[-96.643160000423421,40.697332000332914],[-96.644407000378337,40.697333000145065],[-96.648164999961509,40.697338999698623],[-96.653387999957786,40.697345999744577],[-96.656558000085226,40.697349999673257],[-96.658591999687516,40.697351999978046],[-96.659841000190568,40.697352999789857],[-96.663467000427559,40.697356999718117],[-96.663447000336078,40.704599999686593],[-96.66344099958998,40.708030999777897],[-96.663435999567099,40.711339999805155],[-96.663435999567099,40.711851000043247],[-96.668211999674654,40.711849000173871],[-96.672991999980155,40.711847000304431],[-96.674314000278116,40.711851000043247],[-96.67489599988609,40.711852000318345],[-96.677770999562426,40.711861999664087],[-96.679282000006296,40.711866000082928],[-96.680153000217558,40.711869000226592],[-96.680314999700968,40.711869000226592],[-96.682324999912112,40.711874999832744],[-96.682509000035125,40.711876000107488],[-96.682960000121838,40.711928000074892],[-96.68413099990876,40.711933000082723],[-96.685408000000919,40.711938999683056],[-96.685411000373961,40.711859999795088],[-96.685444999810827,40.710976000051545],[-96.685372999840808,40.710061999946909],[-96.684346999818828,40.710067000094867],[-96.683266000443595,40.710072999863328],[-96.68250800021022,40.710076999708654],[-96.6825070003853,40.709349999696784],[-96.682504999837164,40.704635000180168],[-96.684990000424477,40.704640999757032],[-96.685182000045103,40.704917999837399],[-96.685991000332109,40.706041000204678],[-96.686490999924303,40.706772999964166],[-96.688445999883854,40.709400000332046],[-96.690256999903383,40.711913000049172],[-96.690296000261441,40.711966999853573],[-96.69060800043097,40.71240099996966],[-96.691564000132757,40.71369799981148],[-96.69199599995288,40.714294999788301],[-96.691991999754933,40.713639000169763],[-96.691991999754933,40.713570000026259],[-96.692872000187023,40.713025999725851],[-96.692830000354235,40.712917000170037],[-96.692813999562404,40.712836000240856],[-96.692809000437833,40.712737999850177],[-96.692806999889712,40.712670999979487],[-96.692806999889712,40.712546999959571],[-96.69281600011054,40.712507000255364],[-96.692850000445716,40.712427000093918],[-96.692872000187023,40.712387999903747],[-96.692900999601022,40.712354999934497],[-96.692979000317152,40.712300000176363],[-96.693113000211454,40.712229000149108],[-96.693351999687735,40.712128999684971],[-96.693444999574155,40.712093999725347],[-96.693499999825747,40.712073999740149],[-96.693483000107307,40.711998999742228],[-96.693759000291834,40.711993999739342],[-96.696248000178784,40.711986000278756],[-96.696383999722897,40.711991999874314],[-96.701410000075697,40.71195699984267],[-96.70805400010417,40.711964999987721],[-96.708297999603332,40.711964999987721],[-96.72049199986624,40.711981000274903],[-96.720630999783424,40.697438000086265],[-96.723432999664809,40.697438000086265],[-96.725750000022629,40.697445000121874],[-96.738047000217705,40.6974840002094],[-96.739234999723053,40.697488000129795],[-96.739703000426516,40.697488999939615],[-96.740940000335684,40.697492999859655],[-96.741424000034357,40.6969889998661],[-96.741681999777214,40.696617000052044],[-96.741940000418396,40.696102999893711],[-96.742140000434929,40.695588999856213],[-96.742198000161252,40.695196000267686],[-96.742239999994041,40.69474799977219],[-96.742280000177018,40.690211999891538],[-96.742339999553167,40.685730999741445],[-96.742378000086305,40.682969000313953],[-96.747083000048747,40.682945000326853],[-96.749280999682554,40.682934000017667],[-96.751817000323499,40.682921000331156],[-96.751999999723267,40.677138000186652],[-96.752224000029273,40.676609999976023]]]},"properties":{"AREALAND":117897669,"AREAWATER":1148442,"BASENAME":"68430","CENTLAT":"+40.6660008","CENTLON":"-096.6601042","FUNCSTAT":"S","GEOID":"68430","HU100":712,"INTPTLAT":"+40.6756730","INTPTLON":"-096.6661039","LSADC":"Z5","MTFCC":"G6350","NAME":"ZCTA5 68430","OBJECTID":30809,"OID":"221704258328047","POP100":2063,"ZCTA5":"68430","ZCTA5CC":"B5"}},{"type":"Feature","id":31076,"geometry":{"type":"Polygon","coordinates":[[[-96.764834000218769,40.878478000255512],[-96.764876999876492,40.873444000031327],[-96.762638000234787,40.872806999830445],[-96.762055999728503,40.872563000158266],[-96.761375000386352,40.872223999661323],[-96.760607999932162,40.871763000081707],[-96.758827000049848,40.87067500017033],[-96.758457999978901,40.870451000007165],[-96.75751099959966,40.869876000313056],[-96.75407400040686,40.867699000110541],[-96.749754000408885,40.865002999812347],[-96.747612999778156,40.863641000214507],[-96.74713900012523,40.863331999907615],[-96.746760999833455,40.863051999956525],[-96.746425000272808,40.862786000095412],[-96.746286000355624,40.862677000145105],[-96.745938000201093,40.8623450003318],[-96.745676000260275,40.862102000205596],[-96.745472999870671,40.861844999756244],[-96.745066000164883,40.861344000097688],[-96.744658999560798,40.860733000222247],[-96.74430100025883,40.860135999941456],[-96.744049000363759,40.859487999791135],[-96.743856000019903,40.858902999693157],[-96.743758000110617,40.858339000128488],[-96.743710000430042,40.857817000025378],[-96.743718999752545,40.857390000166305],[-96.743692999813291,40.85139599985439],[-96.743738999844055,40.850497000180368],[-96.743758000110617,40.849826999717244],[-96.743570999614548,40.848280999699625],[-96.743584000033337,40.847854000214802],[-96.743508999690278,40.845563999780197],[-96.743399000085418,40.845068999810614],[-96.743316000244732,40.844692000180153],[-96.743149999665064,40.844070000127068],[-96.742775999571251,40.843289000017343],[-96.742573000079986,40.842995000277774],[-96.742498999561832,40.842881000027873],[-96.742359999644648,40.842619999736762],[-96.742178000069785,40.842339999906429],[-96.741863000425511,40.841886000055879],[-96.741489000331683,40.841435000228394],[-96.740763999710282,40.840596999915164],[-96.740101999736382,40.839864999675861],[-96.739725999992729,40.839133000187751],[-96.741374999630551,40.837476999738023],[-96.741921000151819,40.836904999860941],[-96.742449000231431,40.836324999670254],[-96.742946000348894,40.835753000047816],[-96.743425999849592,40.83517299997304],[-96.743876000111371,40.834603000182092],[-96.744348999939405,40.833971999707408],[-96.744790999805275,40.83335100013349],[-96.74584500031466,40.831819999968346],[-96.745665000389607,40.831700999691662],[-96.745591999696373,40.83165300026787],[-96.745318000059967,40.831453999977818],[-96.745190000013451,40.831378000194441],[-96.74491700020198,40.831242999666863],[-96.74486899962308,40.831223000169494],[-96.744768000239063,40.831194999911453],[-96.744557000351875,40.831156000042178],[-96.744292000038001,40.831113000107379],[-96.744136000402392,40.831079000075974],[-96.743780999676844,40.830976000034347],[-96.743210999764429,40.830844000261848],[-96.742742000134385,40.830743000227578],[-96.742162000176236,40.830637999968218],[-96.741896000037471,40.830598999771269],[-96.74119999972838,40.830513999680896],[-96.740829000007608,40.830451000279247],[-96.740614999747379,40.830428000310157],[-96.739912999590487,40.830383000199809],[-96.73921200015684,40.830324000084346],[-96.73883300004016,40.830312999665317],[-96.738618999779916,40.830288999795201],[-96.737719000154641,40.830138999900399],[-96.737458999863648,40.830078999711539],[-96.737246000326635,40.830051000329846],[-96.736921999563208,40.830024999970931],[-96.736651000299858,40.830020000005298],[-96.736544999994663,40.830005999963639],[-96.736334999932382,40.829962999962774],[-96.736067000143763,40.829929000021401],[-96.735905999586976,40.829919000075279],[-96.735364000161994,40.829909000127692],[-96.735038999573646,40.829894000203481],[-96.734445000270142,40.829851999989756],[-96.734231000009899,40.829827000092635],[-96.733968000244161,40.829777000270191],[-96.733755999633743,40.829740999830868],[-96.733432999593546,40.829716999753707],[-96.732295000316881,40.82967799969483],[-96.731969999728577,40.829674000245163],[-96.731700000290147,40.829685999952744],[-96.731051999661645,40.829729999994854],[-96.730730000344664,40.829764999899339],[-96.730526999955075,40.829811000289489],[-96.729967000088422,40.829991000061355],[-96.729837000392095,40.83003900000859],[-96.72978700016337,40.830054999756719],[-96.729680999858161,40.830068999788089],[-96.729572000078221,40.830077999855192],[-96.729465999773012,40.830095999985787],[-96.729413000069556,40.830100000089672],[-96.729249999862944,40.830092999737793],[-96.728977999876363,40.830072999893559],[-96.728817000217902,40.830072999893559],[-96.728710999912678,40.830083999672723],[-96.728553999553839,40.830114999967343],[-96.727983999641452,40.830253000313633],[-96.727720999875714,40.830306000015646],[-96.727621000316617,40.830334999821822],[-96.727479999851298,40.830398999864933],[-96.727431000345817,40.830416999908387],[-96.727326999690419,40.830435999797913],[-96.727003999650236,40.830471000009467],[-96.72679399958794,40.83051100013148],[-96.726586999898714,40.830561000080181],[-96.72641600019449,40.830607999766478],[-96.726052000146424,40.83068899966829],[-96.725483000058929,40.830824999809522],[-96.725014000428885,40.830927000242163],[-96.724807999666254,40.830979000242394],[-96.724725999650474,40.831006000069578],[-96.724658999703337,40.831027999996209],[-96.724513999938367,40.831083999961749],[-96.724258999670241,40.831153999682236],[-96.724050000331175,40.831197000270151],[-96.723087999883319,40.83132300031474],[-96.722709999591544,40.831354999867202],[-96.722550999582879,40.831376999677971],[-96.722292000015102,40.831434999700278],[-96.721729999600328,40.831588000242213],[-96.720907999792857,40.831799000134922],[-96.720602000369396,40.831883000108327],[-96.720400999629632,40.831927999880364],[-96.719978000030338,40.832022000000457],[-96.719714000439708,40.832069000010499],[-96.71956100027883,40.832109999673918],[-96.719060999788312,40.832270000140404],[-96.718803999870346,40.832335000177125],[-96.71807800032235,40.83250099969942],[-96.716410000417966,40.832866000213322],[-96.716146999753917,40.832913000304764],[-96.715716999583606,40.832958000057431],[-96.715452999992976,40.833002999779509],[-96.714982999639687,40.833102000148145],[-96.714676000391336,40.833185000020585],[-96.714467000153974,40.833227999971015],[-96.713939000074362,40.833322000287041],[-96.713472999919034,40.833429999791463],[-96.712261999949135,40.833657000177638],[-96.71213999975042,40.833682999792003],[-96.712140999575311,40.833589999791201],[-96.712142000298556,40.833499999753919],[-96.712090000420019,40.833512999932978],[-96.711985999764622,40.833536999995452],[-96.711899999550894,40.833554999866699],[-96.711726000371939,40.833592999880956],[-96.711355999577762,40.833658999782372],[-96.7098860000401,40.833944999728665],[-96.70877999965218,40.834148999673218],[-96.708521000084417,40.83420900025709],[-96.708018000119154,40.834364000098169],[-96.707504000283265,40.834494000080049],[-96.707290999847928,40.834540999697083],[-96.707194999588481,40.834763999855355],[-96.707172000022254,40.834805999676249],[-96.706884000142168,40.834870999945409],[-96.706705000042007,40.834911999915072],[-96.705956999854394,40.835098999935965],[-96.705679999844961,40.835142999784289],[-96.705531999706949,40.835166999936376],[-96.705115999780332,40.835258000207595],[-96.704232999873483,40.835459999959909],[-96.703504999777351,40.835621000270564],[-96.703144999927247,40.835711999918601],[-96.701789000192392,40.836005000252023],[-96.701416999748389,40.836058999879896],[-96.70131299999133,40.836078999957451],[-96.70099599979892,40.836139000153885],[-96.700639000321857,40.836215999680796],[-96.700375999657808,40.836286999862644],[-96.7002409999386,40.836332000043754],[-96.699434000199744,40.836603000247202],[-96.699024999945834,40.836713000036255],[-96.698474000299996,40.836887000219576],[-96.698318999590995,40.83692399993015],[-96.698054000175432,40.836967000174056],[-96.697517999699912,40.83702700024643],[-96.697280000048536,40.837065000309522],[-96.69718100031433,40.837080999721437],[-96.697059999940521,40.837266000245044],[-96.697003000039103,40.837334999808469],[-96.696741999923205,40.83748300024525],[-96.696542999731577,40.837622999693068],[-96.69639299994374,40.83774200021454],[-96.696233999935089,40.837854000310344],[-96.696129000353096,40.837948000183992],[-96.69604700033733,40.838002000268034],[-96.695640999558151,40.838208000109105],[-96.695500999816062,40.838269999883131],[-96.695113000376864,40.838408999977055],[-96.694986000155254,40.838489000133578],[-96.694940999949409,40.838511000295668],[-96.694893000268848,40.83852600030928],[-96.694839999667082,40.83853100031309],[-96.694729000237302,40.838532000041965],[-96.694571999878477,40.838562000056278],[-96.6943130003107,40.838622999771772],[-96.693837999934559,40.838709000066331],[-96.693528000313151,40.83878300015148],[-96.693273000045025,40.838857999877916],[-96.693221999991394,40.838865999707821],[-96.693169000287952,40.838864000260131],[-96.693063999807663,40.83884000008721],[-96.692308000122424,40.839021000214082],[-96.691775999844864,40.839148000060653],[-96.691706000422968,40.839146999661438],[-96.691707000247888,40.838724000035135],[-96.691718000118527,40.835675999983131],[-96.688908999666126,40.835651000243011],[-96.688712999847539,40.837428999738421],[-96.685592999948838,40.837401000062471],[-96.68562999975876,40.836069000259251],[-96.685012999990704,40.835374000207899],[-96.682401999904997,40.836468999923973],[-96.682308000193672,40.836510000264617],[-96.682222999804864,40.836584000085992],[-96.682189000367998,40.836610999669588],[-96.682114000024924,40.836663999726468],[-96.682112000375099,40.836918999805171],[-96.68209800013139,40.837250000198082],[-96.682092000283603,40.8390460000426],[-96.682073999841947,40.842484000005719],[-96.682073000017027,40.842594999897095],[-96.682067000169255,40.842784999665341],[-96.682054999575385,40.844651999779906],[-96.682058999773346,40.844765000066936],[-96.681067000086557,40.844765000066936],[-96.681055000390998,40.845990999750391],[-96.682051000275735,40.845990999750391],[-96.682046000252853,40.846025999904448],[-96.682042000054892,40.84660999994172],[-96.682037999856931,40.847235000091402],[-96.682009000442946,40.847258999942618],[-96.681970000084874,40.847287999807925],[-96.681929000076991,40.847314000191879],[-96.681806999878262,40.847383000168207],[-96.681652999892464,40.847500000288896],[-96.681559000181139,40.847599999664901],[-96.681507000302602,40.8476720001551],[-96.681436999982409,40.84778399978056],[-96.681370000035258,40.847849000234781],[-96.681256000232437,40.847936999964119],[-96.681192999584937,40.848004000119786],[-96.681145999729267,40.848078000020301],[-96.681056000215904,40.848273000326593],[-96.681011000010045,40.848348000187066],[-96.68098000004791,40.848382000195507],[-96.680904999704836,40.848440000289528],[-96.680800999947778,40.848511999867021],[-96.680593000433632,40.848702000339529],[-96.680476000257755,40.848787999787774],[-96.679948000178143,40.849111000076668],[-96.679820999956561,40.849334000144218],[-96.680119999707287,40.849599000101826],[-96.680250000301953,40.849730999903265],[-96.680395000066909,40.849906000125152],[-96.680416999808216,40.849943000043005],[-96.68044500029562,40.850022000312613],[-96.68050899986973,40.850264999906479],[-96.680569999969094,40.850464999675424],[-96.680591999710387,40.850629000231372],[-96.680622999672522,40.850792000158002],[-96.680683999771901,40.850949999937583],[-96.680831999909913,40.851303000242879],[-96.680883999788435,40.851462999910112],[-96.680939999864933,40.851790000223779],[-96.68094700043595,40.85195400021815],[-96.680935999666985,40.853229999914028],[-96.680945999712719,40.853312999724082],[-96.680975999849949,40.853392000052494],[-96.681024000428849,40.853467000234126],[-96.681057000040809,40.853501000333786],[-96.681101000421748,40.853520999904653],[-96.68115300030027,40.853531999869837],[-96.681262000080224,40.853545000197023],[-96.681802999680301,40.853580999939894],[-96.681963000412196,40.853601000166051],[-96.682051000275735,40.853628999793095],[-96.682052000100626,40.853787000281592],[-96.679677000016497,40.853783000248043],[-96.679656999925029,40.857021000328963],[-96.681982999605353,40.857005000295068],[-96.681980999955528,40.8571150001954],[-96.679656999925029,40.85713100020277],[-96.676947999930036,40.85714800033373],[-96.67694700010513,40.858025000332987],[-96.676937999884302,40.858152999884062],[-96.676910000295209,40.858221000012087],[-96.676871999762056,40.858274999884159],[-96.676814000035733,40.858328999712199],[-96.676535000376475,40.858542999730297],[-96.676489000345725,40.858592000170539],[-96.676449999987653,40.858658999743284],[-96.676432000444322,40.858717999777355],[-96.676428000246361,40.858758999942793],[-96.676428000246361,40.859211000184345],[-96.676434999919067,40.859256999843588],[-96.676430999721092,40.8602169997693],[-96.676448000337842,40.860288000056975],[-96.676484000322858,40.860358000189514],[-96.676532999828353,40.860420000303357],[-96.676598999950571,40.860476999973315],[-96.676674000293659,40.860520999959128],[-96.676761000332291,40.860555999911512],[-96.676855000043616,40.860579000297243],[-96.676968000021517,40.860588000298286],[-96.67719999982512,40.860588999694421],[-96.680011999752267,40.860598999769465],[-96.680017999600054,40.860704000126958],[-96.680006999729386,40.862353000044031],[-96.681945999795445,40.862360999755289],[-96.681934000099872,40.864318999720652],[-96.681919999856163,40.865662999663499],[-96.681899999764681,40.869924999841267],[-96.681889999718919,40.871577000175044],[-96.681869999627452,40.874648999672438],[-96.681857000106973,40.876553999674918],[-96.681842999863278,40.878812000291894],[-96.681827999794649,40.880973999915128],[-96.681826000144824,40.881286000046558],[-96.681823999596688,40.881490000277687],[-96.681811999901143,40.882789000264268],[-96.681811000076223,40.882894000074927],[-96.681825000319932,40.883567000080333],[-96.681826999969743,40.883679000140603],[-96.681851000259186,40.884170999736746],[-96.681929000076991,40.885546000305773],[-96.681966999711832,40.886216999773332],[-96.681975999932661,40.88636800010029],[-96.681982999605353,40.886521999813496],[-96.682128000268619,40.886430000310163],[-96.682227000002825,40.888180999897436],[-96.682252000117188,40.888614999801185],[-96.682297000323032,40.889407000115426],[-96.682322000437381,40.889848999912999],[-96.682325999737031,40.889913000201304],[-96.682333000308034,40.890033000150567],[-96.682457000156589,40.892211999883969],[-96.682519000080873,40.893305999816782],[-96.682639999556386,40.893307000077193],[-96.682866000410513,40.893308000337647],[-96.683061000404166,40.893310000179383],[-96.684067000334679,40.893316999964483],[-96.685435999589998,40.89332600026912],[-96.686017000271363,40.89332999995144],[-96.68761599968046,40.893341000095148],[-96.691272000054695,40.893367000057118],[-96.691394000253439,40.893367000057118],[-96.691783000415867,40.89337000015653],[-96.696213999843579,40.893401000044186],[-96.696360000331779,40.893402000303169],[-96.701035000156992,40.893433999755295],[-96.701034000332072,40.886344999843331],[-96.701224000302858,40.886344999843331],[-96.701224000302858,40.886268999852874],[-96.702908000100777,40.886272000274133],[-96.704596000096657,40.886274000328527],[-96.705877000386764,40.886275000016113],[-96.706295999788097,40.886281000178855],[-96.707822000300595,40.886301000038202],[-96.707822000300595,40.886329000102812],[-96.708945000406928,40.886374000254563],[-96.709759999643396,40.886405999710021],[-96.710525000447774,40.886441000242748],[-96.710527000097585,40.886316999785542],[-96.712124999681791,40.886355999790048],[-96.713209000328405,40.88636800010029],[-96.713933000226575,40.886361999945443],[-96.714385000138208,40.886353000051741],[-96.715287000311619,40.886318000151611],[-96.716458999923461,40.886246000240646],[-96.717089000110306,40.886194999831865],[-96.717362999746697,40.886170999825644],[-96.719870999900223,40.886168000078897],[-96.720046999627328,40.886168000078897],[-96.722472999765074,40.886150999926997],[-96.723112999997682,40.886001999846599],[-96.723340999603295,40.885921000318525],[-96.723789000215262,40.885737999887745],[-96.724030000239708,40.885654000266499],[-96.724247999799587,40.885587999858672],[-96.724527000357156,40.88551500013353],[-96.72507600035317,40.88537299992587],[-96.725350999814466,40.885327000070667],[-96.725874999696089,40.885299000261256],[-96.726620000408985,40.885336000103905],[-96.727089000039058,40.88536399989767],[-96.727336999736153,40.88536399989767],[-96.72767800021802,40.885354999868241],[-96.727998999710067,40.885318000036158],[-96.72832099992533,40.885263000100785],[-96.728827000263635,40.885134000270533],[-96.729137999709948,40.885091999750351],[-96.729131000037242,40.885058999953579],[-96.729129000387417,40.88502400004819],[-96.729131999862176,40.884989999831376],[-96.729139000433179,40.884959999785323],[-96.729152999778563,40.884926999922733],[-96.729172000045139,40.88489499975212],[-96.729192000136621,40.884868999856792],[-96.729219999725714,40.884842000241981],[-96.729253000235985,40.884816000325841],[-96.729286999672865,40.884795000307726],[-96.729321000008056,40.884779000192459],[-96.729362000015925,40.884763999783729],[-96.729419999742262,40.884751000151184],[-96.729455999727264,40.88473900022688],[-96.729509000329031,40.884742000038386],[-96.729548999613684,40.884744000138987],[-96.729593999819528,40.884751000151184],[-96.729638000200453,40.884760999973203],[-96.729674000185469,40.884772999893535],[-96.729712999645216,40.884789999720304],[-96.729745000330581,40.884807999931624],[-96.729777999942542,40.884831999752997],[-96.72980399988181,40.88485499985665],[-96.729828999996172,40.884884000241669],[-96.729847000437829,40.884910000131157],[-96.729864000156269,40.884943000002224],[-96.730224000006373,40.884849000243776],[-96.730610999620666,40.884765999883705],[-96.730997000308363,40.884697000135169],[-96.731354999610332,40.884655999728857],[-96.731768999887123,40.884633000235198],[-96.732071999835824,40.88464700028225],[-96.732651999793958,40.884711000168679],[-96.733041999781292,40.884812000128854],[-96.733497999890886,40.884959000077835],[-96.733943999954704,40.88510599970035],[-96.734278999690474,40.885189000313176],[-96.734632999692792,40.885235000264295],[-96.734986999695124,40.885322000202557],[-96.735070000434121,40.885361000114344],[-96.735082999954585,40.885327999772549],[-96.73509899984812,40.885300999665901],[-96.735118000114696,40.885277999717253],[-96.735158000297673,40.885242999927733],[-96.735231000092597,40.885203999946413],[-96.735287999994014,40.885187999929975],[-96.73532399997903,40.885183000051413],[-96.735374000207727,40.885181999668184],[-96.735427999736089,40.885185999842811],[-96.735462999896185,40.885194000191284],[-96.735501000429338,40.885206999736795],[-96.735525999645375,40.885217000169121],[-96.735554999957685,40.885233999881855],[-96.735580000072062,40.885251000269314],[-96.735602999638289,40.885272000142734],[-96.735622999729756,40.885295000093464],[-96.735647999844119,40.8853380001866],[-96.735660000437989,40.885379000170403],[-96.735658999714772,40.885440999948543],[-96.735922000378821,40.885470999776537],[-96.736179000296758,40.885504999746288],[-96.73633099973442,40.885510999978841],[-96.736818999631041,40.885674000315383],[-96.737099000013544,40.885791999733499],[-96.737500999696437,40.885970999888009],[-96.737729000200375,40.886054000095086],[-96.73798299974527,40.88612400015608],[-96.738308000333603,40.886187000283499],[-96.738556999855646,40.886214999717204],[-96.739125999943113,40.886270000219675],[-96.739177999821663,40.886266999798316],[-96.739327999609486,40.886155000043004],[-96.739355000271971,40.884038000250825],[-96.740404999685083,40.884016999985839],[-96.740418000103872,40.883072999917907],[-96.740419999753698,40.882966999974506],[-96.740428999974526,40.882816999777255],[-96.740481999677968,40.882520000312709],[-96.740582999960324,40.882229000045463],[-96.740731000098307,40.881950000289322],[-96.740921999894013,40.881687999980613],[-96.741157999895592,40.881440999800141],[-96.741398999919994,40.881440000039483],[-96.74318599965008,40.881434999877769],[-96.743246999749445,40.881699999778945],[-96.743281999909556,40.881846000093901],[-96.743959999776976,40.881846000093901],[-96.743957000302245,40.882093000121365],[-96.743948999906323,40.88275199967682],[-96.743946000431592,40.882977000066084],[-96.743944999708361,40.883118000246199],[-96.743941000408725,40.883486000288563],[-96.743938999860575,40.883687999718781],[-96.744364000008019,40.883691000257052],[-96.745363000265812,40.883697999701475],[-96.745908999888755,40.883701999965744],[-96.747135999752189,40.883712999672646],[-96.748221000223722,40.883721999925385],[-96.748735000059611,40.883726000188254],[-96.748754000326187,40.881785999854571],[-96.748757999625838,40.881434000117025],[-96.748765000196826,40.880770999901948],[-96.74877600006748,40.87967000000932],[-96.748776999892399,40.879612000090738],[-96.749638000057928,40.879686999788426],[-96.750500000048376,40.879747999679111],[-96.751403999871613,40.879797999837109],[-96.755918999863241,40.879882999883101],[-96.756368000300142,40.879994000282259],[-96.756795000097398,40.880100000232694],[-96.756840000303242,40.880110999859035],[-96.756867999892322,40.880117999682007],[-96.756920999595778,40.880131000224559],[-96.75700500015968,40.880144999865578],[-96.757189000282693,40.880175999836361],[-96.757337000420705,40.880200999758451],[-96.757406000017681,40.880212999826362],[-96.757524000018449,40.880230000145218],[-96.757768000415922,40.880242999986564],[-96.757861000302341,40.88024999979563],[-96.757977999579893,40.880254000268302],[-96.758237999870886,40.880261999854604],[-96.758950000073497,40.880285000188088],[-96.758945999875536,40.880212999826362],[-96.758918000286442,40.880070999788963],[-96.758885999601077,40.87990599966907],[-96.758842000118463,40.879532000002591],[-96.758827999874768,40.879356999939624],[-96.758888999974133,40.879356999939624],[-96.759069999724105,40.879357999731731],[-96.761873000328734,40.879370999744339],[-96.76453799994276,40.879382999962729],[-96.764826999647767,40.879392999916647],[-96.764829000195917,40.879083999759764],[-96.764834000218769,40.878478000255512]]]},"properties":{"AREALAND":34096782,"AREAWATER":88190,"BASENAME":"68521","CENTLAT":"+40.8618029","CENTLON":"-096.7151285","FUNCSTAT":"S","GEOID":"68521","HU100":14980,"INTPTLAT":"+40.8618182","INTPTLON":"-096.7147834","LSADC":"Z5","MTFCC":"G6350","NAME":"ZCTA5 68521","OBJECTID":31076,"OID":"221704258328462","POP100":37251,"ZCTA5":"68521","ZCTA5CC":"B5"}},{"type":"Feature","id":31562,"geometry":{"type":"Polygon","coordinates":[[[-96.920399000351225,40.82094599986339],[-96.919585999866285,40.820883000209307],[-96.917964999817542,40.82077999996617],[-96.916507999800359,40.820704000185877],[-96.910657999990264,40.820584999675056],[-96.910657000165372,40.820393000177432],[-96.910658999815183,40.820023000307522],[-96.910663999838036,40.818957000263019],[-96.910669999685823,40.81784400022179],[-96.910672000233959,40.817496000067209],[-96.91067399988377,40.81708100005531],[-96.910689999777318,40.813922999707088],[-96.908554999892687,40.8139099997668],[-96.90702199970751,40.813908000246428],[-96.904521000125001,40.813848999751279],[-96.902531999830231,40.813854000256214],[-96.902226000406799,40.813854999677282],[-96.901653999946276,40.813856999879135],[-96.899327000441033,40.8138629998044],[-96.898038999579924,40.813866000106749],[-96.896775999731489,40.813869999829848],[-96.892095000058504,40.813881999677506],[-96.892079999989875,40.8069010001199],[-96.89203599960895,40.806894000039172],[-96.891936000049824,40.806863999976223],[-96.891797000132669,40.806799000133303],[-96.891760000322734,40.806767999819698],[-96.891715999941809,40.806746000005084],[-96.891663000238381,40.8067300000735],[-96.891611000359816,40.806728000336747],[-96.891555000283333,40.806738999907999],[-96.891509000252583,40.806760999724943],[-96.891480999765164,40.806793000249215],[-96.891448000153204,40.806873999998679],[-96.891382999855878,40.807158999666107],[-96.891350000243918,40.807237999927416],[-96.891325000129569,40.807273999662442],[-96.891284999946592,40.80730400022],[-96.891234999717881,40.807314000176156],[-96.891178999641383,40.807308999858286],[-96.891078000257352,40.807278999982941],[-96.89102899985356,40.807259000058536],[-96.890986000195838,40.807235000005313],[-96.890951999860647,40.807202999694134],[-96.890904000180072,40.807128999722956],[-96.890845999555452,40.807011999747154],[-96.890818999791279,40.806975999869998],[-96.890778999608301,40.806948999779344],[-96.890729000277901,40.806931999691415],[-96.890675999676134,40.80692899975547],[-96.890566000071274,40.806938999768136],[-96.890515999842563,40.806951999714379],[-96.890468999986908,40.806972999935994],[-96.890417999933277,40.806988000284512],[-96.890364000404915,40.80699899981267],[-96.890310999803148,40.807004999678128],[-96.890258000099692,40.806995999879703],[-96.890217999916729,40.806968999797185],[-96.890197999825261,40.806929999960758],[-96.890197999825261,40.806888999689612],[-96.890217000091823,40.806806999751281],[-96.890267000320534,40.806688999678784],[-96.89036600005474,40.806498000292216],[-96.890386999971142,40.806417000083819],[-96.890391000169103,40.806376000175682],[-96.890361000031859,40.806211000073667],[-96.890359000382048,40.806171000254984],[-96.890378999575219,40.806133000166938],[-96.890419999583102,40.806105000195515],[-96.890519000215619,40.806070000044635],[-96.89072400025502,40.806017000014158],[-96.890879999890629,40.805981999816815],[-96.89093199976918,40.805966999920884],[-96.890977999799929,40.80594700028103],[-96.891002999914278,40.805910999826146],[-96.891003999739198,40.805870000285367],[-96.890981999997877,40.805747000151094],[-96.890956999883528,40.805666999930338],[-96.890921999723432,40.805589000064202],[-96.890895999784163,40.805553000095081],[-96.890771000110689,40.805413999804379],[-96.890698000315766,40.805345999893646],[-96.890657000307868,40.805320000049335],[-96.890605000429332,40.805306000233578],[-96.890551999827565,40.805300000214508],[-96.890335000092605,40.805301999994278],[-96.890174000434115,40.805320000049335],[-96.890072000326867,40.805350000130289],[-96.890024999572873,40.80537100017893],[-96.889985000288235,40.805397000003218],[-96.88985999971645,40.805533999876864],[-96.889824999556353,40.805563999861086],[-96.88978000024882,40.805590000289733],[-96.889730000020108,40.805605999816187],[-96.889677000316652,40.805608999811938],[-96.889621000240169,40.805605000270873],[-96.889565999988562,40.805595000057146],[-96.889519999957827,40.805578000302397],[-96.889479999774849,40.805550000096758],[-96.889447999987794,40.805514000106484],[-96.889425000421568,40.805476999869462],[-96.889400000307205,40.805353999686773],[-96.889367999621854,40.805106999764597],[-96.889359000299336,40.805066999960481],[-96.889339000207855,40.805028999920253],[-96.88930800024572,40.804993000327343],[-96.889268999887662,40.804964999874947],[-96.889220000382153,40.804950999984307],[-96.889164000305669,40.804946999723555],[-96.889109999878997,40.804949999749141],[-96.889003999573788,40.804969000134555],[-96.888797999709453,40.805021000087962],[-96.888641000248938,40.805053000091355],[-96.888535999768635,40.805080000273485],[-96.88848899991298,40.805100000174605],[-96.888452000103044,40.805127000337571],[-96.888391999828599,40.805197000255646],[-96.888341999599874,40.805270999661303],[-96.888258999759202,40.805422999817353],[-96.888159000200091,40.805569000310442],[-96.888103000123593,40.805639999987037],[-96.888037000001361,40.80570599982898],[-96.887997999643289,40.805733999968744],[-96.887950999787634,40.805756000118855],[-96.887898000084178,40.805763000319622],[-96.887842000007694,40.805757999884889],[-96.887791999778969,40.805742999938317],[-96.887771999687487,40.80570599982898],[-96.887647000014013,40.80530500000382],[-96.887616999876798,40.805223000148082],[-96.887597999610207,40.805183999965607],[-96.887571999670939,40.805149000008925],[-96.887535999685937,40.805121000302314],[-96.887491000378404,40.805097999708771],[-96.887390000096062,40.805060999919803],[-96.887339999867351,40.805047000049406],[-96.887235000285372,40.805024999664269],[-96.887133000178125,40.804990999858326],[-96.887089999622091,40.804966999664813],[-96.887062000033012,40.80493299982912],[-96.887051000162359,40.804889999892019],[-96.887056000185211,40.804849999957113],[-96.887088999797186,40.804816000061528],[-96.887133000178125,40.804791999804721],[-96.887293999836601,40.804768999777146],[-96.887502000249057,40.804719999662218],[-96.887551999579458,40.804705000161029],[-96.887600000158344,40.804685000140864],[-96.88762299972457,40.804648999681369],[-96.887631000120493,40.804566000134116],[-96.887621999899665,40.804443000302918],[-96.887580000066862,40.804239000096914],[-96.887537000409154,40.804075999938263],[-96.887520999617323,40.804038000010607],[-96.887489999655187,40.804006000197802],[-96.887347000438368,40.803943000096254],[-96.887200000125276,40.803892000229268],[-96.88680000009218,40.803762000097827],[-96.886749000038577,40.803751000033152],[-96.886694999611876,40.80375200028638],[-96.886588000380087,40.803768999828925],[-96.886380999792536,40.803817999965993],[-96.886326000439254,40.803824999691187],[-96.886271000187676,40.803825999943314],[-96.886220000134045,40.803819000218226],[-96.886132000270493,40.803768999828925],[-96.886080000391971,40.803751000033152],[-96.886029000338354,40.803747999953423],[-96.885980999759454,40.803770000081897],[-96.885948999972399,40.803803000260942],[-96.885928000055998,40.803884999831148],[-96.885902999941635,40.804214000065194],[-96.885881000200328,40.804293999997547],[-96.885841999842285,40.804370999781845],[-96.885815999903002,40.804406999712157],[-96.885784000115962,40.804440999817317],[-96.88574499975789,40.804470000053229],[-96.885697999902234,40.804490999700292],[-96.885645000198778,40.804502999884228],[-96.885593000320256,40.804502000322302],[-96.885492999862805,40.804465000201056],[-96.885357000318692,40.804398000241385],[-96.885316000310823,40.804370000217936],[-96.885259000409405,40.804300999672542],[-96.88519300028716,40.804187000210781],[-96.885146000431504,40.804069000239544],[-96.885122999966967,40.803946999737533],[-96.885119999593911,40.803863999992345],[-96.885123999791873,40.803822000294737],[-96.885137000210662,40.803782999968909],[-96.885247999640441,40.803640999966326],[-96.885369000014251,40.803456999731353],[-96.885398000326575,40.803377000150071],[-96.885409000197228,40.803293999692109],[-96.885388000280827,40.803259000098691],[-96.885343999899902,40.803233000116776],[-96.885292999846286,40.803218999860768],[-96.885237999594693,40.803218999860768],[-96.885023000407841,40.803247999950642],[-96.884974999828955,40.803265000302275],[-96.884768000139729,40.803398000143019],[-96.884592000412638,40.803494999991706],[-96.884491999955202,40.803528000307452],[-96.88443900025176,40.803538999729092],[-96.884384999825073,40.803544999907373],[-96.884332000121631,40.803543000074704],[-96.884280000243095,40.803530999717189],[-96.884230000014369,40.80351200028003],[-96.884185999633445,40.803486999974503],[-96.884147000173712,40.803459000246662],[-96.884080000226561,40.803393000210043],[-96.884025999799888,40.803320999909801],[-96.883971000446621,40.803205000281814],[-96.883930000438724,40.80308500007807],[-96.883874000362226,40.802883000310487],[-96.88384000002705,40.80280600015984],[-96.883771000430059,40.802692999759316],[-96.883686000041251,40.802586999702129],[-96.883650999881141,40.802553000007173],[-96.883613000246314,40.802524000293637],[-96.883568999865375,40.80250699975219],[-96.883511999963986,40.802511999751871],[-96.883458000435624,40.802524000293637],[-96.883358999803107,40.802558000003444],[-96.883307999749491,40.802571000127855],[-96.883254000221129,40.802576000122755],[-96.883145000441189,40.802572999989863],[-96.883091999839422,40.802564999861524],[-96.883039000135966,40.802551999735925],[-96.882993000105216,40.802531999746911],[-96.882959999594945,40.802498000023789],[-96.882945000424641,40.802458000007242],[-96.88295799994512,40.802417999966586],[-96.882978999861521,40.802379000175698],[-96.883008999998736,40.802344999694192],[-96.883050000006634,40.802319000034238],[-96.883145000441189,40.802278000314395],[-96.883244000175367,40.802243999781147],[-96.883291000031036,40.802223000103126],[-96.883332000038919,40.80219600011872],[-96.883359999628027,40.802159999669072],[-96.88336600037411,40.802120000128838],[-96.883356000328376,40.802078000007626],[-96.883336000236881,40.802040000295982],[-96.883300000251879,40.802008999799348],[-96.883253000396209,40.801988000046983],[-96.883200999619362,40.80197600008831],[-96.883095000212464,40.801959000086526],[-96.883044999983753,40.801942000080381],[-96.883002000326044,40.801916999863423],[-96.882988000082335,40.801879000059607],[-96.883000999602814,40.801838000067974],[-96.883133999672211,40.801613000143895],[-96.883074000296062,40.801497999857972],[-96.883040999785791,40.801471000258658],[-96.882936000203813,40.801447000152265],[-96.882882999602046,40.801442000072313],[-96.882833000271646,40.801457999918739],[-96.882792000263763,40.801485000203357],[-96.882533999622595,40.801749999668694],[-96.882458000352912,40.801807999759525],[-96.882284000275646,40.801906999773998],[-96.882242000442844,40.801935000156583],[-96.882205999559531,40.80196499972763],[-96.882178999795343,40.802000000003424],[-96.882162999901823,40.802040000295982],[-96.882157999878942,40.8020810001629],[-96.882162999901823,40.802122000004431],[-96.882203999909706,40.802241999909285],[-96.882259000161298,40.802357999860384],[-96.882273000404993,40.802399000210812],[-96.882275000054804,40.80243999985592],[-96.882264000184151,40.802479999883317],[-96.882243000267749,40.802519000294808],[-96.882210999582398,40.802551000144618],[-96.88216799992469,40.802577999984564],[-96.882120000244115,40.802597999959723],[-96.882068000365578,40.802609999805924],[-96.882013999938906,40.802614000207484],[-96.881905000158966,40.802607999945032],[-96.881851999557199,40.802599000230323],[-96.881750000348262,40.802567999994785],[-96.881702999594282,40.802548000010589],[-96.881660999761493,40.8025230000219],[-96.881624999776477,40.802491999750863],[-96.881568999699979,40.802421000106449],[-96.881526000042271,40.802344999694192],[-96.88147599981356,40.802226999848003],[-96.88142999978281,40.802066000065231],[-96.881398999820661,40.801986999767159],[-96.881355000338061,40.801913000099823],[-96.881247000383013,40.801769000290207],[-96.881206000375144,40.80174299972461],[-96.881156999971338,40.801725000059392],[-96.881028999924808,40.801704999821233],[-96.880873000289199,40.80174299972461],[-96.880824999710313,40.801759999781723],[-96.880790000448528,40.801791999997469],[-96.880768999633815,40.801829999851037],[-96.880756999938257,40.801870999847623],[-96.880752999740295,40.801911000217984],[-96.880760000311298,40.801993999685465],[-96.880791000273433,40.802115000099633],[-96.880867000441413,40.802312999745119],[-96.880953999581735,40.802463000010611],[-96.881028999924808,40.802572999989863],[-96.881086999651131,40.802642999881748],[-96.881132999681881,40.802718999952724],[-96.881136999879857,40.802758999811971],[-96.881125000184284,40.80279900032712],[-96.881105000092802,40.802837999871223],[-96.881075999780492,40.802872999686649],[-96.881002000160635,40.802936000123871],[-96.880976000221366,40.802970000302629],[-96.880968999650364,40.803010000010602],[-96.88098799991694,40.803217000018229],[-96.880982999894059,40.803299000312499],[-96.880965000350713,40.803419000129274],[-96.880885999809678,40.803573999854848],[-96.880833999931141,40.803645000305792],[-96.880796000296314,40.803674000209526],[-96.880618000021087,40.803771000334827],[-96.880520000111787,40.803805000085781],[-96.8804659996851,40.803814000316954],[-96.880412999981672,40.803814999889241],[-96.880145000193053,40.803779999890622],[-96.879883000252235,40.803723999990396],[-96.879829999650468,40.803725000244029],[-96.87977699994704,40.803731999979028],[-96.879672000365048,40.803757999765473],[-96.879576000105587,40.803794000028283],[-96.879482000394233,40.803835999743605],[-96.879331999708114,40.803883000008732],[-96.879024999561437,40.803963999910067],[-96.87876400034385,40.804019000038593],[-96.878565000152207,40.804083999884469],[-96.878360999937726,40.804140000160935],[-96.877858999797382,40.804295999807636],[-96.877653999757968,40.804347000044103],[-96.87744200004586,40.804386000038512],[-96.877282000212304,40.804406000148781],[-96.877066000302236,40.804418999911277],[-96.876745999736769,40.804462999716073],[-96.876534999849582,40.804499999838434],[-96.876116000448249,40.804581999907455],[-96.875804000278691,40.804651999720384],[-96.875590999843382,40.804680999864082],[-96.875379000131261,40.804717999864955],[-96.875302000138376,40.804725000175218],[-96.875030999976715,40.8047330000432],[-96.874861999922317,40.804742999706782],[-96.874809000218875,40.804751999810748],[-96.874768000210992,40.804773000048563],[-96.874738999898668,40.804802999696804],[-96.874716000332441,40.804840000309596],[-96.874613000400288,40.805080999826707],[-96.874506000270159,40.805270999661303],[-96.874480000330891,40.805306000233578],[-96.87440099978987,40.805362000158908],[-96.874313999751237,40.805412000027985],[-96.874170999636107,40.805472000093154],[-96.873975999642425,40.805542999873516],[-96.873874000433489,40.805569999856296],[-96.873502999814406,40.805632000228371],[-96.873395999684291,40.805642999981281],[-96.873125000420941,40.805647999744714],[-96.872939999574712,40.805660999943846],[-96.872942999947767,40.813929000306274],[-96.867603999600533,40.813913000067025],[-96.863348000074964,40.813900000124733],[-96.863346000425153,40.810854000122823],[-96.86300400011838,40.811209000069958],[-96.862773999964631,40.811440000241255],[-96.86261099975799,40.8116100002539],[-96.861444999993935,40.81259800027231],[-96.861141000220329,40.812828999687127],[-96.860850999792092,40.813031999889304],[-96.860695000156497,40.813144999682486],[-96.860161000229112,40.813523000010733],[-96.859588999768576,40.813888999700886],[-96.858658000181165,40.813886000079471],[-96.857783999596833,40.813883999878492],[-96.854616000017543,40.813874000232552],[-96.853786999639055,40.813872000031211],[-96.848690000039483,40.813879000055714],[-96.848499000243763,40.813879000055714],[-96.848345000257964,40.813880000156288],[-96.846879000019953,40.813881999677506],[-96.845893000180951,40.813882999777974],[-96.845303000177068,40.813883999878492],[-96.844345999752065,40.813884999978988],[-96.844380000087256,40.81057100030786],[-96.844382999561986,40.81029400021378],[-96.844354999972907,40.810243999943502],[-96.834909999887927,40.810250999670856],[-96.834909999887927,40.809780999825705],[-96.834909999887927,40.807797999789578],[-96.834909000063021,40.806604000222606],[-96.827853000305907,40.806527000309231],[-96.827731000107164,40.806701999673997],[-96.827483000410055,40.806988999808993],[-96.827409999716792,40.807223000315375],[-96.827413000089862,40.807331999685537],[-96.827627000350105,40.807482999683664],[-96.827660999786957,40.807566999858125],[-96.827650999741223,40.807748999871293],[-96.827160000369858,40.807938000036593],[-96.826860999720807,40.808105999807182],[-96.826674999947954,40.808295000315596],[-96.826813000040246,40.808630999663634],[-96.827141000103282,40.808861999970837],[-96.827429999808302,40.808899999856038],[-96.827409999716792,40.809264999720639],[-96.827196000354874,40.809589000334377],[-96.826883000360425,40.809818999864547],[-96.826336000014251,40.809766000108539],[-96.826048000134165,40.809775000211168],[-96.825578999605796,40.810158000124822],[-96.825339000304595,40.810663999954961],[-96.825339000304595,40.810211000247619],[-96.821595000066822,40.810181000324427],[-96.820129999653702,40.810168999807409],[-96.815684999982267,40.810132000126067],[-96.815658000218079,40.810758000299266],[-96.815678000309575,40.813735999797366],[-96.815536999844255,40.813734999694667],[-96.813730999847621,40.813716999882509],[-96.811734999880159,40.813699000065469],[-96.809097000030306,40.813674000198148],[-96.808382000352935,40.813667000152016],[-96.805922999704904,40.812201999890064],[-96.805406000394271,40.811891000135653],[-96.804635999567012,40.811425000219252],[-96.803586999978833,40.81083200030303],[-96.803203999664177,40.810611000193958],[-96.802412999818841,40.810197000103869],[-96.80198299964853,40.809996999864133],[-96.801251000252748,40.80968599997329],[-96.800984000289048,40.809573999893928],[-96.800534999852161,40.809386999965355],[-96.80001299962035,40.809203000023011],[-96.799071000162286,40.808899999856038],[-96.798188000255436,40.808654999891914],[-96.797595999703418,40.808506999705656],[-96.796848000414116,40.808339999774482],[-96.796299000418102,40.808242000022268],[-96.796289000372369,40.80788600032902],[-96.796111999922047,40.807849000054588],[-96.795958999761154,40.807808999863369],[-96.795812000346402,40.8077529999631],[-96.795711999888965,40.807723999801944],[-96.795659000185509,40.807716999808029],[-96.795551000230489,40.807713999907513],[-96.795223999992345,40.807726000188573],[-96.795171000288889,40.807722000095147],[-96.795119000410352,40.807712999713999],[-96.794912999647721,40.807657999927073],[-96.794546999949802,40.807583999783333],[-96.79438600029134,40.807563999950837],[-96.794007000174659,40.80755599974416],[-96.793792000089496,40.807532999994599],[-96.793468000224394,40.807513000146685],[-96.793305999842687,40.807507999843814],[-96.793145000184225,40.807525999980541],[-96.792981000152679,40.807524000267783],[-96.792927999550912,40.807516000056275],[-96.792827999991815,40.807486000274523],[-96.792438000004466,40.807339999919215],[-96.792283000193777,40.80730400022],[-96.79211999998715,40.807288999942912],[-96.792012000032116,40.807290000142821],[-96.791960000153566,40.807298999901377],[-96.79180399961966,40.807338999720059],[-96.791750999916204,40.807345000234747],[-96.791642999961169,40.807345000234747],[-96.791479999754543,40.807335000283217],[-96.791266000392625,40.807308000338615],[-96.79104899975934,40.807298999901377],[-96.79088700027593,40.807304999739721],[-96.790673000015701,40.807327000048929],[-96.790246000218431,40.807386000224163],[-96.790033999607999,40.807430000101675],[-96.789981999729477,40.807434000212758],[-96.789929000026035,40.807431999817268],[-96.789822999720812,40.807417999767097],[-96.789611999833639,40.807373999881619],[-96.78950499970351,40.807359999819219],[-96.789125999586801,40.807341000118306],[-96.789019000354998,40.807328000248262],[-96.788810999942541,40.80728400030312],[-96.788757000414193,40.807280999703089],[-96.788594000207567,40.80728700022302],[-96.788434000373996,40.807308000338615],[-96.788169000060122,40.8073529997869],[-96.787994999982857,40.807404999912137],[-96.787868999586152,40.807454000084427],[-96.787788000293617,40.807496000203294],[-96.787572000383548,40.807524999784192],[-96.787465000253434,40.807534000190785],[-96.787414000199803,40.807530000085777],[-96.787179000023173,40.807423000076795],[-96.787030000060241,40.807373999881619],[-96.786924999579952,40.807352000267898],[-96.786818000348134,40.807341000118306],[-96.786383999979876,40.807338000200851],[-96.786223000321399,40.807321000212582],[-96.786169999719633,40.807325000330231],[-96.786117000016176,40.807338000200851],[-96.786064000312749,40.807345999753856],[-96.7859560003577,40.807338999720059],[-96.785795999625819,40.80731499969572],[-96.785695000241788,40.807286000023055],[-96.785460000065157,40.807182000225247],[-96.785214000017859,40.807095999837856],[-96.78512100013144,40.807054000145769],[-96.784988999886949,40.806981999737545],[-96.784866999688219,40.8069010001199],[-96.784680000090475,40.806737999699791],[-96.784506999838115,40.806585999835796],[-96.78296000030754,40.807038999812178],[-96.782544000380938,40.807144000036196],[-96.782024999623857,40.807270999741959],[-96.781552999620757,40.807380999911729],[-96.781041000332991,40.807502000023838],[-96.780632000079081,40.807591999986627],[-96.780272000228962,40.807649999731787],[-96.77981399957126,40.807712999713999],[-96.779128000206228,40.807776000316409],[-96.778701000408958,40.80786700009881],[-96.778609000347444,40.80788699983998],[-96.777975999787543,40.808047999780676],[-96.777973000312812,40.80869000003932],[-96.777968000289931,40.809932999850531],[-96.777952000396411,40.813695000332061],[-96.776286000141852,40.813701000271969],[-96.767719999765774,40.813733000169023],[-96.765199999916675,40.813741999733573],[-96.760295999762619,40.813759000116455],[-96.759026000241491,40.813762999846013],[-96.758883000126346,40.813796999916768],[-96.756260000345094,40.813814000285511],[-96.75512600036808,40.813821999737691],[-96.754921000328665,40.813822999839125],[-96.754907000084984,40.813788999781693],[-96.754886999993488,40.813733000169023],[-96.75465799966463,40.813719000088476],[-96.753952000208116,40.813723999923312],[-96.752820999705847,40.813729999860605],[-96.752646999628567,40.813732000066238],[-96.752229999877045,40.813768999779782],[-96.750675999775467,40.813778000019333],[-96.749371999919163,40.813787000257676],[-96.742209000031906,40.813743999938836],[-96.741001000435062,40.813736999900094],[-96.739741999886277,40.813729999860605],[-96.736002999671356,40.813708999737777],[-96.735745999753405,40.813710999944036],[-96.733147000261596,40.813696999858841],[-96.733435000141696,40.813317000303911],[-96.733666999945271,40.813078999760492],[-96.733858999565911,40.812916000238346],[-96.734117000207078,40.812724999738158],[-96.734466000186544,40.812489000033715],[-96.734860000371839,40.812241000027463],[-96.735185999886738,40.812039999701426],[-96.735647999844119,40.81179800016865],[-96.735981999754955,40.811746000086366],[-96.736368000442653,40.811705000071235],[-96.737489999825783,40.811579000148079],[-96.740499000294719,40.81127899969173],[-96.749371000094243,40.81041999985748],[-96.750659999881947,40.810277999777853],[-96.752444999962194,40.810055999705177],[-96.75301800024765,40.809986000153039],[-96.751952000042706,40.808364000108057],[-96.751760000422081,40.808071000031696],[-96.751735000307733,40.808039000123699],[-96.751695000124755,40.807985000116446],[-96.751632000375565,40.807876999970127],[-96.751443000229685,40.807589000080469],[-96.751239000015175,40.807280000182999],[-96.750745000270769,40.806529000052038],[-96.750202999947462,40.805708999820261],[-96.749997999908047,40.805428000277324],[-96.749823000005861,40.805217999672664],[-96.749648999928581,40.805030999708201],[-96.749444999714086,40.804836000042215],[-96.749207999887616,40.804634999724072],[-96.749027999962564,40.804499000276465],[-96.748975000259122,40.804459000105901],[-96.748730000036744,40.804293999997547],[-96.7484949998601,40.804151999728298],[-96.748205000330174,40.803995999743123],[-96.747902000381487,40.803854000196267],[-96.747589000387038,40.803727000071213],[-96.747226000163877,40.803599999703131],[-96.746786999772738,40.803464000174614],[-96.744701000291911,40.802845999966657],[-96.744559000001686,40.802804000304846],[-96.744527000214632,40.802794999936708],[-96.744107000090068,40.803130999932506],[-96.743804999966272,40.803348000116564],[-96.743533999804612,40.803514999690485],[-96.743281000084636,40.803644000050951],[-96.743184000000255,40.803682999778466],[-96.742876000028687,40.803797000105938],[-96.74255299998849,40.803894000051478],[-96.742183999917557,40.803976000189294],[-96.741728999632898,40.804003999698978],[-96.741337999820644,40.804012999903165],[-96.741086999750479,40.803990999855245],[-96.740752000014709,40.80395100005849],[-96.740213999889377,40.80388400025992],[-96.739709000274303,40.803808999735367],[-96.739362999769568,40.803819999790427],[-96.739115999897365,40.803819000218226],[-96.738663000160841,40.803835999743605],[-96.738082000377801,40.803889999727069],[-96.737206000143658,40.804012000333863],[-96.735137000381272,40.804564999893216],[-96.734980999847352,40.804604999999839],[-96.734339999789839,40.80475300004889],[-96.733635999983136,40.80490099976786],[-96.732867999704027,40.805048000283115],[-96.732384999830259,40.805129999675039],[-96.732125000437591,40.805173999688442],[-96.731906000154481,40.805205000066721],[-96.729996000400746,40.805479000323878],[-96.72969500010187,40.805521999879353],[-96.727566000065011,40.805827000275407],[-96.725740999801786,40.806077999750485],[-96.723811999781489,40.806350000054934],[-96.723840000268908,40.806436000049224],[-96.72384600011668,40.806475999708177],[-96.723825000200279,40.806614999814364],[-96.724359000127677,40.806579999932445],[-96.723872999880854,40.80680099986791],[-96.723733000138779,40.806816000255303],[-96.723514999680575,40.807261999979609],[-96.723493999764173,40.807385000025704],[-96.723504999634841,40.807465999732536],[-96.723529999749189,40.807545999824484],[-96.723677999887187,40.808028000088022],[-96.72371800007015,40.808231000020264],[-96.723732000313888,40.808354000310082],[-96.723728000115926,40.808518999843351],[-96.723716000420339,40.808600999705995],[-96.723655000320974,40.8088010000738],[-96.723615000137997,40.808878000068262],[-96.723424000342291,40.809177000329981],[-96.723511000380924,40.809232999708485],[-96.723534999772056,40.809267000060814],[-96.723586999650607,40.809549999998033],[-96.723627999658476,40.809922000128779],[-96.723641999902171,40.810168999807409],[-96.723634000404573,40.810208999935888],[-96.723589000198743,40.810329000176615],[-96.723585000000782,40.810369999682152],[-96.723636000054398,40.810822000197057],[-96.723631000031531,40.810906999689728],[-96.723617999612742,40.810944999763606],[-96.723550999665591,40.810968999834856],[-96.723641000077265,40.811291000007998],[-96.7236720000394,40.811371000247817],[-96.72367299986432,40.811411000331603],[-96.7236569999708,40.811493000019951],[-96.723627999658476,40.81157300001626],[-96.723511000380924,40.811804000280119],[-96.723473999672706,40.811923999675926],[-96.723421999794155,40.812125999800472],[-96.7233749999385,40.812287000334415],[-96.72332899990775,40.812572999990181],[-96.723313999839121,40.812736999792889],[-96.72332800008283,40.813149000128895],[-96.723323000059963,40.813189999931609],[-96.723307999991349,40.813229000168157],[-96.723246999891984,40.813342999734523],[-96.723143999959817,40.813577999695539],[-96.723128999891188,40.813617999808528],[-96.723118999845454,40.813649999745607],[-96.723116000370723,40.813710999944036],[-96.723114999647493,40.813740000208192],[-96.723096000279241,40.813778000019333],[-96.723042999677475,40.813850999953324],[-96.722954999813936,40.814046999741969],[-96.723132000264258,40.814393000127026],[-96.723179999944833,40.814511000097227],[-96.723196999663259,40.814591999943751],[-96.723194000188528,40.814673999779977],[-96.723180999769738,40.814829999818755],[-96.723165999701109,40.815003000234661],[-96.723112999997682,40.815371000074776],[-96.723052999723208,40.815698000325966],[-96.723020999936153,40.8158190002287],[-96.722986999600991,40.815897000307437],[-96.722947000316324,40.815969999949438],[-96.722902999935386,40.8163389999279],[-96.722865000300558,40.816500999817286],[-96.722816999721672,40.816661999932315],[-96.722808000399141,40.816785000229892],[-96.722784000109698,40.816907000244434],[-96.722754999797374,40.81698599977755],[-96.72264900039049,40.81717600019708],[-96.722598000336859,40.817248999791346],[-96.722235999938619,40.817608999735405],[-96.722179000037215,40.817679000083061],[-96.722056000013552,40.817863000314411],[-96.721994999914173,40.817930000275616],[-96.721777000354294,40.818112999774058],[-96.721275000213979,40.818545999994576],[-96.721005999702143,40.818803999810569],[-96.720426999568915,40.8192950000427],[-96.72022300025273,40.819486999999299],[-96.720162000153351,40.819554999694859],[-96.719330000300147,40.820143999799434],[-96.719253000307233,40.820203000134569],[-96.718981000320682,40.820337000021006],[-96.718876999665298,40.820395000182174],[-96.718706999785994,40.820489000335627],[-96.718515000165354,40.820874000253838],[-96.718298000430394,40.821110000041877],[-96.718218000064454,40.821203999861872],[-96.718172999858595,40.821257999987481],[-96.718017000223,40.821483999910363],[-96.717982999887809,40.821647000134703],[-96.717941000055006,40.821807999996459],[-96.71784099959757,40.822043999860242],[-96.717823000054238,40.822124000049769],[-96.717809999635435,40.822330000280694],[-96.717770000350782,40.822533999931629],[-96.717714000274285,40.822734999733804],[-96.717701999680415,40.822817999667159],[-96.717714000274285,40.822856999681925],[-96.717734000365766,40.822894999709042],[-96.717761000129954,40.822976000195169],[-96.717761999954874,40.823017000042647],[-96.717725000144938,40.823220000339902],[-96.717640999581036,40.823628000337237],[-96.717611000342117,40.823661000157358],[-96.717483000295616,40.823707999975753],[-96.717581000204888,40.8238089998489],[-96.717633000083438,40.82387999972152],[-96.717645999603917,40.823917999842308],[-96.717648999976959,40.823958999787244],[-96.717642000304267,40.824009999865716],[-96.717617000189904,40.824208000118674],[-96.71756100011342,40.824535000313247],[-96.717529000326365,40.824613000339788],[-96.717376000165487,40.824876999958065],[-96.717180000346886,40.825123999699898],[-96.717130000118189,40.825197000063895],[-96.716873000200252,40.825462000002432],[-96.716818999773565,40.825533000144688],[-96.716757999674201,40.825648000242587],[-96.716685999704183,40.825802999704308],[-96.71659700001571,40.825907000223289],[-96.716525999870612,40.82596899994531],[-96.716289999869062,40.826139000113578],[-96.716084999829633,40.826274000156708],[-96.715911999577287,40.826372999696432],[-96.715592999735051,40.826530000002379],[-96.715449999619921,40.826589000094884],[-96.715350000060809,40.826619000075716],[-96.715148000394436,40.826661000297918],[-96.714365000046712,40.827168999811192],[-96.713944000097229,40.827427999969281],[-96.713744999905614,40.827566999684258],[-96.713361999590958,40.827859000097561],[-96.713002999565759,40.828110999718518],[-96.712969999953799,40.828143000141331],[-96.712843999557094,40.828326999893797],[-96.712672000027965,40.82842400000478],[-96.712220999941266,40.828651999734952],[-96.712164999864768,40.828700999848856],[-96.712164999864768,40.829025999896153],[-96.712159999841887,40.829674000245163],[-96.712159000016982,40.829793999942183],[-96.712143999948367,40.833397000074825],[-96.712143000123461,40.8334789997729],[-96.712142000298556,40.833499999753919],[-96.712140999575311,40.833589999791201],[-96.71213999975042,40.833682999792003],[-96.712261999949135,40.833657000177638],[-96.713472999919034,40.833429999791463],[-96.713939000074362,40.833322000287041],[-96.714467000153974,40.833227999971015],[-96.714676000391336,40.833185000020585],[-96.714982999639687,40.833102000148145],[-96.715452999992976,40.833002999779509],[-96.715716999583606,40.832958000057431],[-96.716146999753917,40.832913000304764],[-96.716410000417966,40.832866000213322],[-96.71807800032235,40.83250099969942],[-96.718803999870346,40.832335000177125],[-96.719060999788312,40.832270000140404],[-96.71956100027883,40.832109999673918],[-96.719714000439708,40.832069000010499],[-96.719978000030338,40.832022000000457],[-96.720400999629632,40.831927999880364],[-96.720602000369396,40.831883000108327],[-96.720907999792857,40.831799000134922],[-96.721729999600328,40.831588000242213],[-96.722292000015102,40.831434999700278],[-96.722550999582879,40.831376999677971],[-96.722709999591544,40.831354999867202],[-96.723087999883319,40.83132300031474],[-96.724050000331175,40.831197000270151],[-96.724258999670241,40.831153999682236],[-96.724513999938367,40.831083999961749],[-96.724658999703337,40.831027999996209],[-96.724725999650474,40.831006000069578],[-96.724807999666254,40.830979000242394],[-96.725014000428885,40.830927000242163],[-96.725483000058929,40.830824999809522],[-96.726052000146424,40.83068899966829],[-96.72641600019449,40.830607999766478],[-96.726586999898714,40.830561000080181],[-96.72679399958794,40.83051100013148],[-96.727003999650236,40.830471000009467],[-96.727326999690419,40.830435999797913],[-96.727431000345817,40.830416999908387],[-96.727479999851298,40.830398999864933],[-96.727621000316617,40.830334999821822],[-96.727720999875714,40.830306000015646],[-96.727983999641452,40.830253000313633],[-96.728553999553839,40.830114999967343],[-96.728710999912678,40.830083999672723],[-96.728817000217902,40.830072999893559],[-96.728977999876363,40.830072999893559],[-96.729249999862944,40.830092999737793],[-96.729413000069556,40.830100000089672],[-96.729465999773012,40.830095999985787],[-96.729572000078221,40.830077999855192],[-96.729680999858161,40.830068999788089],[-96.72978700016337,40.830054999756719],[-96.729837000392095,40.83003900000859],[-96.729967000088422,40.829991000061355],[-96.730526999955075,40.829811000289489],[-96.730730000344664,40.829764999899339],[-96.731051999661645,40.829729999994854],[-96.731700000290147,40.829685999952744],[-96.731969999728577,40.829674000245163],[-96.732295000316881,40.82967799969483],[-96.733432999593546,40.829716999753707],[-96.733755999633743,40.829740999830868],[-96.733968000244161,40.829777000270191],[-96.734231000009899,40.829827000092635],[-96.734445000270142,40.829851999989756],[-96.735038999573646,40.829894000203481],[-96.735364000161994,40.829909000127692],[-96.735905999586976,40.829919000075279],[-96.736067000143763,40.829929000021401],[-96.736334999932382,40.829962999962774],[-96.736544999994663,40.830005999963639],[-96.736651000299858,40.830020000005298],[-96.736921999563208,40.830024999970931],[-96.737246000326635,40.830051000329846],[-96.737458999863648,40.830078999711539],[-96.737719000154641,40.830138999900399],[-96.738618999779916,40.830288999795201],[-96.73883300004016,40.830312999665317],[-96.73921200015684,40.830324000084346],[-96.739912999590487,40.830383000199809],[-96.740614999747379,40.830428000310157],[-96.740829000007608,40.830451000279247],[-96.74119999972838,40.830513999680896],[-96.741896000037471,40.830598999771269],[-96.742162000176236,40.830637999968218],[-96.742742000134385,40.830743000227578],[-96.743210999764429,40.830844000261848],[-96.743780999676844,40.830976000034347],[-96.744136000402392,40.831079000075974],[-96.744292000038001,40.831113000107379],[-96.744557000351875,40.831156000042178],[-96.744768000239063,40.831194999911453],[-96.74486899962308,40.831223000169494],[-96.74491700020198,40.831242999666863],[-96.745190000013451,40.831378000194441],[-96.745318000059967,40.831453999977818],[-96.745591999696373,40.83165300026787],[-96.745665000389607,40.831700999691662],[-96.74584500031466,40.831819999968346],[-96.746000999950283,40.831923000058232],[-96.746392999587442,40.832208000192345],[-96.74654099972544,40.832335999999437],[-96.746620000266475,40.832392000219649],[-96.74666799994705,40.832412000044059],[-96.746955999827122,40.832507999797066],[-96.747015000276676,40.832526999767119],[-96.747294999760854,40.832653000003042],[-96.747391000020315,40.832690999854577],[-96.747546999655938,40.832727000051555],[-96.74770700038782,40.832750999718861],[-96.747760999916167,40.832752000214604],[-96.748031000252908,40.83273999970249],[-96.748403999623491,40.832685000272946],[-96.748506999555659,40.832660000084637],[-96.748560999982317,40.832655000317708],[-96.748669999762285,40.832653000003042],[-96.748777999717319,40.832660000084637],[-96.749099000107677,40.832697000115317],[-96.749262000314289,40.832696000298448],[-96.749370000269323,40.832701999879077],[-96.74958100015651,40.832738999886324],[-96.749744000363151,40.832730000180362],[-96.749850999594955,40.832716000031198],[-96.749904000196707,40.832712999901752],[-96.750011000326822,40.832730000180362],[-96.750171999985326,40.832745999958838],[-96.750361000131221,40.83273999970249],[-96.750414999659569,40.832742000014584],[-96.750570000368569,40.832779999815067],[-96.750679000148523,40.832786999883268],[-96.750727999654018,40.832800000202177],[-96.750865999746267,40.832867000027626],[-96.751012000234454,40.832921000172412],[-96.751160000372465,40.832969000037636],[-96.751213000075893,40.832976000085871],[-96.751429999810881,40.832982000320818],[-96.752459000205917,40.8329589998703],[-96.752892999675865,40.832959999683204],[-96.753269000317829,40.832922999799294],[-96.753486000052789,40.832918999865711],[-96.753702999787777,40.832925000105867],[-96.753809999917891,40.832914000118365],[-96.7539659995535,40.832878999837],[-96.754158999897342,40.832804000142936],[-96.75435899991389,40.832738999886324],[-96.754503999678846,40.832683999776251],[-96.755056000047887,40.832422000293903],[-96.755184999919322,40.832347000082841],[-96.755405999852258,40.832228000072305],[-96.75544400038541,40.832198999734658],[-96.755615000089634,40.832038999776536],[-96.756014000297796,40.831702000203194],[-96.756319999721228,40.831469000228843],[-96.756379000170782,40.831399999997579],[-96.756683999769308,40.830963000037556],[-96.756898999854457,40.830677000142224],[-96.756961999603647,40.830610999991173],[-96.757268999750309,40.830375999877802],[-96.757334000047649,40.830310999959714],[-96.75738199972821,40.830237999787514],[-96.75749399988122,40.829976000155632],[-96.757534999889103,40.829856999968008],[-96.757539999911984,40.829816000270888],[-96.757553000330773,40.829775999729556],[-96.757633999623295,40.829622999764453],[-96.757673999806272,40.829504000302713],[-96.757693000072848,40.829380999800726],[-96.757710999616194,40.828764000233463],[-96.75769999974554,40.828599000070326],[-96.757672999981352,40.828476999809283],[-96.757653999714805,40.828272000202318],[-96.757600000186429,40.82807000030126],[-96.757596999813387,40.828029000178965],[-96.757620000277925,40.827781999701351],[-96.757614000430138,40.827699999754927],[-96.757527000391491,40.827210999685107],[-96.75752300019353,40.82712899971235],[-96.757538000262144,40.826881999960939],[-96.757515999622512,40.82675900003332],[-96.757518000170663,40.826717999780158],[-96.757571999699039,40.826432999839938],[-96.757589000315789,40.82610299973846],[-96.757606999859121,40.826023000269913],[-96.757657999912752,40.825904999705052],[-96.757989000348857,40.825295999851896],[-96.758043999702139,40.825225000135688],[-96.758138000311774,40.825123999699898],[-96.758279999703674,40.824999999977486],[-96.758615000337755,40.824730999804679],[-96.758733000338523,40.824644999731525],[-96.759042000135011,40.82447900025506],[-96.759318000319524,40.824347999727912],[-96.759459999711453,40.824286999793692],[-96.759560000168861,40.824257000117498],[-96.759823999759519,40.824209000063526],[-96.760228999815467,40.824092000296233],[-96.760345000166424,40.824025999709022],[-96.760392000022094,40.824006000074249],[-96.760494000129341,40.823983999857262],[-96.760710999864301,40.823959999735848],[-96.761083000308304,40.823900000074026],[-96.76113600001176,40.823897000225479],[-96.761190000438418,40.823899000124555],[-96.761622000258555,40.823937000234459],[-96.761783999741951,40.823946999723098],[-96.761890999872065,40.823941999978963],[-96.762265999790799,40.823889999898547],[-96.762372999920913,40.823891999797787],[-96.762640999709532,40.823928999962682],[-96.762798999893263,40.823956999889973],[-96.762953999703967,40.823996999862757],[-96.763058000359351,40.824018000127722],[-96.763219000017841,40.824033000021586],[-96.763491000004393,40.824037999758865],[-96.763543999707849,40.824029000231505],[-96.763595999586386,40.824015000284518],[-96.763648000363233,40.824015000284518],[-96.763701000066675,40.824021999918514],[-96.76406699976458,40.82410199976151],[-96.764219999925459,40.824145000164094],[-96.764429000162821,40.824190999694437],[-96.764476999843424,40.824208000118674],[-96.764604999889926,40.824284999906318],[-96.764953000044486,40.824481000136586],[-96.764989999854393,40.82451099971145],[-96.765112000053136,40.824648000226013],[-96.765507000063351,40.824987000168591],[-96.765641999782545,40.825115000319862],[-96.765760999608247,40.825253000195588],[-96.765856000042788,40.825352999827601],[-96.766180999732811,40.825630000264056],[-96.766242999657081,40.8256969998572],[-96.766292999885806,40.825771000191594],[-96.766379999924439,40.825876000000719],[-96.76643000015315,40.825948000298148],[-96.766442999673615,40.825986999831777],[-96.766456000092418,40.826069999773956],[-96.766523999864489,40.82622600020305],[-96.766755999668078,40.826643999822778],[-96.766876000216982,40.826828000335809],[-96.766907000179117,40.826907000288607],[-96.766926000445693,40.826987999953175],[-96.76693200029348,40.827070000100271],[-96.76693499976821,40.827564000001587],[-96.766959000057668,40.82805800030124],[-96.766959000057668,40.828139999804975],[-96.766940999615997,40.828262999890029],[-96.766933000118399,40.828385999746992],[-96.766983000347096,40.829209000047889],[-96.766981999623894,40.829332000189254],[-96.766944999813958,40.82957799978746],[-96.766943999989053,40.829700999924071],[-96.766955999684612,40.829824999692654],[-96.766979000149149,40.829905000012289],[-96.766983000347096,40.829946000334104],[-96.766962000430709,40.830068999788089],[-96.766964000080534,40.830110000008496],[-96.766989000194897,40.830231999983909],[-96.766988000369977,40.830314000197845],[-96.766962000430709,40.830478000321435],[-96.766949999836839,40.830601000147958],[-96.76694900001192,40.831095000252866],[-96.766916000399945,40.831630000036021],[-96.766924999722477,40.832041999936472],[-96.766914999676743,40.832165000260147],[-96.7668410000569,40.832447999712883],[-96.766825000163351,40.832570999963018],[-96.766825000163351,40.832694999801916],[-96.76683799968383,40.832775999872858],[-96.766888999737461,40.832893999765638],[-96.766904999630981,40.832975000273208],[-96.766919999699596,40.833181000102805],[-96.76693200029348,40.833633000158599],[-96.766923999897557,40.834004000020386],[-96.766891000285597,40.83429100031023],[-96.766917000224879,40.834412000277986],[-96.766921000422826,40.834536000071999],[-96.766897999958303,40.834864999881425],[-96.766897999958303,40.835030000084188],[-96.766889999562366,40.835276000291266],[-96.766844000429927,40.835687000192046],[-96.766846999904672,40.835974999760111],[-96.766825999988271,40.83626300011597],[-96.766836000034004,40.836550999900354],[-96.766821999790309,40.836838999792768],[-96.766826999813162,40.83700300008806],[-96.76688600026273,40.837288000133327],[-96.766893999760342,40.837369999776293],[-96.766885000437824,40.837451999997469],[-96.766887999912541,40.837492999730202],[-96.766918000049785,40.837656999766779],[-96.766923000072651,40.837739000312531],[-96.76688700008765,40.837984000244901],[-96.766882000064768,40.838149000160669],[-96.766917000224879,40.838724999761098],[-96.766906000354211,40.839012999723302],[-96.766944999813958,40.839381999948735],[-96.767012999586029,40.839486000237947],[-96.767369999961403,40.839870999966919],[-96.768307000294911,40.840762999818004],[-96.768310999594547,40.838699999811567],[-96.768968000443905,40.839198000291987],[-96.770591000142446,40.840461999810564],[-96.777680000409859,40.840463999889607],[-96.777827999649531,40.840465000268942],[-96.777836999870374,40.835703999708066],[-96.778012999597465,40.835661000004244],[-96.780858000034883,40.835529999817958],[-96.784500000165423,40.835520999811244],[-96.784610999595174,40.835520999811244],[-96.787230000076789,40.835513000257329],[-96.787473999575951,40.835511999803259],[-96.789257999831293,40.835508000025875],[-96.789368000334463,40.835508000025875],[-96.79184899982549,40.835504000248257],[-96.79195799960543,40.835502000019538],[-96.795382000176076,40.835493999783665],[-96.795377999978115,40.835906000140412],[-96.796183999892065,40.835906999908872],[-96.796188000090027,40.835475999759183],[-96.797018000293434,40.835495000238012],[-96.800128000146387,40.835510000254452],[-96.800891000402643,40.836618000012955],[-96.80124000038208,40.83713700001158],[-96.801977999625663,40.838203000080981],[-96.802228999695828,40.838567000057374],[-96.802285999597245,40.838651000290852],[-96.804150000218527,40.841379999857125],[-96.802622000056232,40.841379000171258],[-96.797753000062258,40.841379000171258],[-96.797343999808348,40.841377999805715],[-96.797332000112775,40.842761999897661],[-96.797428000372236,40.842763000242265],[-96.797744999666349,40.84276500025193],[-96.798944999765595,40.842769999935932],[-96.80031399991924,40.842777000308459],[-96.805356999990465,40.842800999735424],[-96.805688000426571,40.842802999743895],[-96.805710999992797,40.841381000222647],[-96.805869000176543,40.841381000222647],[-96.80587699967414,40.840818999715964],[-96.805720000213626,40.840847999680953],[-96.805791000358738,40.836545999747194],[-96.805900999963598,40.828295000239507],[-96.806162999904416,40.828296000122741],[-96.808127999909715,40.828296000122741],[-96.815387999881338,40.828297999889159],[-96.815575000377407,40.828297999889159],[-96.815571000179446,40.828545999683605],[-96.815592000095847,40.828914999714016],[-96.815643999974384,40.829213000205279],[-96.815756000127379,40.832077999806188],[-96.814628999823057,40.832895000259214],[-96.818229999945714,40.836589000236238],[-96.820703999764049,40.836612000107081],[-96.833652000062372,40.836642000310711],[-96.834753000427412,40.836654000116482],[-96.853755999676935,40.836829999963754],[-96.862312000007265,40.836923000177073],[-96.863815000055212,40.83644699976383],[-96.870834000002404,40.834196000214504],[-96.871188000004722,40.834562000021336],[-96.875272999826052,40.835702000165],[-96.887688000021896,40.835717000134608],[-96.892059000073488,40.835732000100833],[-96.910600000263955,40.835744000071315],[-96.910601999913766,40.835017999984402],[-96.910605000286807,40.834101999778277],[-96.910605000286807,40.834086000327076],[-96.910605000286807,40.833987999865812],[-96.910616000157475,40.829740999830868],[-96.910616000157475,40.829415000023083],[-96.911449999660519,40.829430999921783],[-96.911441000337987,40.828446000108293],[-96.911997000006693,40.828451000192622],[-96.91209699956579,40.828448999751117],[-96.912645999561803,40.828442999785651],[-96.913269999900862,40.828440000142606],[-96.914011000415798,40.828429999971924],[-96.91570600008437,40.828437999700775],[-96.916183999935257,40.828437999700775],[-96.916177000262579,40.827649999688127],[-96.916311000156867,40.822949999781358],[-96.916372000256231,40.820864000301938],[-96.920399000351225,40.82094599986339]]]},"properties":{"AREALAND":42609904,"AREAWATER":1630212,"BASENAME":"68528","CENTLAT":"+40.8224510","CENTLON":"-096.8176827","FUNCSTAT":"S","GEOID":"68528","HU100":2910,"INTPTLAT":"+40.8249995","INTPTLON":"-096.8249975","LSADC":"Z5","MTFCC":"G6350","NAME":"ZCTA5 68528","OBJECTID":31562,"OID":"221704258328496","POP100":6929,"ZCTA5":"68528","ZCTA5CC":"B5"}},{"type":"Feature","id":31601,"geometry":{"type":"Polygon","coordinates":[[[-96.73985900006214,40.74120100032362],[-96.739804999635467,40.734825999816259],[-96.739803999810533,40.734752000197545],[-96.739796000312936,40.733777999678608],[-96.739787999917027,40.732909999667079],[-96.739736000038491,40.726726999769049],[-96.739735000213571,40.72664200009271],[-96.739735000213571,40.726570000329971],[-96.739734000388665,40.726421999665405],[-96.739658000220686,40.715667999756562],[-96.739642000327166,40.713302000083246],[-96.739633000106323,40.712043999751117],[-96.737121999579756,40.712051999885716],[-96.736489999743071,40.713524000117808],[-96.73614099976362,40.714274000225529],[-96.735559000155661,40.71507300028869],[-96.73498900024326,40.715689999777986],[-96.734113000009131,40.716401000115418],[-96.732877999749761,40.717666999968699],[-96.730070999845495,40.720167000265903],[-96.729905000164152,40.720312000098566],[-96.729700000124737,40.720490999799068],[-96.727650999555522,40.722634999737132],[-96.725926999574639,40.724570999925419],[-96.724822999734869,40.726219000200999],[-96.724787999574744,40.726271999916314],[-96.724638999611827,40.726548999873941],[-96.720634000156451,40.726520999709429],[-96.720513999607547,40.726377999901118],[-96.720489000391495,40.712088999729595],[-96.72049199986624,40.711981000274903],[-96.708297999603332,40.711964999987721],[-96.70805400010417,40.711964999987721],[-96.701410000075697,40.71195699984267],[-96.696383999722897,40.711991999874314],[-96.696248000178784,40.711986000278756],[-96.693759000291834,40.711993999739342],[-96.693483000107307,40.711998999742228],[-96.693499999825747,40.712073999740149],[-96.693444999574155,40.712093999725347],[-96.693351999687735,40.712128999684971],[-96.693113000211454,40.712229000149108],[-96.692979000317152,40.712300000176363],[-96.692900999601022,40.712354999934497],[-96.692872000187023,40.712387999903747],[-96.692850000445716,40.712427000093918],[-96.69281600011054,40.712507000255364],[-96.692806999889712,40.712546999959571],[-96.692806999889712,40.712670999979487],[-96.692809000437833,40.712737999850177],[-96.692813999562404,40.712836000240856],[-96.692830000354235,40.712917000170037],[-96.692872000187023,40.713025999725851],[-96.691991999754933,40.713570000026259],[-96.691991999754933,40.713639000169763],[-96.69199599995288,40.714294999788301],[-96.691564000132757,40.71369799981148],[-96.69060800043097,40.71240099996966],[-96.690296000261441,40.711966999853573],[-96.690256999903383,40.711913000049172],[-96.688445999883854,40.709400000332046],[-96.686490999924303,40.706772999964166],[-96.685991000332109,40.706041000204678],[-96.685182000045103,40.704917999837399],[-96.684990000424477,40.704640999757032],[-96.682504999837164,40.704635000180168],[-96.6825070003853,40.709349999696784],[-96.68250800021022,40.710076999708654],[-96.683266000443595,40.710072999863328],[-96.684346999818828,40.710067000094867],[-96.685372999840808,40.710061999946909],[-96.685444999810827,40.710976000051545],[-96.685411000373961,40.711859999795088],[-96.685408000000919,40.711938999683056],[-96.68413099990876,40.711933000082723],[-96.682960000121838,40.711928000074892],[-96.682509000035125,40.711876000107488],[-96.682509000035125,40.712139999940817],[-96.682509999860045,40.71544300007946],[-96.682510999684965,40.717298999988209],[-96.682510999684965,40.718504000021639],[-96.682510999684965,40.718798999980578],[-96.682510999684965,40.718949000231518],[-96.682512000408181,40.720339000004302],[-96.682514000058006,40.722717000110741],[-96.682514000058006,40.722850999989035],[-96.682515999707817,40.724623000189133],[-96.682519000080873,40.726402999956434],[-96.682520999730698,40.728602000017624],[-96.682521999555604,40.730330999704059],[-96.68252400010374,40.733692000212692],[-96.68252499992866,40.734673000154949],[-96.682525999753565,40.736748000009733],[-96.682526999578485,40.737781000006109],[-96.682528000301687,40.739568000072474],[-96.682528000301687,40.740803999668472],[-96.682528000301687,40.74163600023428],[-96.681528000219004,40.741634999726116],[-96.681272000125958,40.741634999726116],[-96.681271000301066,40.742979999896548],[-96.682353000399516,40.742980999703867],[-96.682525999753565,40.742980999703867],[-96.68252499992866,40.74390099984371],[-96.68252499992866,40.743995999895262],[-96.68252400010374,40.744981000133386],[-96.682520999730698,40.747748000029262],[-96.682519999905779,40.748185000134228],[-96.682519999905779,40.748788000098685],[-96.682519000080873,40.751015999806803],[-96.682519000080873,40.752100000280123],[-96.682519000080873,40.752893999785805],[-96.682538000347449,40.753198000010691],[-96.682551999692834,40.753757000077968],[-96.682565999936543,40.754295999981977],[-96.682565999936543,40.75475499996125],[-96.682565999936543,40.755380999678671],[-96.682565999936543,40.755430000138304],[-96.682565999936543,40.755482000100507],[-96.682566999761463,40.758446000119392],[-96.682555999890795,40.758605999942276],[-96.682519000080873,40.759534999724835],[-96.682519000080873,40.760428999736746],[-96.682519000080873,40.761136999749446],[-96.682519999905779,40.763938000009873],[-96.682519999905779,40.765675000234545],[-96.682519999905779,40.766435999850508],[-96.682519999905779,40.767053000015693],[-96.682545999845061,40.767259999868415],[-96.682759000280384,40.767945000055668],[-96.682772999625783,40.76799000033229],[-96.682798999565037,40.76806100005669],[-96.682832000075337,40.768152999960449],[-96.682914999915994,40.768411999841113],[-96.682976999840264,40.768655999911161],[-96.683023999695934,40.768940000269616],[-96.683042999962524,40.769188000136126],[-96.683032999916776,40.769455000101729],[-96.689548000073827,40.769855000037758],[-96.68958200040899,40.769554000053269],[-96.689628000439754,40.769310999970713],[-96.689681999968116,40.769097999814242],[-96.691882000150073,40.769420999768194],[-96.693658000009506,40.769690000330371],[-96.696269999920105,40.7700599998456],[-96.696845999680264,40.770142000271967],[-96.6977000001731,40.770279000103137],[-96.698264000237714,40.770391999885398],[-96.69863199958543,40.770474999976294],[-96.699308999627959,40.770655000169697],[-96.700131000333727,40.770911999687648],[-96.700748999926716,40.771150999782144],[-96.701076000164861,40.771298000193184],[-96.701485000418771,40.771484999931396],[-96.701542000320188,40.771511000100716],[-96.701540999596943,40.771374000088436],[-96.701558000213694,40.770171999921445],[-96.701491000266543,40.76767100001166],[-96.701650000275208,40.767684000163442],[-96.701889999576409,40.767703000328346],[-96.70232099957164,40.767732000283075],[-96.702862000070027,40.767749000203757],[-96.703456000271871,40.767780999802525],[-96.703996999871961,40.767803999717216],[-96.70432099973705,40.767826000190212],[-96.704749000257522,40.767874000207328],[-96.705121999628133,40.767924999847345],[-96.7060210003268,40.76807599967254],[-96.70644700029915,40.768139999900413],[-96.706603999759665,40.768169999773434],[-96.707100999877127,40.768333000320744],[-96.707187000090855,40.768365999744283],[-96.707247000365328,40.768389000136857],[-96.707312999589234,40.768399999937273],[-96.709053000361962,40.76617199973802],[-96.710882999749757,40.763674999676375],[-96.712288999713323,40.761811000241302],[-96.712504999623391,40.761431999853812],[-96.712612999578425,40.761229999925959],[-96.71270399981502,40.76100799981598],[-96.712775999785023,40.760823999830983],[-96.712747000371024,40.76037900001392],[-96.712796999701425,40.760120999676111],[-96.712824000363938,40.759734000013559],[-96.712807999572078,40.759347000139194],[-96.71259400021016,40.755697000258344],[-96.712586999639157,40.755603999825986],[-96.712815000143095,40.755605000124007],[-96.713155999726638,40.755605999741519],[-96.715739000223238,40.755608999954951],[-96.720749999609097,40.755615999998824],[-96.72184699977619,40.755630999701502],[-96.722097000021449,40.75563500021137],[-96.722004000135016,40.755243999757369],[-96.721915000446558,40.754793999822333],[-96.721844000301459,40.754340999973309],[-96.721788000224947,40.753849999691603],[-96.721615999797507,40.751703999710124],[-96.72146699983459,40.749854000031],[-96.721409000108281,40.749403999683452],[-96.721337000138249,40.748993000234954],[-96.721234000206081,40.748528999968997],[-96.72118399997737,40.748345999878779],[-96.721112999832272,40.748086000338652],[-96.720983999960822,40.747683999902115],[-96.720829999975052,40.74726599978959],[-96.72064900022508,40.746825999841526],[-96.72049199986624,40.746482999799312],[-96.720444000185665,40.746389000334084],[-96.720357000147033,40.746218000307337],[-96.720335000405726,40.746171999823126],[-96.720310000291363,40.746120000065943],[-96.720485000193534,40.746029999814311],[-96.720671999791293,40.745894999889025],[-96.723280000402241,40.74452200006035],[-96.725133000254573,40.743515000165729],[-96.72784899992223,40.742044999906987],[-96.728072000403316,40.741937999874381],[-96.728325000123291,40.741826999690517],[-96.728648999988394,40.741699000229545],[-96.728939000416631,40.741597999970587],[-96.729212000228117,40.741514000062899],[-96.730319000440929,40.741242000314607],[-96.730320000265849,40.741134999670869],[-96.730514000434596,40.741136000186557],[-96.731766000412378,40.741144000227827],[-96.735120999589427,40.741167999665116],[-96.73985900006214,40.74120100032362]]]},"properties":{"AREALAND":23615265,"AREAWATER":0,"BASENAME":"68512","CENTLAT":"+40.7374597","CENTLON":"-096.7056586","FUNCSTAT":"S","GEOID":"68512","HU100":5779,"INTPTLAT":"+40.7374597","INTPTLON":"-096.7056586","LSADC":"Z5","MTFCC":"G6350","NAME":"ZCTA5 68512","OBJECTID":31601,"OID":"221704258328401","POP100":13492,"ZCTA5":"68512","ZCTA5CC":"B5"}},{"type":"Feature","id":31980,"geometry":{"type":"Polygon","coordinates":[[[-96.91075699972447,40.799367999991667],[-96.91075599989955,40.797152999780458],[-96.91075599989955,40.796231000090337],[-96.910754000249725,40.793242000080141],[-96.910753000424819,40.790486000051608],[-96.907824000321824,40.791517999889685],[-96.906384000023053,40.792055000095779],[-96.90560499987329,40.79233099972015],[-96.904475999919171,40.79272099986504],[-96.903220999568319,40.793161000016177],[-96.90149199956457,40.793764999734677],[-96.900200000302135,40.794221999715234],[-96.898751999607441,40.794741000295133],[-96.897697999996382,40.795107999910002],[-96.896806999693624,40.795389999999841],[-96.896020000046249,40.795616000311618],[-96.895395999707176,40.795779000164288],[-96.894851999734058,40.795905000164204],[-96.894096999873724,40.796056000318551],[-96.893110000209816,40.796220000137708],[-96.891981000255683,40.796378000086165],[-96.889448999812714,40.796722000076485],[-96.886508999839052,40.797139999954965],[-96.884290000288843,40.797467000284819],[-96.881699000294631,40.797827999776523],[-96.880874000114119,40.797975000316264],[-96.879991000207269,40.798161000102496],[-96.879687000433663,40.79822899989427],[-96.877926999569439,40.798658000034663],[-96.877355000007228,40.798838000024027],[-96.876723999995477,40.799070000061008],[-96.876092999983712,40.799307000208309],[-96.875640000247188,40.799486999797828],[-96.874630999943619,40.799932999813436],[-96.874178000207095,40.800170000279579],[-96.873702999830968,40.800435000234856],[-96.872952999993501,40.800863999718622],[-96.872958000016382,40.800187999686507],[-96.872941000297928,40.799420999891673],[-96.872957000191462,40.792367999804334],[-96.872963000039235,40.789868000077888],[-96.87296700023721,40.787979999975725],[-96.87296700023721,40.787759999761619],[-96.872973999909902,40.784873999660505],[-96.870362999824223,40.784870000230413],[-96.868202999825229,40.784866000119891],[-96.863528000000017,40.784858999755897],[-96.863442999611209,40.784858999755897],[-96.861291999833071,40.784855000324903],[-96.857326999662348,40.784847999959709],[-96.85389700014224,40.784842999989905],[-96.853863999631955,40.779065000065216],[-96.853861000157224,40.778518000039121],[-96.853855000309437,40.777469000058346],[-96.841214999982682,40.777509000165594],[-96.834712000419543,40.777470999996254],[-96.834724000115088,40.778504000012916],[-96.834755000077223,40.781239999802779],[-96.834770999970772,40.782640000214506],[-96.834484999740496,40.782644999669941],[-96.834431000212135,40.782641000105627],[-96.834377999610368,40.782631999724657],[-96.834324999906926,40.782616999993849],[-96.834283999899043,40.782591000089653],[-96.834207999731063,40.782484000010626],[-96.834127000438528,40.782329000016368],[-96.834094999753162,40.782250000038154],[-96.834089999730281,40.782209000167391],[-96.834089999730281,40.782125999770841],[-96.834073999836775,40.78200199995225],[-96.834059999593066,40.781962999731071],[-96.83403600020192,40.781925999970994],[-96.834002999691663,40.781891999897482],[-96.833965000056807,40.781863000001124],[-96.833918000201152,40.781837999704997],[-96.833864999599385,40.781825000281913],[-96.833817999743729,40.781833000188804],[-96.833773000436196,40.781858999709506],[-96.833733000253218,40.78189000009268],[-96.833671000328948,40.781957000322897],[-96.833566999673565,40.782103000052402],[-96.833538000259551,40.782137000017862],[-96.833496000426749,40.782166999692826],[-96.833447999847863,40.782185999797427],[-96.833396999794246,40.782182000205474],[-96.83334499991571,40.782162000201403],[-96.833308999930694,40.782132999742728],[-96.833283999816331,40.782096000077352],[-96.833250000379479,40.782015999921434],[-96.833216000044288,40.781895000284791],[-96.833174000211486,40.781813999983221],[-96.833151999571854,40.781781999660538],[-96.8330910003708,40.781714000028956],[-96.833065000431532,40.781678000035775],[-96.833005000157073,40.781562999907869],[-96.832979000217819,40.781526999832849],[-96.832846000148422,40.781397000117458],[-96.832775000003309,40.781308999830813],[-96.832800000117658,40.781145999826691],[-96.832845000323516,40.780984999934915],[-96.832894999653917,40.780864999698387],[-96.832918000118454,40.780828999925248],[-96.832954999928361,40.780802000082581],[-96.83306100023357,40.780771999791092],[-96.833113000112121,40.780761999917644],[-96.833160999792696,40.780774000309734],[-96.833205000173621,40.780801000163777],[-96.833317000326616,40.780891000278174],[-96.833360999809244,40.780915000333458],[-96.833411000037941,40.780933000199163],[-96.833462999916492,40.780942000130182],[-96.83351800016807,40.780936999866327],[-96.833620000275317,40.780905999718541],[-96.833667999955878,40.780886000010483],[-96.833709999788681,40.780861999944783],[-96.833744999948792,40.780830999761989],[-96.833770000063154,40.780792000213651],[-96.833781999758713,40.780752000042696],[-96.833786999781594,40.780711999847583],[-96.833780000108888,40.780627999699639],[-96.833760000017421,40.780546999893659],[-96.833709999788681,40.78042900007511],[-96.833650000412561,40.780313999825431],[-96.833600000183836,40.780240999735177],[-96.833533000236685,40.780175999671123],[-96.833491000403896,40.780149000243263],[-96.833446000198037,40.780129000307326],[-96.833288000014306,40.780092000205812],[-96.833240000333717,40.780072000252659],[-96.833205000173621,40.780043000241875],[-96.833160999792696,40.779966000128404],[-96.833133000203603,40.77993099979993],[-96.83309499967045,40.779900999795238],[-96.833048999639701,40.779877999986539],[-96.83299799958607,40.779867000045634],[-96.832887000156319,40.779863000314045],[-96.832841000125555,40.779847000024802],[-96.832802999592417,40.779817999915778],[-96.832671000246251,40.779683999834113],[-96.832542000374801,40.779502999675344],[-96.832502000191838,40.779474000096386],[-96.832451999963126,40.779462000149628],[-96.832395999886629,40.779464000027531],[-96.832339999810131,40.779472000218789],[-96.832281000258916,40.779486000040983],[-96.832229000380366,40.779493000291048],[-96.83219300039535,40.779477999851416],[-96.832174000128788,40.779441000067521],[-96.832160999709998,40.779351000029131],[-96.832171999580638,40.779308999788086],[-96.832200000068042,40.77927499973547],[-96.83224199990083,40.77924799994139],[-96.832288999756514,40.77922599984916],[-96.832338999985225,40.779209000143901],[-96.832391999688667,40.779198000092215],[-96.832441000092473,40.77918200032299],[-96.83248200010037,40.779155999754437],[-96.832519999735197,40.779125000135942],[-96.832553000245454,40.779090999989151],[-96.832578000359817,40.779054999934786],[-96.832591999705201,40.779016000023937],[-96.832595999903162,40.778973000305015],[-96.832593000428432,40.778930999824972],[-96.832580999834548,40.778891999841328],[-96.832555999720185,40.77885399978291],[-96.832523999933159,40.778821000126285],[-96.8324789997273,40.778796999994668],[-96.832451000138207,40.778761999730534],[-96.832430000221819,40.778556000289697],[-96.832431000046725,40.778390999741937],[-96.832436999894512,40.77835100016577],[-96.83246299983378,40.778314999710382],[-96.832498999818796,40.778281999785989],[-96.832580000009642,40.778228000059862],[-96.832666000223369,40.778177000164845],[-96.832743000216254,40.778118999836508],[-96.832810000163406,40.778053999736755],[-96.832863999691767,40.777981999845046],[-96.832893000004091,40.777901000213681],[-96.832897000202053,40.777858999736097],[-96.83288799998121,40.777820999767016],[-96.832856000194155,40.777787000313303],[-96.832814000361367,40.777757999985198],[-96.83276300030775,40.777740999904275],[-96.832711000429228,40.777748000338278],[-96.832560999743066,40.777796999954361],[-96.832506000389799,40.777811000129574],[-96.832451999963126,40.777815999948487],[-96.832406999757282,40.777798999882393],[-96.832368000297535,40.777764999737158],[-96.832348000206068,40.777725999749215],[-96.832347000381148,40.777686999738371],[-96.832363000274654,40.777604999780394],[-96.832431000046725,40.777348000301721],[-96.832465000381916,40.77710300020383],[-96.832484999575087,40.777022000180956],[-96.832535999628703,40.776905000200323],[-96.83260599994891,40.776792999909524],[-96.8326539996295,40.776675000224934],[-96.832718999926811,40.776475000338472],[-96.832778000376365,40.776231999717261],[-96.832831999904712,40.775946999922056],[-96.832835000277754,40.775864999857127],[-96.832795999919711,40.77557799985324],[-96.832771999630253,40.775498000010437],[-96.832737000368468,40.775418000071248],[-96.832733000170521,40.775170000327982],[-96.832724999774598,40.775087999984294],[-96.832632999713098,40.77480900009769],[-96.832568000314083,40.774567000198076],[-96.832518999910278,40.774448999961024],[-96.832436999894512,40.774297000315407],[-96.832338999985225,40.774045999727591],[-96.832313000045943,40.773980999724309],[-96.832260000342501,40.773737000159883],[-96.83222699983223,40.773615999728456],[-96.832201999717867,40.773370000122867],[-96.832162000433215,40.773125000321052],[-96.832113999854329,40.772921999839781],[-96.831952000370919,40.772443999966633],[-96.83189899976918,40.772327000087195],[-96.831800999859865,40.772179999911749],[-96.831712000171422,40.772029999938944],[-96.831482999842564,40.77170300019872],[-96.831282999826016,40.7714589997519],[-96.831150999581538,40.771328000001084],[-96.831081000159642,40.771265000184762],[-96.830880000318189,40.771021000170443],[-96.830814000195971,40.770955999929029],[-96.83074700024882,40.770899000167425],[-96.830512999897081,40.770666999666375],[-96.830474000437334,40.770638999703607],[-96.83042900023149,40.770616000089824],[-96.830379999827699,40.770598000149889],[-96.830327999949148,40.770585999960467],[-96.8302740004208,40.770583999815301],[-96.830219000169194,40.770587000033032],[-96.830165999567456,40.770597000077487],[-96.830118999711786,40.770617000161934],[-96.830077999703889,40.770645000133975],[-96.829980999619522,40.770743999673215],[-96.82994100033487,40.770772999661489],[-96.829893999580889,40.770792000303842],[-96.829838000402702,40.77080100024812],[-96.82978399997603,40.77080100024812],[-96.829748999815934,40.770776999940388],[-96.829733999747305,40.77073400033116],[-96.829727000074627,40.770693000155774],[-96.829732000097479,40.770651999955035],[-96.829743999793052,40.77061199980124],[-96.829792000371953,40.770537999861361],[-96.829819000136126,40.770459000147156],[-96.829851999748087,40.7703379998689],[-96.829840000052528,40.770229000306749],[-96.825114999998618,40.770226000072853],[-96.819768999978677,40.770221999760786],[-96.818701999948829,40.770220999682728],[-96.818455999901531,40.770220999682728],[-96.817635999743885,40.770220000284937],[-96.816047000380507,40.770220000284937],[-96.815704000248857,40.770218000128757],[-96.81565099964709,40.770218000128757],[-96.811001999761146,40.770197999924257],[-96.808857999655686,40.770187999819704],[-96.808512000049276,40.770308000294357],[-96.807908999626605,40.770544999693705],[-96.807347999935047,40.770802999706426],[-96.80700800017641,40.770976999972113],[-96.806363999745869,40.771366999663094],[-96.805753999650506,40.771792999713561],[-96.805476999641073,40.772003999972767],[-96.805221000446338,40.772225000041672],[-96.80480499962141,40.77262500031032],[-96.804444999771306,40.772989000271636],[-96.804250999602544,40.773226000312711],[-96.804078000248509,40.773446999718473],[-96.803751999835271,40.773884000291972],[-96.803523000404709,40.774273999927004],[-96.803321999664959,40.774632000308273],[-96.80310099973201,40.77511700011739],[-96.802899999890556,40.775600999790193],[-96.802657000216314,40.776191000213451],[-96.802449999628777,40.776670000320152],[-96.801652999935669,40.778472000136233],[-96.800626999913689,40.780820999897429],[-96.80046799990501,40.781199999901553],[-96.800087000138518,40.78207400024813],[-96.799559999883812,40.783300999781666],[-96.798943000115756,40.784655999761135],[-96.796422000441765,40.790495999821189],[-96.796256999687003,40.795052999878308],[-96.796364999642051,40.79505499996683],[-96.796332999854982,40.799193000329154],[-96.796305000265903,40.804765000185412],[-96.796289000372369,40.80788600032902],[-96.796299000418102,40.808242000022268],[-96.796848000414116,40.808339999774482],[-96.797595999703418,40.808506999705656],[-96.798188000255436,40.808654999891914],[-96.799071000162286,40.808899999856038],[-96.80001299962035,40.809203000023011],[-96.800534999852161,40.809386999965355],[-96.800984000289048,40.809573999893928],[-96.801251000252748,40.80968599997329],[-96.80198299964853,40.809996999864133],[-96.802412999818841,40.810197000103869],[-96.803203999664177,40.810611000193958],[-96.803586999978833,40.81083200030303],[-96.804635999567012,40.811425000219252],[-96.805406000394271,40.811891000135653],[-96.805922999704904,40.812201999890064],[-96.808382000352935,40.813667000152016],[-96.809097000030306,40.813674000198148],[-96.811734999880159,40.813699000065469],[-96.813730999847621,40.813716999882509],[-96.815536999844255,40.813734999694667],[-96.815678000309575,40.813735999797366],[-96.815658000218079,40.810758000299266],[-96.815684999982267,40.810132000126067],[-96.820129999653702,40.810168999807409],[-96.821595000066822,40.810181000324427],[-96.825339000304595,40.810211000247619],[-96.825339000304595,40.810663999954961],[-96.825578999605796,40.810158000124822],[-96.826048000134165,40.809775000211168],[-96.826336000014251,40.809766000108539],[-96.826883000360425,40.809818999864547],[-96.827196000354874,40.809589000334377],[-96.827409999716792,40.809264999720639],[-96.827429999808302,40.808899999856038],[-96.827141000103282,40.808861999970837],[-96.826813000040246,40.808630999663634],[-96.826674999947954,40.808295000315596],[-96.826860999720807,40.808105999807182],[-96.827160000369858,40.807938000036593],[-96.827650999741223,40.807748999871293],[-96.827660999786957,40.807566999858125],[-96.827627000350105,40.807482999683664],[-96.827413000089862,40.807331999685537],[-96.827409999716792,40.807223000315375],[-96.827483000410055,40.806988999808993],[-96.827731000107164,40.806701999673997],[-96.827853000305907,40.806527000309231],[-96.834909000063021,40.806604000222606],[-96.834909999887927,40.807797999789578],[-96.834909999887927,40.809780999825705],[-96.834909999887927,40.810250999670856],[-96.844354999972907,40.810243999943502],[-96.844382999561986,40.81029400021378],[-96.844380000087256,40.81057100030786],[-96.844345999752065,40.813884999978988],[-96.845303000177068,40.813883999878492],[-96.845893000180951,40.813882999777974],[-96.846879000019953,40.813881999677506],[-96.848345000257964,40.813880000156288],[-96.848499000243763,40.813879000055714],[-96.848690000039483,40.813879000055714],[-96.853786999639055,40.813872000031211],[-96.854616000017543,40.813874000232552],[-96.857783999596833,40.813883999878492],[-96.858658000181165,40.813886000079471],[-96.859588999768576,40.813888999700886],[-96.860161000229112,40.813523000010733],[-96.860695000156497,40.813144999682486],[-96.860850999792092,40.813031999889304],[-96.861141000220329,40.812828999687127],[-96.861444999993935,40.81259800027231],[-96.86261099975799,40.8116100002539],[-96.862773999964631,40.811440000241255],[-96.86300400011838,40.811209000069958],[-96.863346000425153,40.810854000122823],[-96.863348000074964,40.813900000124733],[-96.867603999600533,40.813913000067025],[-96.872942999947767,40.813929000306274],[-96.872939999574712,40.805660999943846],[-96.873125000420941,40.805647999744714],[-96.873395999684291,40.805642999981281],[-96.873502999814406,40.805632000228371],[-96.873874000433489,40.805569999856296],[-96.873975999642425,40.805542999873516],[-96.874170999636107,40.805472000093154],[-96.874313999751237,40.805412000027985],[-96.87440099978987,40.805362000158908],[-96.874480000330891,40.805306000233578],[-96.874506000270159,40.805270999661303],[-96.874613000400288,40.805080999826707],[-96.874716000332441,40.804840000309596],[-96.874738999898668,40.804802999696804],[-96.874768000210992,40.804773000048563],[-96.874809000218875,40.804751999810748],[-96.874861999922317,40.804742999706782],[-96.875030999976715,40.8047330000432],[-96.875302000138376,40.804725000175218],[-96.875379000131261,40.804717999864955],[-96.875590999843382,40.804680999864082],[-96.875804000278691,40.804651999720384],[-96.876116000448249,40.804581999907455],[-96.876534999849582,40.804499999838434],[-96.876745999736769,40.804462999716073],[-96.877066000302236,40.804418999911277],[-96.877282000212304,40.804406000148781],[-96.87744200004586,40.804386000038512],[-96.877653999757968,40.804347000044103],[-96.877858999797382,40.804295999807636],[-96.878360999937726,40.804140000160935],[-96.878565000152207,40.804083999884469],[-96.87876400034385,40.804019000038593],[-96.879024999561437,40.803963999910067],[-96.879331999708114,40.803883000008732],[-96.879482000394233,40.803835999743605],[-96.879576000105587,40.803794000028283],[-96.879672000365048,40.803757999765473],[-96.87977699994704,40.803731999979028],[-96.879829999650468,40.803725000244029],[-96.879883000252235,40.803723999990396],[-96.880145000193053,40.803779999890622],[-96.880412999981672,40.803814999889241],[-96.8804659996851,40.803814000316954],[-96.880520000111787,40.803805000085781],[-96.880618000021087,40.803771000334827],[-96.880796000296314,40.803674000209526],[-96.880833999931141,40.803645000305792],[-96.880885999809678,40.803573999854848],[-96.880965000350713,40.803419000129274],[-96.880982999894059,40.803299000312499],[-96.88098799991694,40.803217000018229],[-96.880968999650364,40.803010000010602],[-96.880976000221366,40.802970000302629],[-96.881002000160635,40.802936000123871],[-96.881075999780492,40.802872999686649],[-96.881105000092802,40.802837999871223],[-96.881125000184284,40.80279900032712],[-96.881136999879857,40.802758999811971],[-96.881132999681881,40.802718999952724],[-96.881086999651131,40.802642999881748],[-96.881028999924808,40.802572999989863],[-96.880953999581735,40.802463000010611],[-96.880867000441413,40.802312999745119],[-96.880791000273433,40.802115000099633],[-96.880760000311298,40.801993999685465],[-96.880752999740295,40.801911000217984],[-96.880756999938257,40.801870999847623],[-96.880768999633815,40.801829999851037],[-96.880790000448528,40.801791999997469],[-96.880824999710313,40.801759999781723],[-96.880873000289199,40.80174299972461],[-96.881028999924808,40.801704999821233],[-96.881156999971338,40.801725000059392],[-96.881206000375144,40.80174299972461],[-96.881247000383013,40.801769000290207],[-96.881355000338061,40.801913000099823],[-96.881398999820661,40.801986999767159],[-96.88142999978281,40.802066000065231],[-96.88147599981356,40.802226999848003],[-96.881526000042271,40.802344999694192],[-96.881568999699979,40.802421000106449],[-96.881624999776477,40.802491999750863],[-96.881660999761493,40.8025230000219],[-96.881702999594282,40.802548000010589],[-96.881750000348262,40.802567999994785],[-96.881851999557199,40.802599000230323],[-96.881905000158966,40.802607999945032],[-96.882013999938906,40.802614000207484],[-96.882068000365578,40.802609999805924],[-96.882120000244115,40.802597999959723],[-96.88216799992469,40.802577999984564],[-96.882210999582398,40.802551000144618],[-96.882243000267749,40.802519000294808],[-96.882264000184151,40.802479999883317],[-96.882275000054804,40.80243999985592],[-96.882273000404993,40.802399000210812],[-96.882259000161298,40.802357999860384],[-96.882203999909706,40.802241999909285],[-96.882162999901823,40.802122000004431],[-96.882157999878942,40.8020810001629],[-96.882162999901823,40.802040000295982],[-96.882178999795343,40.802000000003424],[-96.882205999559531,40.80196499972763],[-96.882242000442844,40.801935000156583],[-96.882284000275646,40.801906999773998],[-96.882458000352912,40.801807999759525],[-96.882533999622595,40.801749999668694],[-96.882792000263763,40.801485000203357],[-96.882833000271646,40.801457999918739],[-96.882882999602046,40.801442000072313],[-96.882936000203813,40.801447000152265],[-96.883040999785791,40.801471000258658],[-96.883074000296062,40.801497999857972],[-96.883133999672211,40.801613000143895],[-96.883000999602814,40.801838000067974],[-96.882988000082335,40.801879000059607],[-96.883002000326044,40.801916999863423],[-96.883044999983753,40.801942000080381],[-96.883095000212464,40.801959000086526],[-96.883200999619362,40.80197600008831],[-96.883253000396209,40.801988000046983],[-96.883300000251879,40.802008999799348],[-96.883336000236881,40.802040000295982],[-96.883356000328376,40.802078000007626],[-96.88336600037411,40.802120000128838],[-96.883359999628027,40.802159999669072],[-96.883332000038919,40.80219600011872],[-96.883291000031036,40.802223000103126],[-96.883244000175367,40.802243999781147],[-96.883145000441189,40.802278000314395],[-96.883050000006634,40.802319000034238],[-96.883008999998736,40.802344999694192],[-96.882978999861521,40.802379000175698],[-96.88295799994512,40.802417999966586],[-96.882945000424641,40.802458000007242],[-96.882959999594945,40.802498000023789],[-96.882993000105216,40.802531999746911],[-96.883039000135966,40.802551999735925],[-96.883091999839422,40.802564999861524],[-96.883145000441189,40.802572999989863],[-96.883254000221129,40.802576000122755],[-96.883307999749491,40.802571000127855],[-96.883358999803107,40.802558000003444],[-96.883458000435624,40.802524000293637],[-96.883511999963986,40.802511999751871],[-96.883568999865375,40.80250699975219],[-96.883613000246314,40.802524000293637],[-96.883650999881141,40.802553000007173],[-96.883686000041251,40.802586999702129],[-96.883771000430059,40.802692999759316],[-96.88384000002705,40.80280600015984],[-96.883874000362226,40.802883000310487],[-96.883930000438724,40.80308500007807],[-96.883971000446621,40.803205000281814],[-96.884025999799888,40.803320999909801],[-96.884080000226561,40.803393000210043],[-96.884147000173712,40.803459000246662],[-96.884185999633445,40.803486999974503],[-96.884230000014369,40.80351200028003],[-96.884280000243095,40.803530999717189],[-96.884332000121631,40.803543000074704],[-96.884384999825073,40.803544999907373],[-96.88443900025176,40.803538999729092],[-96.884491999955202,40.803528000307452],[-96.884592000412638,40.803494999991706],[-96.884768000139729,40.803398000143019],[-96.884974999828955,40.803265000302275],[-96.885023000407841,40.803247999950642],[-96.885237999594693,40.803218999860768],[-96.885292999846286,40.803218999860768],[-96.885343999899902,40.803233000116776],[-96.885388000280827,40.803259000098691],[-96.885409000197228,40.803293999692109],[-96.885398000326575,40.803377000150071],[-96.885369000014251,40.803456999731353],[-96.885247999640441,40.803640999966326],[-96.885137000210662,40.803782999968909],[-96.885123999791873,40.803822000294737],[-96.885119999593911,40.803863999992345],[-96.885122999966967,40.803946999737533],[-96.885146000431504,40.804069000239544],[-96.88519300028716,40.804187000210781],[-96.885259000409405,40.804300999672542],[-96.885316000310823,40.804370000217936],[-96.885357000318692,40.804398000241385],[-96.885492999862805,40.804465000201056],[-96.885593000320256,40.804502000322302],[-96.885645000198778,40.804502999884228],[-96.885697999902234,40.804490999700292],[-96.88574499975789,40.804470000053229],[-96.885784000115962,40.804440999817317],[-96.885815999903002,40.804406999712157],[-96.885841999842285,40.804370999781845],[-96.885881000200328,40.804293999997547],[-96.885902999941635,40.804214000065194],[-96.885928000055998,40.803884999831148],[-96.885948999972399,40.803803000260942],[-96.885980999759454,40.803770000081897],[-96.886029000338354,40.803747999953423],[-96.886080000391971,40.803751000033152],[-96.886132000270493,40.803768999828925],[-96.886220000134045,40.803819000218226],[-96.886271000187676,40.803825999943314],[-96.886326000439254,40.803824999691187],[-96.886380999792536,40.803817999965993],[-96.886588000380087,40.803768999828925],[-96.886694999611876,40.80375200028638],[-96.886749000038577,40.803751000033152],[-96.88680000009218,40.803762000097827],[-96.887200000125276,40.803892000229268],[-96.887347000438368,40.803943000096254],[-96.887489999655187,40.804006000197802],[-96.887520999617323,40.804038000010607],[-96.887537000409154,40.804075999938263],[-96.887580000066862,40.804239000096914],[-96.887621999899665,40.804443000302918],[-96.887631000120493,40.804566000134116],[-96.88762299972457,40.804648999681369],[-96.887600000158344,40.804685000140864],[-96.887551999579458,40.804705000161029],[-96.887502000249057,40.804719999662218],[-96.887293999836601,40.804768999777146],[-96.887133000178125,40.804791999804721],[-96.887088999797186,40.804816000061528],[-96.887056000185211,40.804849999957113],[-96.887051000162359,40.804889999892019],[-96.887062000033012,40.80493299982912],[-96.887089999622091,40.804966999664813],[-96.887133000178125,40.804990999858326],[-96.887235000285372,40.805024999664269],[-96.887339999867351,40.805047000049406],[-96.887390000096062,40.805060999919803],[-96.887491000378404,40.805097999708771],[-96.887535999685937,40.805121000302314],[-96.887571999670939,40.805149000008925],[-96.887597999610207,40.805183999965607],[-96.887616999876798,40.805223000148082],[-96.887647000014013,40.80530500000382],[-96.887771999687487,40.80570599982898],[-96.887791999778969,40.805742999938317],[-96.887842000007694,40.805757999884889],[-96.887898000084178,40.805763000319622],[-96.887950999787634,40.805756000118855],[-96.887997999643289,40.805733999968744],[-96.888037000001361,40.80570599982898],[-96.888103000123593,40.805639999987037],[-96.888159000200091,40.805569000310442],[-96.888258999759202,40.805422999817353],[-96.888341999599874,40.805270999661303],[-96.888391999828599,40.805197000255646],[-96.888452000103044,40.805127000337571],[-96.88848899991298,40.805100000174605],[-96.888535999768635,40.805080000273485],[-96.888641000248938,40.805053000091355],[-96.888797999709453,40.805021000087962],[-96.889003999573788,40.804969000134555],[-96.889109999878997,40.804949999749141],[-96.889164000305669,40.804946999723555],[-96.889220000382153,40.804950999984307],[-96.889268999887662,40.804964999874947],[-96.88930800024572,40.804993000327343],[-96.889339000207855,40.805028999920253],[-96.889359000299336,40.805066999960481],[-96.889367999621854,40.805106999764597],[-96.889400000307205,40.805353999686773],[-96.889425000421568,40.805476999869462],[-96.889447999987794,40.805514000106484],[-96.889479999774849,40.805550000096758],[-96.889519999957827,40.805578000302397],[-96.889565999988562,40.805595000057146],[-96.889621000240169,40.805605000270873],[-96.889677000316652,40.805608999811938],[-96.889730000020108,40.805605999816187],[-96.88978000024882,40.805590000289733],[-96.889824999556353,40.805563999861086],[-96.88985999971645,40.805533999876864],[-96.889985000288235,40.805397000003218],[-96.890024999572873,40.80537100017893],[-96.890072000326867,40.805350000130289],[-96.890174000434115,40.805320000049335],[-96.890335000092605,40.805301999994278],[-96.890551999827565,40.805300000214508],[-96.890605000429332,40.805306000233578],[-96.890657000307868,40.805320000049335],[-96.890698000315766,40.805345999893646],[-96.890771000110689,40.805413999804379],[-96.890895999784163,40.805553000095081],[-96.890921999723432,40.805589000064202],[-96.890956999883528,40.805666999930338],[-96.890981999997877,40.805747000151094],[-96.891003999739198,40.805870000285367],[-96.891002999914278,40.805910999826146],[-96.890977999799929,40.80594700028103],[-96.89093199976918,40.805966999920884],[-96.890879999890629,40.805981999816815],[-96.89072400025502,40.806017000014158],[-96.890519000215619,40.806070000044635],[-96.890419999583102,40.806105000195515],[-96.890378999575219,40.806133000166938],[-96.890359000382048,40.806171000254984],[-96.890361000031859,40.806211000073667],[-96.890391000169103,40.806376000175682],[-96.890386999971142,40.806417000083819],[-96.89036600005474,40.806498000292216],[-96.890267000320534,40.806688999678784],[-96.890217000091823,40.806806999751281],[-96.890197999825261,40.806888999689612],[-96.890197999825261,40.806929999960758],[-96.890217999916729,40.806968999797185],[-96.890258000099692,40.806995999879703],[-96.890310999803148,40.807004999678128],[-96.890364000404915,40.80699899981267],[-96.890417999933277,40.806988000284512],[-96.890468999986908,40.806972999935994],[-96.890515999842563,40.806951999714379],[-96.890566000071274,40.806938999768136],[-96.890675999676134,40.80692899975547],[-96.890729000277901,40.806931999691415],[-96.890778999608301,40.806948999779344],[-96.890818999791279,40.806975999869998],[-96.890845999555452,40.807011999747154],[-96.890904000180072,40.807128999722956],[-96.890951999860647,40.807202999694134],[-96.890986000195838,40.807235000005313],[-96.89102899985356,40.807259000058536],[-96.891078000257352,40.807278999982941],[-96.891178999641383,40.807308999858286],[-96.891234999717881,40.807314000176156],[-96.891284999946592,40.80730400022],[-96.891325000129569,40.807273999662442],[-96.891350000243918,40.807237999927416],[-96.891382999855878,40.807158999666107],[-96.891448000153204,40.806873999998679],[-96.891480999765164,40.806793000249215],[-96.891509000252583,40.806760999724943],[-96.891555000283333,40.806738999907999],[-96.891611000359816,40.806728000336747],[-96.891663000238381,40.8067300000735],[-96.891715999941809,40.806746000005084],[-96.891760000322734,40.806767999819698],[-96.891797000132669,40.806799000133303],[-96.891936000049824,40.806863999976223],[-96.89203599960895,40.806894000039172],[-96.892079999989875,40.8069010001199],[-96.892095000058504,40.813881999677506],[-96.896775999731489,40.813869999829848],[-96.898038999579924,40.813866000106749],[-96.899327000441033,40.8138629998044],[-96.901653999946276,40.813856999879135],[-96.902226000406799,40.813854999677282],[-96.902531999830231,40.813854000256214],[-96.904521000125001,40.813848999751279],[-96.90702199970751,40.813908000246428],[-96.908554999892687,40.8139099997668],[-96.910689999777318,40.813922999707088],[-96.910689999777318,40.813833000172643],[-96.910714000066747,40.808533999842354],[-96.910725999762334,40.806083000161102],[-96.910728000310471,40.805517000106434],[-96.910740999830949,40.802855000327874],[-96.910751999701588,40.800406000275956],[-96.91075699972447,40.799367999991667]]]},"properties":{"AREALAND":29235999,"AREAWATER":0,"BASENAME":"68532","CENTLAT":"+40.7954213","CENTLON":"-096.8433442","FUNCSTAT":"S","GEOID":"68532","HU100":250,"INTPTLAT":"+40.7954213","INTPTLON":"-096.8433442","LSADC":"Z5","MTFCC":"G6350","NAME":"ZCTA5 68532","OBJECTID":31980,"OID":"221704258328498","POP100":683,"ZCTA5":"68532","ZCTA5CC":"B5"}}]}